sequence_id,label,frame_number,timestamp_ms,pelvis_x,pelvis_y,shoulder_x,shoulder_y,trunk_angle_deg,ankle_gap,left_stride_extent,right_stride_extent,core_visibility_min,core_visibility_mean,pelvis_x_smooth,pelvis_y_smooth,trunk_angle_deg_smooth,left_stride_extent_smooth,right_stride_extent_smooth
adl-01-cam0-rgb,adl,15,462,0.728228747844696,0.5112988352775574,0.7321620285511017,0.3686087876558304,1.5789701843608814,0.06844019889831543,0.02208632230758667,0.04635387659072876,0.8124359846115112,0.9419158697128296,0.730588994423548,0.5154946328112571,1.6451625718430654,0.022740398573152923,0.04603450460867448
adl-01-cam0-rgb,adl,17,528,0.725318193435669,0.5121305286884308,0.7261999547481537,0.3708938807249069,0.3577013905421141,0.05632275342941284,0.022629737854003906,0.033693015575408936,0.7878051996231079,0.9320405622323354,0.7227804054816561,0.5096736702052028,0.65038038857423,0.026233650427876083,0.03516714563875488
adl-01-cam0-rgb,adl,19,594,0.7171868979930878,0.5115671753883362,0.7185109257698059,0.37227772176265717,0.544613514312707,0.05849051475524902,0.030697494745254517,0.027793020009994507,0.7766667604446411,0.9265458385149637,0.7155161900179725,0.5047050311193837,-0.13524819537285615,0.027909191810723495,0.025973447550942892
adl-01-cam0-rgb,adl,21,660,0.7080119848251343,0.49932345747947693,0.7070507407188416,0.3693014085292816,-0.4235760585458399,0.05283081531524658,0.03482937812805176,0.018001437187194824,0.792329728603363,0.9314180811246237,0.7087963480324971,0.5005887155537996,-0.7117231799981933,0.02776702272169517,0.018453410345238532
adl-01-cam0-rgb,adl,23,726,0.7023046612739563,0.49429240822792053,0.6982275545597076,0.3655268996953964,-1.8135523367224784,0.03530949354171753,0.02245354652404785,0.012855947017669678,0.8021275997161865,0.9341503282388052,0.7026208795252291,0.49732472350845014,-1.0790445653017808,0.025807143160791066,0.012607034021641768
adl-01-cam0-rgb,adl,25,792,0.6965064406394958,0.493146076798439,0.6929544806480408,0.36294037103652954,-1.562618587282431,0.03201335668563843,0.02453702688217163,0.007476329803466797,0.8039074540138245,0.9350074032942454,0.6960859530931933,0.493689010669658,-1.1948874237114677,0.02059042169934224,0.008950656626647673
adl-01-cam0-rgb,adl,27,858,0.6908267736434937,0.4924572557210922,0.6888225972652435,0.36237889528274536,-0.8827122530546041,0.01713782548904419,0.010581612586975098,0.006556212902069092,0.7750627994537354,0.9256360828876495,0.691084332022315,0.49190907670563877,-1.231723897698806,0.013383253828271623,0.006224788370586569
adl-01-cam0-rgb,adl,29,924,0.6872432231903076,0.49339158833026886,0.6859554946422577,0.36175602674484253,-0.5604796806739542,0.00018423795700073242,0.005036890506744385,0.004852652549743652,0.7668122053146362,0.9237402180830637,0.6873375507660232,0.49273475507895076,-0.9003504807171855,0.00760547113625001,0.004694879571080718
adl-01-cam0-rgb,adl,31,990,0.684292197227478,0.4938848912715912,0.6827443540096283,0.3625330626964569,-0.675139280999969,0.010971605777740479,0.004880964756011963,0.006090641021728516,0.7283806204795837,0.9180675148963928,0.6844085533639559,0.4938427925238871,-0.45875541068064307,0.005003620148737186,0.003982588713303268
adl-01-cam0-rgb,adl,33,1056,0.6824333667755127,0.49406731128692627,0.6813874840736389,0.36148014664649963,-0.4519549230883078,0.001287221908569336,0.0025168657302856445,0.0038040876388549805,0.7189591526985168,0.9173834721247355,0.6827725485547786,0.49458137006212555,-0.33234077916437943,0.0018203329472314725,0.004311272463241175
adl-01-cam0-rgb,adl,35,1122,0.6820651590824127,0.49526143074035645,0.68173548579216,0.360907718539238,-0.14059046028867478,5.59687614440918e-05,0.0035248100757598877,0.0035807788372039795,0.6934608221054077,0.9138800303141276,0.6820823271553227,0.49517566765541565,-0.36081928844036115,0.0015975353005644546,0.004936662845281289
adl-01-cam0-rgb,adl,37,1188,0.6819227933883667,0.4961968809366226,0.6811911463737488,0.3551788330078125,-0.29726627553297225,0.005431711673736572,0.002984464168548584,0.008416175842285156,0.694197952747345,0.9117162227630615,0.6818612752022672,0.49523209803032076,-0.44908150673503355,0.002317233519120647,0.008001311774893747
adl-01-cam0-rgb,adl,39,1254,0.6823712587356567,0.49409493803977966,0.6803804636001587,0.3479997217655182,-0.7807038639791952,0.01193934679031372,0.00018906593322753906,0.01212841272354126,0.7005215883255005,0.9119751354058584,0.6819711859092041,0.4943702308646521,-0.5899915237993463,0.004288012847239831,0.013672457886980707
adl-01-cam0-rgb,adl,41,1320,0.6820009052753448,0.4935804605484009,0.6797908246517181,0.3447749614715576,-0.8509025763065454,0.011552631855010986,0.006202608346939087,0.017755240201950073,0.7146419286727905,0.9164412220319113,0.682135445472997,0.49287335600429727,-0.8357588059727357,0.007564978166060004,0.02050455566092484
adl-01-cam0-rgb,adl,43,1386,0.6818090379238129,0.4912538677453995,0.6789049208164215,0.3419693261384964,-1.114466818601196,0.01672804355621338,0.012803584337234497,0.029531627893447876,0.7345268726348877,0.9226566553115845,0.6818960484488176,0.4908427536745601,-1.0822487643705694,0.011150064664485634,0.026626837718022295
adl-01-cam0-rgb,adl,45,1452,0.6813953816890717,0.48815369606018066,0.6779448986053467,0.33801135420799255,-1.3165062041799995,0.019568920135498047,0.015391439199447632,0.03496035933494568,0.7496883869171143,0.9282106856505076,0.6812612542084275,0.4894109341231253,-1.268591747073052,0.012751842086965368,0.031234258310103263
adl-01-cam0-rgb,adl,47,1518,0.6805238127708435,0.48826964199543,0.6765789687633514,0.33667056262493134,-1.4905889873294864,0.017853736877441406,0.014369010925292969,0.032222747802734375,0.7653136849403381,0.9336457848548889,0.6802065262804806,0.4888282628544474,-1.5052569147864787,0.01284173879272492,0.03397164393813058
adl-01-cam0-rgb,adl,49,1584,0.678335964679718,0.4885729253292084,0.6737939715385437,0.33581455051898956,-1.7030842986824184,0.020920515060424805,0.011160314083099365,0.03208082914352417,0.7774178981781006,0.9381648103396097,0.6786929857937278,0.48909030177376417,-1.8678808733589904,0.00972663233806559,0.03360822693610083
adl-01-cam0-rgb,adl,51,1650,0.6764432191848755,0.4910215437412262,0.6704379022121429,0.33546407520771027,-2.210813402292095,0.029622375965118408,0.0017902851104736328,0.03141266107559204,0.7653811573982239,0.9378824432690939,0.6766093919029473,0.49033194090122717,-2.3342062948211986,0.005462335172669704,0.030293590707696317
adl-01-cam0-rgb,adl,53,1716,0.6739577949047089,0.4912804812192917,0.6660028994083405,0.3333296775817871,-2.883158288532221,0.023180723190307617,0.0034252703189849854,0.026605993509292603,0.7765929102897644,0.9418672621250153,0.6737436475433818,0.4920824531997946,-2.8245754905349623,0.0025136890091421262,0.02555064708639529
adl-01-cam0-rgb,adl,55,1782,0.6701977849006653,0.49298182129859924,0.6608136296272278,0.32917988300323486,-3.2788709366833895,0.01914280652999878,0.0007193088531494141,0.019862115383148193,0.7881356477737427,0.9457182884216309,0.6699942596805035,0.4926954036925255,-3.22970427456064,0.002661680633371524,0.019254166197467133
adl-01-cam0-rgb,adl,57,1848,0.665943443775177,0.49236713349819183,0.655073493719101,0.3211877942085266,-3.6334243144392415,0.01725935935974121,0.003672659397125244,0.013586699962615967,0.8039020299911499,0.9501631955305735,0.6653367991829322,0.49138330187632334,-3.4168141456650236,0.005772667658793454,0.012075490636742976
adl-01-cam0-rgb,adl,59,1914,0.6600066423416138,0.49025924503803253,0.6496118605136871,0.31380294263362885,-3.3713141641749043,0.01587313413619995,0.010376930236816406,0.005496203899383545,0.8060020804405212,0.9519957800706228,0.6600059723699239,0.4879303968055933,-3.321733042119914,0.010427716877553355,0.006827887905624512
adl-01-cam0-rgb,adl,61,1980,0.6539219915866852,0.4835963100194931,0.6448146104812622,0.3087500333786011,-2.9817240361679134,0.01653963327407837,0.01707884669303894,0.0005392134189605713,0.8166770935058594,0.9551922579606374,0.6545169085135182,0.48351587909898647,-3.0571425915446033,0.014100051287448746,0.0049225489298502555
adl-01-cam0-rgb,adl,63,2046,0.6480865776538849,0.4769960939884186,0.6407902240753174,0.3058848977088928,-2.441670545117546,0.012618720531463623,0.018047600984573364,0.005428880453109741,0.8295364379882812,0.9586426218350729,0.6487240063679673,0.47893882449313085,-2.5454363707089294,0.01656477766119554,0.006860200976912584
adl-01-cam0-rgb,adl,65,2112,0.6435512006282806,0.4736926704645157,0.6375643014907837,0.30346067249774933,-2.014208476397664,0.0020546913146972656,0.015496283769607544,0.013441592454910278,0.8444836139678955,0.9622897505760193,0.6432297959988242,0.4753188913389711,-2.013506214511144,0.0158865495677634,0.011059520564554042
adl-01-cam0-rgb,adl,67,2178,0.6383168697357178,0.47346238791942596,0.6334405541419983,0.3011574000120163,-1.6210659495488289,0.005426168441772461,0.013487279415130615,0.018913447856903076,0.8568978905677795,0.9651034971078237,0.6377242964841577,0.4734947646593112,-1.4145892128283784,0.012555781509969121,0.01730331752723427
adl-01-cam0-rgb,adl,69,2244,0.6314956247806549,0.47435541450977325,0.6297663450241089,0.3000030517578125,-0.5682583323623056,0.017279982566833496,0.007619768381118774,0.02489975094795227,0.8705246448516846,0.966564546028773,0.6322141062645676,0.4737195616418658,-0.777861762260792,0.007836689680685717,0.023879904767651543
adl-01-cam0-rgb,adl,71,2310,0.627144068479538,0.47467367351055145,0.6256037950515747,0.29839757084846497,-0.5006289536575664,0.03025418519973755,0.0033854544162750244,0.026868730783462524,0.8831706643104553,0.9679892957210541,0.6263239517872459,0.4750436077386263,-0.13344535448428144,0.004110621425496546,0.030051976313322612
adl-01-cam0-rgb,adl,73,2376,0.6198004186153412,0.47635380923748016,0.62137371301651,0.2967437207698822,0.5018694911199736,0.03518396615982056,0.001245945692062378,0.03393802046775818,0.8943566083908081,0.966671347618103,0.6203770175640708,0.47605708718815853,0.23045900193683286,0.0019442622279707987,0.035346866944135476
adl-01-cam0-rgb,adl,75,2442,0.6145181357860565,0.4766935855150223,0.6164984107017517,0.2934727817773819,0.6192363253194786,0.03972756862640381,0.0008643567562103271,0.03886321187019348,0.8944449424743652,0.9665128191312155,0.6141597733095085,0.476642923760207,0.45370760602050764,0.002531289925306904,0.0390861115672371
adl-01-cam0-rgb,adl,77,2508,0.6079281568527222,0.47643065452575684,0.6094560623168945,0.2870698869228363,0.46229552172595845,0.03676944971084595,0.00521320104598999,0.04198265075683594,0.8869712948799133,0.966829796632131,0.6083912621070804,0.4754279573242379,0.32551512665075527,0.005010525772581879,0.034428243384216725
adl-01-cam0-rgb,adl,79,2574,0.60295769572258,0.47380299866199493,0.6010339260101318,0.2779681980609894,-0.5628230509473043,0.025529861450195312,0.009503990411758423,0.035033851861953735,0.8803983330726624,0.967078814903895,0.6022003022107203,0.47319804570633545,0.04859757019868245,0.009358951797733047,0.027027894150127026
adl-01-cam0-rgb,adl,81,2640,0.5957947075366974,0.47163550555706024,0.5941683948040009,0.2684321999549866,-0.4585499532856796,0.005586981773376465,0.016705602407455444,0.02229258418083191,0.86341392993927,0.965459277232488,0.5969578768267767,0.47035483003178646,-0.8969247987027024,0.014252116669824094,0.02374989181369927
adl-01-cam0-rgb,adl,83,2706,0.5921135544776917,0.46488191187381744,0.5856740474700928,0.26112864166498184,-1.8101982067306779,0.019835174083709717,0.01786065101623535,0.0019745230674743652,0.8686953186988831,0.9674673775831858,0.5913837892668579,0.4678507617541715,-1.9636129909758124,0.019863415590096318,0.02544388110503486
adl-01-cam0-rgb,adl,85,2772,0.5852134823799133,0.46553637087345123,0.5743765830993652,0.2607133761048317,-3.028615949937391,0.054094135761260986,0.02607518434524536,0.028018951416015625,0.8770409226417542,0.9698552091916403,0.5860866785565488,0.46593546002974173,-3.105395488698727,0.025641950952026198,0.03131136594912702
adl-01-cam0-rgb,adl,87,2838,0.5821940004825592,0.4657600373029709,0.56243497133255,0.260624535381794,-5.501861609413493,0.08639770746231079,0.029719501733779907,0.056678205728530884,0.8729532957077026,0.9700598319371542,0.5804966386262465,0.4652434257201812,-4.573793787601925,0.032600007789991586,0.04067867426645182
adl-01-cam0-rgb,adl,89,2904,0.574245274066925,0.4662451893091202,0.5524875819683075,0.2608610913157463,-6.04716555472491,0.09408438205718994,0.03777801990509033,0.05630636215209961,0.8682461977005005,0.9700290461381277,0.5750037254967206,0.4656287337536413,-6.505157206502419,0.03883117527672733,0.04986891176277418
adl-01-cam0-rgb,adl,91,2970,0.5698071420192719,0.46626871824264526,0.5408768653869629,0.2619336098432541,-8.058518909690855,0.09435266256332397,0.04233017563819885,0.05202248692512512,0.8426018953323364,0.9662198424339294,0.5696723350198746,0.4666413726744707,-8.705774460326817,0.03804306266627781,0.05414891836447109
adl-01-cam0-rgb,adl,93,3036,0.5637122094631195,0.4677870124578476,0.5234365463256836,0.2688298970460892,-11.443957687917937,0.09121370315551758,0.044073134660720825,0.04714056849479675,0.8273005485534668,0.9640308817227682,0.5647602643801528,0.46663765073854624,-11.355745999389468,0.03384577118473131,0.04646046685449998
adl-01-cam0-rgb,adl,95,3102,0.5595898926258087,0.4686543792486191,0.511188805103302,0.27714188396930695,-14.183402938976718,0.07203459739685059,0.031889647245407104,0.04014495015144348,0.8353850245475769,0.9659505784511566,0.5595853399662736,0.46743627537638527,-14.1989641050083,0.029153105371442153,0.04228380812711008
adl-01-cam0-rgb,adl,97,3168,0.5563301742076874,0.4686931371688843,0.499959260225296,0.2886367440223694,-17.3839638074098,0.023518502712249756,0.01100262999534607,0.034521132707595825,0.7897377014160156,0.9580785830815634,0.5550199245219615,0.46922899395614404,-17.2394166102601,0.030470271647234454,0.04215300973359634
adl-01-cam0-rgb,adl,99,3234,0.5500387847423553,0.4720138758420944,0.4886508584022522,0.30526331067085266,-20.210792480367207,0.0038567781448364258,0.032203227281570435,0.03606000542640686,0.7248508334159851,0.9438232481479645,0.5501865058234237,0.4737009673149548,-19.878867251587003,0.036982227713514663,0.043403423193729224
adl-01-cam0-rgb,adl,101,3300,0.5448122620582581,0.48129282891750336,0.47715678811073303,0.3143472969532013,-22.060486904177843,0.01269426941871643,0.048171281814575195,0.060865551233291626,0.6734426021575928,0.9346576531728109,0.5455289839150061,0.48164063692092823,-21.95786169830079,0.0482878491475984,0.043892640572089595
adl-01-cam0-rgb,adl,103,3366,0.5404095947742462,0.4914452135562897,0.4682643711566925,0.32572561502456665,-23.525667177601015,0.03386145830154419,0.07653316855430603,0.04267171025276184,0.6718303561210632,0.9352894425392151,0.5405272874997284,0.49293741351598197,-23.664957370681364,0.06156908162744521,0.04259861857344055
adl-01-cam0-rgb,adl,105,3432,0.5357221066951752,0.5089544355869293,0.4591645896434784,0.3438805043697357,-24.880792760774273,0.03665834665298462,0.07332468032836914,0.03666633367538452,0.6706221103668213,0.9358888268470764,0.5352977576193864,0.5079732984304421,-24.815849493071262,0.07250805528132935,0.03793218718978744
adl-01-cam0-rgb,adl,107,3498,0.5308098793029785,0.5261789858341217,0.450869083404541,0.36031779646873474,-25.73286206550038,0.046319425106048584,0.07312440872192383,0.026804983615875244,0.6625407934188843,0.9352422753969828,0.5302104966723034,0.5255267805222301,-25.640853276757497,0.07375917483717837,0.029743682899516337
adl-01-cam0-rgb,adl,109,3564,0.5251723825931549,0.542689323425293,0.4438146650791168,0.37998589873313904,-26.566742921184233,0.04598882794380188,0.06632399559020996,0.02033516764640808,0.6422421932220459,0.9323868254820505,0.5252689565673012,0.5434773967508622,-26.648276598679878,0.07051001689134728,0.020575241996096297
adl-01-cam0-rgb,adl,111,3630,0.5197125971317291,0.5641529262065887,0.43757592141628265,0.40245234966278076,-26.928536787100594,0.05017611384391785,0.06544995307922363,0.015273839235305786,0.6410955190658569,0.9327365756034851,0.5206498785452407,0.5619410249061914,-27.39685427955366,0.06843489404622603,0.016256037096440558
adl-01-cam0-rgb,adl,113,3696,0.515364795923233,0.5827271342277527,0.43063098192214966,0.42298682034015656,-27.943592956750077,0.045068174600601196,0.0599861741065979,0.014917999505996704,0.5905178189277649,0.9236798286437988,0.5162044225317056,0.5813770286577602,-27.992074591710427,0.06437442382692767,0.014027272364793945
adl-01-cam0-rgb,adl,115,3762,0.5125662088394165,0.5994739234447479,0.42446064949035645,0.4429028183221817,-29.367291064187302,0.03999558091163635,0.05677512288093567,0.016779541969299316,0.5415474772453308,0.9151480893294016,0.5119325885266964,0.6017854080055696,-28.4339375351502,0.0583286062334522,0.013888947801156508
adl-01-cam0-rgb,adl,117,3828,0.5080594420433044,0.623553067445755,0.42341578006744385,0.4658770263195038,-28.22779568933394,0.041765689849853516,0.05534094572067261,0.013575255870819092,0.5086469054222107,0.908898651599884,0.5078343765302132,0.6231661629496192,-28.722443109872987,0.05029744126579966,0.015841063405528245
adl-02-cam0-rgb,adl,43,6214,0.7200968563556671,0.5018801540136337,0.715531200170517,0.37025050818920135,-1.9865433608052516,0.028811991214752197,0.019856125116348267,0.00895586609840393,0.5380175113677979,0.848250945409139,0.7206097079045842,0.5022889035217689,-2.321154833257063,0.023310160275661584,0.007765828118179789
adl-02-cam0-rgb,adl,45,6280,0.7143122255802155,0.5011674463748932,0.7089484632015228,0.3709557354450226,-2.3588300707974774,0.029425382614135742,0.024318426847457886,0.0051069557666778564,0.5468074679374695,0.8499833941459656,0.7134433625322397,0.5005795177636724,-2.4402587126865005,0.016932174473097826,0.005321404970053473
adl-02-cam0-rgb,adl,47,6346,0.7069710493087769,0.49950817227363586,0.6994358003139496,0.3687525987625122,-3.298222500693122,0.014347493648529053,0.011704444885253906,0.0026430487632751465,0.5465784668922424,0.8499035239219666,0.7071329570177828,0.4992254511295974,-2.471552703517277,0.011933069105272164,0.003680608798931173
adl-02-cam0-rgb,adl,49,6412,0.7018752694129944,0.4980674535036087,0.6957022249698639,0.3675183802843094,-2.707228275845009,0.0023807287216186523,0.0024681687355041504,8.744001388549805e-05,0.5270989537239075,0.8440113266309103,0.7016784913612133,0.49822670361954396,-2.4150368057493927,0.008312844172184596,0.002843439604812887
adl-02-cam0-rgb,adl,51,6478,0.6962823867797852,0.49708276987075806,0.6927830874919891,0.3673323839902878,-1.544862391705231,0.012335002422332764,0.0070375800132751465,0.005297422409057617,0.5177295804023743,0.8395018974939982,0.6970799655625305,0.4975832752335116,-2.270711019382846,0.006071499673835119,0.0028098973876986115
adl-02-cam0-rgb,adl,53,6544,0.6936936378479004,0.4972524493932724,0.6889176070690155,0.3674521744251251,-2.1072606443944464,0.0005390644073486328,0.0038017630577087402,0.0032626986503601074,0.5197300314903259,0.8402959704399109,0.6933052680451106,0.49734570086002283,-1.8903515626023113,0.005110442251354062,0.004529441718931316
adl-02-cam0-rgb,adl,55,6610,0.6907419860363007,0.49694372713565826,0.6870265305042267,0.36596184968948364,-1.624826696715562,0.0021424293518066406,0.007628589868545532,0.005486160516738892,0.5324459075927734,0.8477680881818136,0.6905345992866523,0.497569839869226,-1.4246329411661982,0.006286088651392874,0.006499417803504241
adl-02-cam0-rgb,adl,57,6676,0.6879673898220062,0.49900679290294647,0.6855983734130859,0.3661736994981766,-1.021735247052288,0.0008415579795837402,0.010695606470108032,0.009854048490524292,0.549284040927887,0.8559103012084961,0.6885399273979705,0.49803894106701785,-1.235627699902344,0.007813285955618974,0.0061273244552281945
adl-02-cam0-rgb,adl,59,6742,0.6874570846557617,0.4980000853538513,0.684697300195694,0.36082883179187775,-1.1525933284774335,0.00020503997802734375,0.008499205112457275,0.00870424509048462,0.5748795866966248,0.8643557627995809,0.6872348573816793,0.49821704871210626,-1.0982272262038528,0.008227045143837524,0.006905652227855855
adl-02-cam0-rgb,adl,61,6808,0.6856678426265717,0.49785539507865906,0.6836946308612823,0.3584192395210266,-0.8107593022617103,0.0022156834602355957,0.0057769715785980225,0.007992655038833618,0.5833297371864319,0.869848390420278,0.6859689014298566,0.4975455741990689,-0.8673413633385307,0.010289084859740668,0.010854560059386398
adl-02-cam0-rgb,adl,63,6874,0.6854776740074158,0.4971678853034973,0.6830241680145264,0.3561382442712784,-0.9966795476672363,0.005815565586090088,0.012211024761199951,0.006395459175109863,0.6125102639198303,0.8791250586509705,0.6849034936913154,0.496306841894661,-0.8550550508240194,0.01187730506385042,0.015235907587654123
adl-02-cam0-rgb,adl,65,6940,0.6838314533233643,0.4947938024997711,0.6817766726016998,0.3524342477321625,-0.8269349303392558,0.011656641960144043,0.013728201389312744,0.025384843349456787,0.6486820578575134,0.8903838793436686,0.6837674576740751,0.49472670747346104,-0.9711831716232794,0.01332819036075045,0.020413156840708317
adl-02-cam0-rgb,adl,67,7006,0.6819526851177216,0.4926041513681412,0.6790772676467896,0.349319189786911,-1.1496473400678686,0.013017594814300537,0.017233341932296753,0.03025093674659729,0.6807059049606323,0.8985930383205414,0.6821042176706957,0.4937903622399154,-1.123444879021795,0.014848194984130508,0.025726639992230863
adl-02-cam0-rgb,adl,69,7072,0.6802084445953369,0.49281443655490875,0.6765775382518768,0.3483182191848755,-1.4394275769050981,0.01345205307006836,0.014436841011047363,0.027888894081115723,0.7120012640953064,0.9077313939730326,0.6801586592352226,0.49357917433951254,-1.4531566793473811,0.013765104147262883,0.02857685682577484
adl-02-cam0-rgb,adl,71,7138,0.678061842918396,0.4939202666282654,0.6732053160667419,0.34731683135032654,-1.8973414338149401,0.017493844032287598,0.01072835922241211,0.028222203254699707,0.7396160960197449,0.9140593806902567,0.6778997416362093,0.49422065313760266,-1.9537122863172955,0.009431791124921842,0.027687611905011223
adl-02-cam0-rgb,adl,73,7204,0.6750541627407074,0.4953581243753433,0.668935626745224,0.34625688195228577,-2.3498778549635535,0.015072524547576904,0.007336407899856567,0.02240893244743347,0.7603673338890076,0.9208365976810455,0.675510826048912,0.49519507367631505,-2.5708773006041277,0.0065931830055269754,0.021746454558847238
adl-02-cam0-rgb,adl,75,7270,0.6723256707191467,0.49658769369125366,0.6642574667930603,0.3441121131181717,-3.0289657134331827,0.014484226703643799,0.00035649538040161133,0.01484072208404541,0.775206983089447,0.9269701441129049,0.67255703375969,0.49561750398569737,-2.9906356823614932,0.005839729205870517,0.014998983769189723
adl-02-cam0-rgb,adl,77,7336,0.669675886631012,0.4954819530248642,0.6595500111579895,0.3374970406293869,-3.667295944406974,0.01206064224243164,0.0027673840522766113,0.00929325819015503,0.769231915473938,0.9291027983029684,0.6689794949896914,0.49469569751194475,-3.2233705524681624,0.00678793756992785,0.009209127266169613
adl-02-cam0-rgb,adl,79,7402,0.6650436520576477,0.49235524237155914,0.6557118594646454,0.33262163400650024,-3.3434747908889966,0.01836252212524414,0.013833105564117432,0.004529416561126709,0.7049826979637146,0.9209739963213602,0.6646281027948692,0.49217713053350254,-3.2086578218350748,0.009189890963690609,0.005581164901906787
adl-02-cam0-rgb,adl,81,7468,0.6594808399677277,0.488848477602005,0.6519933044910431,0.3266114145517349,-2.642429361054123,0.014188885688781738,0.015524178743362427,0.0013352930545806885,0.698676586151123,0.922357976436615,0.6597032891465462,0.4885749067966033,-2.9613585150937074,0.011748892275285909,0.005872329463174326
adl-02-cam0-rgb,adl,83,7534,0.6541771590709686,0.4847491979598999,0.6474401652812958,0.3233513683080673,-2.390226446977034,0.002817809581756592,0.011100560426712036,0.008282750844955444,0.721003532409668,0.9284618397553762,0.6543044801398263,0.48470344165444823,-2.489247351946231,0.01194317335690253,0.008006383588303724
adl-02-cam0-rgb,adl,85,7600,0.6480186283588409,0.48085592687129974,0.6426479518413544,0.3208911865949631,-1.9229334749539309,0.002995908260345459,0.012166410684585571,0.01516231894493103,0.7453191876411438,0.9347125689188639,0.6484358166203346,0.48198974042227705,-1.7414228001689347,0.010548038400096795,0.011633168051253133
adl-02-cam0-rgb,adl,87,7666,0.6428703665733337,0.4798426330089569,0.6390983462333679,0.3184380978345871,-1.3387573846750536,0.01007014513015747,0.008361995220184326,0.018432140350341797,0.7679054141044617,0.9402774671713511,0.642824826818523,0.48075588518406853,-1.1757063245232442,0.009991525829612422,0.015775262277363675
adl-02-cam0-rgb,adl,89,7732,0.6372631788253784,0.48045608401298523,0.6357423961162567,0.31808438897132874,-0.5366199016508318,0.021994948387145996,0.0047029852867126465,0.01729196310043335,0.7900692224502563,0.9446613589922587,0.6370920077030784,0.481055528054505,-0.6680867395842738,0.012102762858072899,0.020814693077302052
adl-02-cam0-rgb,adl,91,7798,0.6306687295436859,0.4832501709461212,0.6319884955883026,0.3180064857006073,0.4575994320852321,0.04000842571258545,0.016859978437423706,0.023148447275161743,0.810825765132904,0.9496685365835825,0.6311654774915596,0.4825511032239692,-0.060735549164162975,0.01613492638001708,0.02623221665233757
adl-02-cam0-rgb,adl,93,7864,0.6254661083221436,0.48452672362327576,0.6254770457744598,0.3168899714946747,0.003738260539542672,0.0505409836769104,0.02345937490463257,0.027081608772277832,0.8296339511871338,0.9541451235612234,0.6242925817574249,0.48418500419560895,0.6156275150523944,0.017814083661867916,0.029141763717065082
adl-02-cam0-rgb,adl,95,7930,0.6178268790245056,0.48603440821170807,0.6203523576259613,0.31421858072280884,0.842115931098525,0.055546462535858154,0.021047532558441162,0.03449892997741699,0.8465304374694824,0.9583458006381989,0.6173797800685412,0.48547691158401945,1.0420375915308884,0.01815195375190666,0.026323801640308224
adl-02-cam0-rgb,adl,97,7996,0.6107737421989441,0.4859604388475418,0.615815669298172,0.307863250374794,1.6216090097330647,0.0491902232170105,0.017009317874908447,0.03218090534210205,0.8616845011711121,0.9617410699526469,0.6109783124356034,0.4857340304753474,1.2254284569851792,0.015693219580175534,0.02121617848222903
adl-02-cam0-rgb,adl,99,8062,0.6023893654346466,0.4845917820930481,0.6083395481109619,0.3004213571548462,1.8504698054229387,0.01743459701538086,0.005269438028335571,0.012165158987045288,0.8749226927757263,0.9634933968385061,0.6051074190315222,0.4849276498153605,1.3002074550692444,0.009707228832946698,0.016817048385545784
adl-02-cam0-rgb,adl,101,8128,0.6003981828689575,0.4845742732286453,0.6032648980617523,0.29355061054229736,0.8597801469696466,0.003798067569732666,0.00467526912689209,0.0008772015571594238,0.8866785168647766,0.9658198753992716,0.5996509230498103,0.4836622819110937,1.391910445636051,0.004773917652311774,0.0177938432404489
adl-02-cam0-rgb,adl,103,8194,0.5957264602184296,0.4817493408918381,0.5988301932811737,0.2892266511917114,0.9236075076836368,0.01650404930114746,0.0025120675563812256,0.019016116857528687,0.8974636197090149,0.9689657986164093,0.5946726409387786,0.4822445959497833,1.1946465658109422,0.003218267645154677,0.023732419911917123
adl-02-cam0-rgb,adl,105,8260,0.5898595750331879,0.48077492415905,0.593457967042923,0.2865016609430313,1.061129560339193,0.043066322803497314,0.0032966434955596924,0.03976967930793762,0.9073902368545532,0.9719723065694174,0.5896121447994587,0.4806936630954983,0.8821755794782141,0.004679630974154446,0.0336962970562311
adl-02-cam0-rgb,adl,107,8326,0.5839780569076538,0.4805256277322769,0.5867500305175781,0.28419138491153717,0.8088850662819331,0.06351786851882935,0.008516371250152588,0.05500149726867676,0.9160773754119873,0.9746560553709666,0.5840395314868903,0.4801788857101871,0.5352051402325742,0.008900496608767145,0.044638621600675304
adl-02-cam0-rgb,adl,109,8392,0.5770268738269806,0.4812273383140564,0.5781237781047821,0.28300662338733673,0.3170573981833319,0.06771326065063477,0.014592736959457397,0.05312052369117737,0.9239309430122375,0.9770823419094086,0.5769728168006575,0.4813722652661329,0.32991725373241876,0.01303953564528261,0.050247271726657744
adl-02-cam0-rgb,adl,111,8458,0.5702654123306274,0.48224054276943207,0.5695084929466248,0.2829410880804062,-0.2176025904793157,0.06177562475204468,0.01777869462966919,0.04399693012237549,0.9307958483695984,0.9792206784089407,0.5697562108824255,0.4844762448753622,-0.0429080036897689,0.016579739459149225,0.04724233413671511
adl-02-cam0-rgb,adl,113,8524,0.5626594722270966,0.4897656589746475,0.5604547560214996,0.28442612290382385,-0.6151571304539087,0.057232022285461426,0.020284444093704224,0.0369475781917572,0.9373383522033691,0.9811919927597046,0.5625527739782862,0.48866407605476636,-0.44571918439841995,0.01919172839684917,0.040144518469319136
adl-02-cam0-rgb,adl,115,8590,0.5552264451980591,0.4970356523990631,0.5536418557167053,0.2939300388097763,-0.44700117307463144,0.05351525545120239,0.021075963973999023,0.03243929147720337,0.9425283670425415,0.9828008711338043,0.5559532112115382,0.4952875517663494,-0.8280441520834707,0.02090428311587409,0.032559772461523695
adl-02-cam0-rgb,adl,117,8656,0.5498206615447998,0.5029907524585724,0.5466708540916443,0.3093026131391525,-0.9316769077305402,0.047015249729156494,0.0200231671333313,0.026992082595825195,0.9474526047706604,0.9842632015546163,0.5502982904642684,0.5034249688768793,-1.0077037081915972,0.022737272503056016,0.027108964336898897
adl-02-cam0-rgb,adl,119,8722,0.54520383477211,0.5120321214199066,0.5416298806667328,0.3208836019039154,-1.0711494389668863,0.048678576946258545,0.02524837851524353,0.023430198431015015,0.9515398740768433,0.9853488107522329,0.5455681050752657,0.5140716621241005,-0.840899214574168,0.0254737514180022,0.02310585756322519
adl-02-cam0-rgb,adl,121,8788,0.5424917936325073,0.5276060700416565,0.5394100248813629,0.33396512269973755,-0.9117773899862912,0.049356818199157715,0.02929246425628662,0.020064353942871094,0.9561132788658142,0.9865334033966064,0.5416016921852567,0.526536132801662,-0.27299840711742784,0.029152469459550162,0.01938457896699118
adl-02-cam0-rgb,adl,123,8854,0.5390532612800598,0.5396089851856232,0.539939820766449,0.3557598888874054,0.27629030630260093,0.049970269203186035,0.033562302589416504,0.01640796661376953,0.9599049687385559,0.9875156680742899,0.5388449248555411,0.5414196063171726,0.2820687548609067,0.032905282783301834,0.016699812241962955
adl-02-cam0-rgb,adl,125,8920,0.5360735952854156,0.5596458613872528,0.5406329482793808,0.3794858455657959,1.4496886832582725,0.05130070447921753,0.03697130084037781,0.014329403638839722,0.9634789824485779,0.988457202911377,0.5365940107927687,0.5583424842976896,0.8881131686103021,0.036343548204991666,0.015059029127096179
adl-02-cam0-rgb,adl,127,8986,0.5337744951248169,0.5764485895633698,0.5395309627056122,0.40798714756965637,1.9570829488616888,0.052968740463256836,0.039399147033691406,0.01356959342956543,0.9666949510574341,0.9891678392887115,0.5349384028932225,0.5757829450167611,1.3815197599474098,0.03823738864489959,0.014687048279361788
adl-02-cam0-rgb,adl,129,9052,0.5346165895462036,0.5940028429031372,0.537363737821579,0.4336188733577728,0.9812988912950376,0.05477416515350342,0.03872734308242798,0.01604682207107544,0.9671228528022766,0.9894240001837412,0.5332307585906149,0.5942683040579667,1.6748673192544181,0.039972724594595055,0.015124036894216144
adl-02-cam0-rgb,adl,131,9118,0.532191276550293,0.6119768917560577,0.5353405773639679,0.45935045182704926,1.1820759440970672,0.05668818950653076,0.040879249572753906,0.015808939933776855,0.9670568704605103,0.9898574153582255,0.5318352902606445,0.6137241955959427,1.4505100537333244,0.04140176865961638,0.01585602115243026
adl-02-cam0-rgb,adl,133,9184,0.5310642421245575,0.6297699511051178,0.5341423153877258,0.4805087000131607,1.1813890870159336,0.06001788377761841,0.04209229350090027,0.01792559027671814,0.9566366672515869,0.9882270097732544,0.5306448673273054,0.6313488746618287,0.8843942196060943,0.04282541450483968,0.016505172242333856
adl-02-cam0-rgb,adl,135,9250,0.5284873843193054,0.6506702601909637,0.5298536419868469,0.49782684445381165,0.5121497239606141,0.06172996759414673,0.045325279235839844,0.016404688358306885,0.9466050267219543,0.9866192638874054,0.5295377173723073,0.6472592538311358,-0.038394021943607054,0.04434694111089163,0.016736570503804567
adl-02-cam0-rgb,adl,137,9316,0.528563916683197,0.6626935303211212,0.5253403186798096,0.5173705369234085,-1.270743680357142,0.06164443492889404,0.04566723108291626,0.015977203845977783,0.9230231046676636,0.9822929004828135,0.5286645983462719,0.660706817329703,-1.1081833019980816,0.0455673495670417,0.01680630664804795
adl-02-cam0-rgb,adl,139,9382,0.5288151502609253,0.6694607734680176,0.5222474038600922,0.5272713005542755,-2.644618239692767,0.06294906139373779,0.04612910747528076,0.01681995391845703,0.8902795910835266,0.9767403900623322,0.5286806397365793,0.6709753587132399,-2.619054897161049,0.04582820529545534,0.016846493080064823
adl-02-cam0-rgb,adl,141,9448,0.529201090335846,0.6761480867862701,0.5182293057441711,0.5366823673248291,-4.498201224449245,0.06267285346984863,0.04562884569168091,0.017044007778167725,0.8304824829101562,0.966215709845225,0.5292725565629597,0.6773712884038032,-4.203510674188562,0.0452615662570639,0.016865249578054825
adl-02-cam0-rgb,adl,143,9514,0.5305189192295074,0.6818308234214783,0.5172976851463318,0.5416088104248047,-5.386372351250594,0.061871886253356934,0.04361870884895325,0.018253177404403687,0.78749680519104,0.9586749076843262,0.530523361323715,0.680200199286142,-5.6495953191622785,0.043919427570326436,0.0175776122968434
adl-02-cam0-rgb,adl,145,9580,0.5314013361930847,0.6825129091739655,0.5153026133775711,0.5476574301719666,-6.8076159050616525,0.05980461835861206,0.04274606704711914,0.01705855131149292,0.7343613505363464,0.9492909808953603,0.5316954700203678,0.6814255787954693,-6.6336886904479915,0.042623946806053,0.01821279409643889
adl-02-cam0-rgb,adl,147,9646,0.5330439805984497,0.6803958415985107,0.5158127695322037,0.5484435558319092,-7.439965357152505,0.059848010540008545,0.04111325740814209,0.018734753131866455,0.7078665494918823,0.9448012014230093,0.5325726055221632,0.6813108958465186,-7.2641545280839335,0.04167141091255908,0.018385012557496215
adl-02-cam0-rgb,adl,149,9712,0.5339370667934418,0.679167777299881,0.5162096172571182,0.5506370067596436,-7.852905330440082,0.06023639440536499,0.04082772135734558,0.01940867304801941,0.6879432201385498,0.94138636191686,0.5331470728952639,0.6802502648654944,-7.528072224478627,0.041436793484212975,0.018476556389878815
adl-02-cam0-rgb,adl,151,9778,0.5338826477527618,0.6778979599475861,0.5173549354076385,0.5503416359424591,-7.382788839151663,0.05988079309463501,0.04104343056678772,0.01883736252784729,0.6573890447616577,0.9364402492841085,0.5339163490188062,0.6784542529355903,-7.709528500590049,0.04119464896974104,0.01895043653843204
adl-02-cam0-rgb,adl,153,9844,0.5335112810134888,0.6772842705249786,0.516973152756691,0.5514875650405884,-7.489558315043925,0.06031453609466553,0.04212486743927002,0.018189668655395508,0.6246829032897949,0.9305533866087595,0.5348520720159845,0.6772847343316832,-7.715224431568982,0.04086668434597192,0.019596993407129698
adl-02-cam0-rgb,adl,155,9910,0.5351482331752777,0.6766711473464966,0.5184899866580963,0.5543792247772217,-7.7569211307973704,0.06135529279708862,0.04163023829460144,0.019725054502487183,0.5882927179336548,0.923815647761027,0.5359485411282734,0.6758119051074559,-7.920755337585164,0.04053607995891978,0.02002557131635159
adl-02-cam0-rgb,adl,157,9976,0.53795525431633,0.6729981303215027,0.5212816447019577,0.5570859909057617,-8.185673088627592,0.06061983108520508,0.03898301720619202,0.02163681387901306,0.5601623058319092,0.9193747937679291,0.5367649483990351,0.6727240313957255,-8.0353232830276,0.04044062879694483,0.020111788402904136
adl-02-cam0-rgb,adl,159,10042,0.537914365530014,0.6717036962509155,0.5221589505672455,0.5626558661460876,-8.22129972834345,0.060131609439849854,0.040011852979660034,0.02011975646018982,0.5746675729751587,0.9219206273555756,0.5371401162890637,0.6698356230795632,-8.129988503540154,0.040781439382792495,0.02005050889341343
adl-02-cam0-rgb,adl,161,10108,0.5377044677734375,0.6659439504146576,0.5220309793949127,0.5613756477832794,-8.524465276509048,0.060733675956726074,0.04096400737762451,0.019769668579101562,0.5718817710876465,0.9210728406906128,0.5369459555778662,0.6672059577522846,-8.161368478781682,0.04147384125432921,0.01939144020988825
adl-02-cam0-rgb,adl,163,10174,0.5351412892341614,0.6620958745479584,0.5221665054559708,0.5626032948493958,-7.429987126786948,0.06085395812988281,0.043573200702667236,0.017280757427215576,0.5669630765914917,0.9185387790203094,0.5350685981444975,0.6648905670746055,-7.762026390115134,0.04344934792745675,0.01674149330560261
adl-02-cam0-rgb,adl,165,10240,0.5344337224960327,0.6668176651000977,0.5209681987762451,0.5639646947383881,-7.458749137986605,0.06168842315673828,0.04450488090515137,0.017183542251586914,0.5569676160812378,0.9157667458057404,0.5357802994452512,0.6651155692029306,-7.568909170892714,0.04313363816056931,0.01756196828373582
adl-02-cam0-rgb,adl,167,10306,0.5344853103160858,0.6664212048053741,0.5211233198642731,0.5638758838176727,-7.42399867323307,0.06025618314743042,0.04434117674827576,0.015915006399154663,0.5422662496566772,0.911022424697876,0.5370965467903002,0.6667488831720305,-7.331359941400329,0.04220615057718185,0.01934203662913598
adl-02-cam0-rgb,adl,169,10372,0.5347312390804291,0.6678301393985748,0.5235075056552887,0.5629072487354279,-6.10578297004578,0.06012403964996338,0.044048458337783813,0.016075581312179565,0.5096777677536011,0.9036989808082581,0.5390173401796452,0.6697905089819061,-7.049378701637988,0.0406668851772944,0.02208169834180311
adl-02-cam0-rgb,adl,179,10702,0.5462398827075958,0.6757826507091522,0.5289588421583176,0.5430597364902496,-7.418400070607776,0.06638902425765991,0.03463396430015564,0.03175505995750427,0.5178726315498352,0.906777004400889,0.5415426796132862,0.6742404466325573,-6.722965451605691,0.03851584196090697,0.025780953421737206
adl-03-cam0-rgb,adl,5,11834,0.7220397889614105,0.5111485123634338,0.7289619147777557,0.3658580929040909,2.727701647084345,0.030968844890594482,0.01613214612007141,0.014836698770523071,0.6473146080970764,0.9126499791940054,0.7240915789748681,0.5098741660515465,2.4955462179566825,0.010033473824009735,0.020747285539453656
adl-03-cam0-rgb,adl,7,11900,0.7211095094680786,0.5075452327728271,0.7252486646175385,0.368361234664917,1.7034015987562459,0.035893261432647705,0.01015472412109375,0.025738537311553955,0.6123804450035095,0.8987244665622711,0.719894090656078,0.507084170480569,2.002008315680379,0.013058614098664476,0.02593343790733451
adl-03-cam0-rgb,adl,9,11966,0.717501699924469,0.5035151243209839,0.7202343642711639,0.3685887008905411,1.1602525855543286,0.04856514930725098,0.010828733444213867,0.03773641586303711,0.6380404829978943,0.9034343560536703,0.7155847113885919,0.5045495850699286,1.4784112100761837,0.01587487389514972,0.028839815953077157
adl-03-cam0-rgb,adl,11,12032,0.7120878994464874,0.49901339411735535,0.7148671448230743,0.3678142875432968,1.213538887993394,0.050407588481903076,0.013618439435958862,0.036789149045944214,0.6661942005157471,0.9080783029397329,0.7111634411724097,0.5022704098196255,0.9247549011440968,0.018482253213465465,0.0294664196766816
adl-03-cam0-rgb,adl,13,12098,0.7070625126361847,0.4994792342185974,0.7086451053619385,0.3673982471227646,0.6864844581755697,0.04393589496612549,0.01770910620689392,0.026226788759231567,0.6865007281303406,0.9088233908017477,0.7066302800075306,0.500246644729659,0.3410393888841167,0.020880752053611694,0.027813249078147813
adl-03-cam0-rgb,adl,15,12164,0.699485182762146,0.499963715672493,0.698674887418747,0.36505192518234253,-0.3441207393779334,0.04870837926864624,0.03203475475311279,0.016673624515533447,0.7103424072265625,0.9153119424978892,0.701125687463974,0.49904491916879357,-0.2537609276358472,0.026141818080629584,0.020752304689192636
adl-03-cam0-rgb,adl,17,12230,0.6960619390010834,0.49983659386634827,0.6934095621109009,0.3641851395368576,-1.120154884178544,0.04345637559890747,0.031736940145492554,0.011719435453414917,0.7259171009063721,0.9188402692476908,0.6961758655387076,0.49773496286177465,-0.9443348820720112,0.028462094920022104,0.012513906924755524
adl-03-cam0-rgb,adl,19,12296,0.6922455132007599,0.49764831364154816,0.6883101761341095,0.3612707853317261,-1.6528797315560946,0.03307151794433594,0.025378495454788208,0.0076930224895477295,0.7331145405769348,0.9185952345530192,0.6922396629145642,0.4963150809466574,-1.761097440701159,0.02778354106527382,0.006758734132304328
adl-03-cam0-rgb,adl,21,12362,0.6887217462062836,0.49173198640346527,0.6834195554256439,0.3541281223297119,-2.2066454223310057,0.028579354286193848,0.024067014455795288,0.00451233983039856,0.7550620436668396,0.9245979686578115,0.6885914944467081,0.49441237592851883,-2.2735257594393277,0.02208392238204094,0.004184582274713552
adl-03-cam0-rgb,adl,23,12428,0.6852925717830658,0.4917311370372772,0.6791211068630219,0.3508054167032242,-2.5075132633941846,0.01630401611328125,0.015121370553970337,0.001182645559310913,0.7590314745903015,0.9205544392267863,0.6850694461818372,0.4929100265363587,-2.3830895078584136,0.015153515648532203,0.003109462849505532
adl-03-cam0-rgb,adl,25,12494,0.6826601922512054,0.4923083633184433,0.6757785975933075,0.34855055809020996,-2.7406204282214617,0.012227296829223633,0.009632080793380737,0.0025952160358428955,0.7712486386299133,0.9240522086620331,0.6813700019797195,0.4917442633476085,-2.213055290563691,0.010554284373403097,0.002623025086018943
adl-03-cam0-rgb,adl,27,12560,0.6772403120994568,0.4923340231180191,0.6729081869125366,0.34681636095046997,-1.7052170594272968,0.005956768989562988,0.0013630986213684082,0.00459367036819458,0.7763616442680359,0.9261646072069804,0.6781347217239848,0.4913540183207682,-1.8763222900203467,0.008493113182323823,0.0030456718170281567
adl-03-cam0-rgb,adl,29,12626,0.6739529371261597,0.4917226880788803,0.6711265444755554,0.3460736572742462,-1.1117138668056814,0.006214499473571777,0.010220527648925781,0.004006028175354004,0.7553967833518982,0.9199307858943939,0.6754798938185611,0.4914375130103257,-1.4706952142685168,0.005794003412321009,0.0036709677605401853
adl-03-cam0-rgb,adl,31,12692,0.6731814742088318,0.4895239472389221,0.6707957983016968,0.3429897427558899,-0.9327316185709797,0.004026532173156738,0.008049845695495605,0.004023313522338867,0.7507826089859009,0.9201000034809113,0.6730133095086901,0.49018115018095215,-1.1002316958313803,0.004966598439526243,0.003709784188827906
adl-03-cam0-rgb,adl,33,12758,0.6714403033256531,0.4891125112771988,0.6689111292362213,0.3374220132827759,-0.955218532741584,0.0023758411407470703,0.007578551769256592,0.0052027106285095215,0.7381941080093384,0.9154044588406881,0.6707723798689894,0.48842055624697556,-0.864331501079374,0.005469440381764327,0.004374446290912045
adl-03-cam0-rgb,adl,35,12824,0.6690841615200043,0.4872744083404541,0.6666021943092346,0.3295190632343292,-0.9013609927597704,0.0050359368324279785,0.00020578503608703613,0.004830151796340942,0.7560088038444519,0.921172708272934,0.6685302176258772,0.4865979817393531,-0.7636682912534662,0.0064521954431162164,0.005752183013148114
adl-03-cam0-rgb,adl,37,12890,0.6646752953529358,0.4840487390756607,0.6628409326076508,0.3244909197092056,-0.6586741643893955,0.014309585094451904,0.007299184799194336,0.007010400295257568,0.7776967883110046,0.9281812012195587,0.6651506009814018,0.48518694679200314,-0.5104917755003437,0.006600473995332585,0.009030949372749814
adl-03-cam0-rgb,adl,39,12956,0.6610035598278046,0.4839305877685547,0.6597687005996704,0.3203156143426895,-0.4324230064171776,0.029730558395385742,0.012832492589950562,0.01689806580543518,0.7966514229774475,0.9344538847605387,0.6606343735606114,0.4843359441855246,-0.3021882355729213,0.009416917830834644,0.016151688960723522
adl-03-cam0-rgb,adl,41,13022,0.6549977958202362,0.4839959740638733,0.6553939878940582,0.3162977248430252,0.13536272190198817,0.03618127107620239,0.014725297689437866,0.021455973386764526,0.8135129809379578,0.9402076601982117,0.6549567191889782,0.48381124752940485,-0.049739389052684504,0.016226191412318812,0.025164069422395678
adl-03-cam0-rgb,adl,43,13088,0.6482003629207611,0.48483511805534363,0.648900181055069,0.31563442945480347,0.23697537649690445,0.05484652519226074,0.021909981966018677,0.032936543226242065,0.8165308237075806,0.9433842500050863,0.6488207827656807,0.4844495151595113,-0.1788125187255818,0.02526737459294204,0.034478700393206066
adl-03-cam0-rgb,adl,45,13154,0.641343355178833,0.48532581329345703,0.6397387087345123,0.31494462490081787,-0.539594491562474,0.07897400856018066,0.03260314464569092,0.046370863914489746,0.8281376957893372,0.9478288094202677,0.6409994820495695,0.48629144098593485,-0.3653280982390754,0.03448500855144479,0.04020166448700473
adl-03-cam0-rgb,adl,47,13220,0.6319653987884521,0.4866248220205307,0.6303639113903046,0.31484878063201904,-0.5341595352431707,0.0924149751663208,0.04891157150268555,0.043503403663635254,0.8319050669670105,0.9504746596018473,0.6319425015738507,0.48785267138119826,-0.7805266142143348,0.04385798808300127,0.04116570975357314
adl-03-cam0-rgb,adl,49,13286,0.6236216425895691,0.4894069731235504,0.618108868598938,0.3142109662294388,-1.8022927780427689,0.08927017450332642,0.05149143934249878,0.03777873516082764,0.8448094129562378,0.954680343468984,0.6217447818615727,0.4882232901595881,-1.1930837998878436,0.05443053715156779,0.035067954362728845
adl-03-cam0-rgb,adl,51,13352,0.6085629463195801,0.48990899324417114,0.6056124866008759,0.3102947622537613,-0.9410929520756262,0.08385831117630005,0.058972716331481934,0.024885594844818115,0.8567360043525696,0.9585497577985128,0.6105543887202349,0.487282559791684,-1.35470275495566,0.058046707988301305,0.025042537357900012
adl-03-cam0-rgb,adl,53,13418,0.5990112721920013,0.4852944016456604,0.5939033329486847,0.3040495216846466,-1.6143127160700093,0.07339596748352051,0.05792167782783508,0.015474289655685425,0.8699089288711548,0.9624870320161184,0.5985458686754292,0.48482587391679866,-1.1797918375164937,0.05613678177713824,0.015472569764950553
adl-03-cam0-rgb,adl,55,13484,0.5859129428863525,0.4797624349594116,0.5833847522735596,0.29828107357025146,-0.7981275945562052,0.05792492628097534,0.05703312158584595,0.0008918046951293945,0.8806418776512146,0.9656025667985281,0.5860512331450647,0.4815691352793658,-0.7984903257116867,0.043883603114586306,0.010735966168440768
adl-03-cam0-rgb,adl,57,13550,0.5740774273872375,0.47728076577186584,0.5733025372028351,0.29438361525535583,-0.24274665505166243,0.017166495323181152,0.029368221759796143,0.01220172643661499,0.8904987573623657,0.9652061859766642,0.5734935921507989,0.4778362713850931,-0.27520363999173125,0.03443974720967276,0.011242260148514904
adl-03-cam0-rgb,adl,59,13616,0.5614412426948547,0.4742995798587799,0.5622080564498901,0.29075293242931366,0.23936659614273584,0.004732966423034668,0.024678170680999756,0.019945204257965088,0.8874986171722412,0.9641477962334951,0.5618868177329299,0.475035437838339,0.02365111098717189,0.030536034148492815,0.017377061890317225
adl-03-cam0-rgb,adl,61,13682,0.5490006506443024,0.4743700623512268,0.5506806969642639,0.28750479221343994,0.515114284989718,0.0384640097618103,0.010153084993362427,0.028310924768447876,0.8694002628326416,0.9626297255357107,0.5504447457852294,0.4735820506300238,0.2810026352239523,0.03288228777579926,0.02797122938292363
adl-03-cam0-rgb,adl,63,13748,0.5387343168258667,0.47240304946899414,0.5391862392425537,0.2855484336614609,0.1385740274283174,0.08890283107757568,0.04951244592666626,0.039390385150909424,0.8771318197250366,0.9654625356197357,0.5391726055831613,0.47258184876018716,0.24959635104105307,0.039335647767240293,0.04217109813060589
adl-03-cam0-rgb,adl,65,13814,0.5280593633651733,0.4724034070968628,0.5285060256719589,0.2818962186574936,0.13433518368662045,0.1116291880607605,0.06104481220245361,0.050584375858306885,0.8863985538482666,0.9684031705061594,0.5261662155389777,0.4720469491951387,0.47313172402989273,0.04702174953826055,0.054222494299277516
adl-03-cam0-rgb,adl,67,13880,0.5159907042980194,0.4711318165063858,0.5154590755701065,0.2780121862888336,-0.1577260965108205,0.11629989743232727,0.053272366523742676,0.0630275309085846,0.8911367654800415,0.9704437057177225,0.5134622657840895,0.47140365032664555,0.11795023810257486,0.04934101567897954,0.06121680585594911
adl-03-cam0-rgb,adl,69,13946,0.4989776909351349,0.4700638949871063,0.4993312656879425,0.27486979961395264,0.10378551094249198,0.10929656028747559,0.04112127423286438,0.0681752860546112,0.8892149925231934,0.971247007449468,0.49977053779286157,0.4705204339254463,-0.31956637641642366,0.043608465558522644,0.05731459916670076
adl-03-cam0-rgb,adl,71,14012,0.4826733022928238,0.470989465713501,0.4832809567451477,0.26725049316883087,0.17088499000506052,0.08066460490226746,0.024219736456871033,0.05644486844539642,0.893366277217865,0.9729521075884501,0.48682031680495125,0.46938511748592504,-1.1406646206310693,0.026430705280014927,0.04398730345618666
adl-03-cam0-rgb,adl,73,14078,0.47616146504879,0.4678054004907608,0.46442198753356934,0.2585271745920181,-3.210646197159035,0.043970197439193726,0.017025604844093323,0.026944592595100403,0.8926296830177307,0.9737235109011332,0.4740145963120764,0.46826331852834396,-1.9431000283009652,0.013775447165811198,0.03088477557097674
adl-03-cam0-rgb,adl,75,14144,0.46145570278167725,0.4675353169441223,0.4518016278743744,0.2541104555130005,-2.589955752158446,0.003949791193008423,3.7550926208496094e-06,0.003946036100387573,0.8357803821563721,0.9639790157477061,0.4624558429826383,0.46754353593438147,-2.549883885336688,0.008111726863559697,0.023055689739974516
adl-03-cam0-rgb,adl,77,14210,0.45518118143081665,0.46588610112667084,0.4398631304502487,0.2480224445462227,-4.0218626338066725,0.015805751085281372,0.0029491186141967773,0.012856632471084595,0.7931715846061707,0.9573395351568857,0.4525690194848289,0.4673283024009681,-3.1469806807343597,0.008616769339615122,0.02638609481580326
adl-03-cam0-rgb,adl,79,14276,0.44057632982730865,0.4680459797382355,0.42982618510723114,0.24782979488372803,-2.7947507740663866,0.06552019715309143,0.018920257687568665,0.046599939465522766,0.7940559983253479,0.9582468370596567,0.4429790783367109,0.4675498612515331,-3.5321034129563094,0.014854020822099773,0.038981524445277735
adl-03-cam0-rgb,adl,81,14342,0.4330480396747589,0.4686713218688965,0.42053380608558655,0.24800536781549454,-3.2458363375402493,0.09176981449127197,0.027521520853042603,0.06424829363822937,0.7928348779678345,0.958695630232493,0.4328158112057353,0.4682745241370545,-3.687128210406536,0.02511375136189643,0.0548383283924746
adl-03-cam0-rgb,adl,83,14408,0.4243038445711136,0.47010834515094757,0.4065001755952835,0.25053471326828003,-4.635567517178751,0.11119544506072998,0.034751757979393005,0.07644368708133698,0.789027988910675,0.9586361447970072,0.42348531920672433,0.4687409095820919,-4.58478278540605,0.03813939628662995,0.0661693997197336
adl-03-cam0-rgb,adl,85,14474,0.41429977118968964,0.4705929458141327,0.39289170503616333,0.2522554397583008,-5.599970501171072,0.10871097445487976,0.04308633506298065,0.06562463939189911,0.7974349856376648,0.9605903724829356,0.41349569924207935,0.4698591631599312,-5.520694452423754,0.04109646534764915,0.0682711201957809
adl-03-cam0-rgb,adl,87,14540,0.40500736236572266,0.47103317081928253,0.3783629387617111,0.2586486041545868,-7.15060846669621,0.10347643494606018,0.04851660132408142,0.05495983362197876,0.8006397485733032,0.9616393446922302,0.4051629014603497,0.472081861648208,-7.046003227572815,0.0367865705644929,0.0609626037217837
adl-03-cam0-rgb,adl,89,14606,0.3958933651447296,0.47520260512828827,0.36373642086982727,0.2679493725299835,-8.81955886790279,0.09166088700294495,0.03990057110786438,0.051760315895080566,0.8177244663238525,0.9649381836255392,0.39690731872211743,0.47698051743693093,-8.646492679926642,0.03299616606204536,0.05211151807339153
adl-03-cam0-rgb,adl,91,14672,0.3889446556568146,0.4837428480386734,0.3543223887681961,0.2828504592180252,-9.778431904452615,0.06207704544067383,0.013468176126480103,0.048608869314193726,0.8260892033576965,0.9666613737742106,0.3899360936441457,0.484333745264387,-10.227524559099448,0.03321818317169746,0.044958596363728114
adl-03-cam0-rgb,adl,93,14738,0.3853423297405243,0.4953179806470871,0.3434021770954132,0.2993566542863846,-12.080342828097926,0.01038166880607605,0.026965230703353882,0.03734689950942993,0.7811281681060791,0.9582848648230234,0.3845341408794571,0.49554177125294935,-11.92181603582599,0.0377465603284505,0.04224099515578442
adl-03-cam0-rgb,adl,95,14804,0.3797755837440491,0.5085756182670593,0.3331098258495331,0.31935837864875793,-13.854117114424099,0.012966722249984741,0.05200672149658203,0.03903999924659729,0.7247512936592102,0.9468344648679098,0.37998808204353574,0.5080033237541901,-13.61214755766844,0.04632564953395292,0.04123736008421161
adl-03-cam0-rgb,adl,97,14870,0.37593676149845123,0.5210649073123932,0.32516157627105713,0.33307479321956635,-15.114646941944272,0.02645808458328247,0.06894643604755402,0.042488351464271545,0.6792863011360168,0.937627524137497,0.3761245992147556,0.5209945493188248,-15.463170854249952,0.057991284377131025,0.040322575411755227
adl-03-cam0-rgb,adl,99,14936,0.3723185807466507,0.5373105704784393,0.31581827998161316,0.3512939512729645,-16.895524990539062,0.029643893241882324,0.07100270688533783,0.041358813643455505,0.6465575098991394,0.9323045611381531,0.3716374269295559,0.5336537590145541,-17.129133949090555,0.06840502196576162,0.03946735280932796
adl-03-cam0-rgb,adl,101,15002,0.3667784184217453,0.544171541929245,0.30671754479408264,0.3641410320997238,-18.449470669621384,0.02836906909942627,0.06764896214008331,0.03927989304065704,0.6082460284233093,0.9261223574479421,0.3665866882770087,0.5462415369945164,-18.334733077219344,0.06969001927933124,0.03844483783750817
adl-03-cam0-rgb,adl,103,15068,0.36190952360630035,0.5591664016246796,0.2998560667037964,0.3857234865427017,-19.685915530537137,0.029039591550827026,0.06321956217288971,0.03417997062206268,0.5738325715065002,0.9206291437149048,0.36138727351442507,0.5599952391731783,-19.080884727345232,0.06566690798703717,0.03462040301783255
adl-03-cam0-rgb,adl,105,15134,0.3542608767747879,0.5729766190052032,0.29565073549747467,0.40239445865154266,-18.962153818377594,0.030746489763259888,0.05904914438724518,0.02830265462398529,0.5509898662567139,0.9171184996763865,0.35538783301780696,0.5745009020035392,-19.150049054641453,0.05997295187407233,0.02922267192627956
adl-03-cam0-rgb,adl,107,15200,0.34940460324287415,0.5899779498577118,0.29212647676467896,0.4193938076496124,-18.56083521128888,0.03268393874168396,0.05614027380943298,0.023456335067749023,0.5633327960968018,0.9198412398497263,0.34878002687708076,0.5888893203043826,-18.453952583530157,0.054966910641430694,0.023031306666729222
adl-03-cam0-rgb,adl,109,15266,0.3428933769464493,0.6085606813430786,0.29028329253196716,0.4368436187505722,-17.03383712526572,0.03395947813987732,0.05145297944545746,0.01749350130558014,0.5865850448608398,0.9243380924065908,0.3426041704364664,0.6056329974364401,-17.12254828153796,0.0506878933220198,0.015758375649328332
adl-03-cam0-rgb,adl,111,15332,0.33542202413082123,0.6217543184757233,0.28976282477378845,0.4518899917602539,-15.045368192676401,0.03515064716339111,0.045458242297172546,0.010307595133781433,0.5992048382759094,0.926876982053121,0.33566163815719174,0.6240585799857126,-15.027173766046982,0.0468638467711287,0.009822021379615308
adl-03-cam0-rgb,adl,113,15398,0.3289838880300522,0.6376575827598572,0.28925827145576477,0.4662657827138901,-13.049724119308799,0.0393388569355011,0.04300631582736969,0.0036674588918685913,0.6154394149780273,0.9299933910369873,0.3295003452600338,0.6411038550205558,-12.97273499676681,0.04406265976367057,0.006631346182389707
adl-03-cam0-rgb,adl,115,15464,0.3243298828601837,0.6617273390293121,0.29143495857715607,0.4810703545808792,-10.319643289349553,0.04162660241127014,0.0418374240398407,0.00021082162857055664,0.5953430533409119,0.9258024195830027,0.3235063953704131,0.6583401632644393,-10.581040927420627,0.041879669941348924,0.004860892079093258
adl-03-cam0-rgb,adl,117,15530,0.31530164182186127,0.6817640066146851,0.29231883585453033,0.4926678240299225,-6.929757150269658,0.04581364989280701,0.04016546905040741,0.005648180842399597,0.5615725517272949,0.9157973527908325,0.31767978848833,0.6757675047173639,-7.852091558008441,0.040314877304163804,0.004510659069725982
adl-03-cam0-rgb,adl,119,15596,0.31346921622753143,0.6886733174324036,0.29540055990219116,0.5023752599954605,-5.539670455369254,0.047729432582855225,0.03999112546443939,0.0077383071184158325,0.5222961902618408,0.905707468589147,0.31202052461378466,0.6933858793793297,-4.785886888530255,0.03936828185211523,0.005580647154287882
adl-04-cam0-rgb,adl,1,16596,0.7178497612476349,0.5029526650905609,0.7217235863208771,0.3668556958436966,1.6304104091980123,0.039935410022735596,0.010823339223861694,0.0291120707988739,0.9484236240386963,0.984448124965032,0.7195135046135289,0.502449839765375,2.3206704839314685,0.008412769527146284,0.03886024969996827
adl-04-cam0-rgb,adl,3,16662,0.7143019437789917,0.5027843415737152,0.7200890183448792,0.36728519201278687,2.445576690706062,0.0598486065864563,0.014305830001831055,0.045542776584625244,0.928161084651947,0.9766081074873606,0.7133461174639784,0.5032757042483847,1.990344093168861,0.015655275456833095,0.035094300454313096
adl-04-cam0-rgb,adl,5,16728,0.7101776599884033,0.5027976334095001,0.7147246897220612,0.3676840662956238,1.9274698505588117,0.05507218837738037,0.018755316734313965,0.036316871643066406,0.8980677723884583,0.9690376619497935,0.7076263876446394,0.5034488536191707,1.5578025011939367,0.021191719574329637,0.031071520083910453
adl-04-cam0-rgb,adl,7,16794,0.7020071744918823,0.5027095973491669,0.7066386938095093,0.36704446375370026,1.9552812146939245,0.05336487293243408,0.026164889335632324,0.027199983596801758,0.8768346905708313,0.9645330707232157,0.7023543151555119,0.5029692878777329,1.0230457080066955,0.02502210187963591,0.02679190858876034
adl-04-cam0-rgb,adl,9,16860,0.6968578100204468,0.5027495920658112,0.6961059868335724,0.3652629852294922,-0.31330954469535527,0.04518932104110718,0.025361478328704834,0.019827842712402344,0.882591962814331,0.9659756819407145,0.6975298999965955,0.5018370070240707,0.3860737136071373,0.0271464223727519,0.022255465968862725
adl-04-cam0-rgb,adl,11,16926,0.6915654540061951,0.5010209679603577,0.6905746161937714,0.3596494048833847,-0.4015651666395509,0.039535462856292725,0.025723755359649658,0.013811707496643066,0.8658338189125061,0.9610941211382548,0.692698099525459,0.4996882644824644,-0.7176104609898153,0.02918373699828139,0.014187981168945095
adl-04-cam0-rgb,adl,13,16992,0.6897344291210175,0.497836634516716,0.6848739981651306,0.3552873730659485,-1.9528290381993338,0.03716915845870972,0.028469890356063843,0.008699268102645874,0.8622233271598816,0.9595221777757009,0.6888191240690478,0.49708178865187025,-1.695972826004025,0.025820786302739887,0.009250743306560422
adl-04-cam0-rgb,adl,15,17058,0.68522047996521,0.49214470386505127,0.6797077655792236,0.3500891774892807,-2.2223482855283447,0.03715193271636963,0.030625581741333008,0.006526350975036621,0.8638532757759094,0.9600004454453787,0.6856841323695648,0.49457607215100996,-2.32166517897106,0.02116799509370479,0.005933640323160007
adl-04-cam0-rgb,adl,17,17124,0.6834841072559357,0.4919554740190506,0.6768754720687866,0.34973493218421936,-2.660478743999488,0.007348477840423584,0.012905865907669067,0.005557388067245483,0.8376460671424866,0.953738292058309,0.6825851343926919,0.4926008334407551,-2.385318308813913,0.01736467431634017,0.0044103760223884025
adl-04-cam0-rgb,adl,19,17190,0.6798992455005646,0.4919663965702057,0.673631876707077,0.34795495867729187,-2.4919363140446795,0.0008435845375061035,0.0019435584545135498,0.0010999739170074463,0.8330124616622925,0.9522841175397238,0.6794210201476034,0.49177404393107277,-2.210180064761384,0.012591415798509257,0.004469962476135842
adl-04-cam0-rgb,adl,21,17256,0.6757070422172546,0.4922678917646408,0.6722236573696136,0.34829799830913544,-1.3860142083638642,0.01658231019973755,0.01190805435180664,0.004674255847930908,0.8195476531982422,0.9498924414316813,0.6762905260185132,0.491684101296193,-1.6119430308729776,0.0073227993337622865,0.0035088627369372826
adl-04-cam0-rgb,adl,23,17322,0.6737931072711945,0.4922899603843689,0.6711721122264862,0.3465110808610916,-1.0300242162228312,0.016207516193389893,0.00965377688407898,0.006553739309310913,0.8101752400398254,0.9479949275652567,0.6740915250210524,0.49219421674678776,-1.0474005241786681,0.0038250296404867424,0.002889154406336992
adl-04-cam0-rgb,adl,25,17388,0.671337366104126,0.4923460930585861,0.6708214282989502,0.3448477238416672,-0.2004153559206631,0.007503986358642578,0.0022082924842834473,0.005295693874359131,0.8167046904563904,0.9497947990894318,0.6723205395591199,0.4920606246113254,-0.569206890963085,0.004596557710077848,0.003563448980257105
adl-04-cam0-rgb,adl,27,17454,0.6713229715824127,0.4908735603094101,0.6708781123161316,0.339600071310997,-0.1684927420438948,0.0003356337547302246,0.0002950131893157959,4.062056541442871e-05,0.8230911493301392,0.9506556193033854,0.6711412144429746,0.49130382101773107,-0.20543590990149613,0.004398496894093296,0.007058425899191843
adl-04-cam0-rgb,adl,29,17520,0.6708673238754272,0.4909556657075882,0.670389860868454,0.33309054374694824,-0.17329053699839958,0.012990236282348633,0.002939879894256592,0.010050356388092041,0.8341847658157349,0.9532610972722372,0.6700335777167108,0.49016382445246554,0.03721649709892045,0.002110953196818692,0.011142410757221687
adl-04-cam0-rgb,adl,31,17586,0.6689526438713074,0.4892321079969406,0.6687854528427124,0.32820820808410645,-0.05949015564611413,0.023708224296569824,0.0054419636726379395,0.018266260623931885,0.8480733036994934,0.9571749667326609,0.6684185669019614,0.4889384822282949,0.3564037903603826,0.001502821713815002,0.01619365153374608
adl-04-cam0-rgb,adl,33,17652,0.6660137474536896,0.48688943684101105,0.6679509580135345,0.32366570830345154,0.679979430759064,0.02815377712249756,0.0008172690868377686,0.02733650803565979,0.853660523891449,0.9593700766563416,0.6664155468796229,0.4877018473752126,0.5126077628064696,0.0012841296918464414,0.02347273847241419
adl-04-cam0-rgb,adl,35,17718,0.6631799638271332,0.48690101504325867,0.6655551195144653,0.3216216415166855,0.8233152568861285,0.02800905704498291,0.00025847554206848145,0.02826753258705139,0.8525991439819336,0.9604731102784475,0.6637770262631493,0.4871026682002197,0.5911525630048058,4.8571592801578055e-05,0.03117822594456854
adl-04-cam0-rgb,adl,37,17784,0.6601317822933197,0.4869276434183121,0.6620313823223114,0.3211076706647873,0.6563401369337258,0.03199803829193115,0.00011041760444641113,0.03188762068748474,0.8592391014099121,0.9629770418008169,0.6604785681802979,0.4871017732274473,0.31183354266726027,0.0008203072465343393,0.0351252514562565
adl-04-cam0-rgb,adl,39,17850,0.6567439138889313,0.48707105219364166,0.6560598611831665,0.3200027644634247,-0.23459337807542474,0.0414738655090332,0.0013394653797149658,0.04013440012931824,0.8668301105499268,0.9654998083909353,0.6561152132558605,0.4877939061685035,-0.17862824508307312,0.003982734628570023,0.03614600938119924
adl-04-cam0-rgb,adl,41,17916,0.6519903540611267,0.4889497309923172,0.6492041647434235,0.31829631328582764,-0.9353619112575223,0.04500842094421387,0.007375180721282959,0.03763324022293091,0.8648855686187744,0.9662511845429739,0.6507525179551268,0.4887617148491204,-0.8553814103826297,0.010208821270889006,0.03416513067819334
adl-04-cam0-rgb,adl,43,17982,0.6443511545658112,0.48946285247802734,0.6386883854866028,0.31602662801742554,-1.8700680833437753,0.05070841312408447,0.021753162145614624,0.02895525097846985,0.8621265292167664,0.9667877952257792,0.6444642799241194,0.48874385125967257,-1.4776913921997932,0.01745087321186476,0.02991182437706815
adl-04-cam0-rgb,adl,45,18048,0.6358721256256104,0.4881952852010727,0.6307791173458099,0.31242193281650543,-1.6596728395048272,0.04699128866195679,0.025800585746765137,0.02119070291519165,0.8635548949241638,0.9679404894510905,0.637120348679554,0.4875773347559422,-1.8094944070148014,0.027092157375244827,0.021729196949954642
adl-04-cam0-rgb,adl,47,18114,0.6291420161724091,0.4861752688884735,0.6230722069740295,0.30783216655254364,-1.949277866260269,0.04666036367416382,0.032383888959884644,0.014276474714279175,0.8698588013648987,0.9698777596155802,0.6289880191866961,0.48521583749876324,-1.8961257372032052,0.03519219121375636,0.01325902987868237
adl-04-cam0-rgb,adl,49,18180,0.6215763986110687,0.4811948984861374,0.6155906021595001,0.3030695170164108,-1.924665993328292,0.04404383897781372,0.03686949610710144,0.00717434287071228,0.8811885714530945,0.9725871086120605,0.6205088396867107,0.4816386641620034,-1.7076664013185643,0.03271765174803791,0.00850179765647623
adl-04-cam0-rgb,adl,51,18246,0.6122252345085144,0.47760525345802307,0.6078199148178101,0.29695968329906464,-1.396968703501027,0.03908491134643555,0.04148942232131958,0.002404510974884033,0.8915051817893982,0.9735893507798513,0.612365928950247,0.47812781370047297,-1.4936004081726164,0.028309981157253274,0.0077914847181988905
adl-04-cam0-rgb,adl,53,18312,0.603913813829422,0.47491639852523804,0.5986976623535156,0.29219232499599457,-1.6351557659766067,0.01292639970779419,0.02429404854774475,0.011367648839950562,0.9017709493637085,0.9749702314535776,0.6045344905419774,0.47533972632317245,-1.4325921582419339,0.026913441620863836,0.010372929242782249
adl-04-cam0-rgb,adl,55,18378,0.5963277220726013,0.4727543890476227,0.5919249951839447,0.2903209626674652,-1.382469857954495,0.01572716236114502,0.002244710922241211,0.01797187328338623,0.9104746580123901,0.974399745464325,0.5967570107220563,0.4737079324144298,-1.6223103558736218,0.027205719318224714,0.016155292461444783
adl-04-cam0-rgb,adl,57,18444,0.5904121696949005,0.47336040437221527,0.5822103023529053,0.29131536185741425,-2.579662682115905,0.058955490589141846,0.03530779480934143,0.023647695779800415,0.9192681312561035,0.9743266602357229,0.5896448424626214,0.4732137359840006,-2.434007729132147,0.02966781160532134,0.024337315843218812
adl-04-cam0-rgb,adl,59,18510,0.5843407809734344,0.47345292568206787,0.5722997486591339,0.2918178141117096,-3.7927268103808083,0.07528483867645264,0.04572942852973938,0.029555410146713257,0.9216586947441101,0.974816252787908,0.5839388815613527,0.4729629478929356,-4.141622074971666,0.03478316478915024,0.03215779306052562
adl-04-cam0-rgb,adl,61,18576,0.5784907639026642,0.47363628447055817,0.5575132369995117,0.2899787425994873,-6.5161351496680116,0.08048790693283081,0.04498454928398132,0.03550335764884949,0.9202367663383484,0.9757830599943796,0.5792894560795318,0.47281350105097736,-6.838201071158862,0.04292689683117386,0.029571965530321154
adl-04-cam0-rgb,adl,63,18642,0.5752905607223511,0.4724832773208618,0.5423358976840973,0.2891950011253357,-10.19270149816085,0.08082199096679688,0.04446887969970703,0.036353111267089844,0.9192851781845093,0.9767065246899923,0.5760613495395288,0.4725761154900374,-10.272850790896783,0.0482248448448263,0.027362901282000814
adl-04-cam0-rgb,adl,65,18708,0.5746835172176361,0.4714660495519638,0.5279074907302856,0.2934333235025406,-14.721079789472876,0.07196205854415894,0.045310527086257935,0.026651531457901,0.916814386844635,0.9772617121537527,0.5743740346782642,0.4719595996848426,-14.250519119623856,0.045238010940097564,0.02746120121055863
adl-04-cam0-rgb,adl,67,18774,0.5735108852386475,0.4714769423007965,0.5114510357379913,0.2961382269859314,-19.491043014362504,0.03876209259033203,0.043996572494506836,0.005234479904174805,0.8920106887817383,0.9738278985023499,0.5739942938734435,0.47167105095469003,-18.859721390372584,0.04375844729411131,0.029782962489437705
adl-04-cam0-rgb,adl,69,18840,0.5747364461421967,0.4714001417160034,0.5021087825298309,0.3040487468242645,-23.46002478918355,0.0009299516677856445,0.04238101840019226,0.041451066732406616,0.8450149893760681,0.9661570290724436,0.5744436363895209,0.47130612538748423,-24.154200180407923,0.04344225200739768,0.034353607789778556
adl-04-cam0-rgb,adl,71,18906,0.5756569504737854,0.47133462131023407,0.4866412431001663,0.31376813352108,-29.463868721622624,0.008174717426300049,0.042832255363464355,0.051006972789764404,0.8103193044662476,0.9606660604476929,0.5749441825208201,0.4711006520501456,-29.96441782552278,0.04311407244566709,0.04163245811606893
adl-04-cam0-rgb,adl,73,18972,0.5751608312129974,0.4719313830137253,0.47411708533763885,0.3338450789451599,-36.19455492194619,0.009571194648742676,0.04314914345741272,0.052720338106155396,0.7506771683692932,0.9485885600248972,0.5752207742624976,0.4711978143298774,-36.19766406276777,0.042640651717330405,0.050683381495537624
adl-04-cam0-rgb,adl,75,19038,0.575240820646286,0.4704873859882355,0.46376022696495056,0.3542875796556473,-43.81258002261517,0.010799229145050049,0.04291608929634094,0.05371531844139099,0.6982354521751404,0.9382507006327311,0.5752145880228505,0.4714976820078757,-43.03051259093975,0.04231372617539899,0.05716653974541329
adl-04-cam0-rgb,adl,77,19104,0.574814110994339,0.47144976258277893,0.4570796638727188,0.37316322326660156,-50.144348167808,0.013101935386657715,0.04203417897224426,0.05513611435890198,0.6423807144165039,0.9254209796587626,0.5749596743485627,0.4719769514419814,-49.94017219400053,0.042023452832585274,0.059632700333347485
adl-04-cam0-rgb,adl,79,19170,0.5742518305778503,0.4733178913593292,0.4495643228292465,0.39291028678417206,-57.183123793507285,0.013965189456939697,0.04118829965591431,0.055153489112854004,0.5909683108329773,0.9130514959494272,0.5744727575288704,0.4726629812609063,-57.17292792791679,0.04174477614107584,0.05899951879854316
adl-04-cam0-rgb,adl,81,19236,0.5733221769332886,0.47395865619182587,0.4445030093193054,0.41396914422512054,-65.02917995896269,0.011943459510803223,0.04092758893966675,0.05287104845046997,0.5404332876205444,0.9014160136381785,0.5737538375637744,0.47355577146465094,-64.72877979268854,0.041477696100870744,0.05526699514100035
adl-04-cam0-rgb,adl,83,19302,0.5732771456241608,0.47432516515254974,0.4425644427537918,0.4323296546936035,-72.18877385411547,0.012483477592468262,0.041746288537979126,0.05422976613044739,0.5064629912376404,0.8960343698660532,0.5728029144532748,0.4746553220532153,-72.6077277883158,0.04122221271196998,0.04843512936071903
adl-05-cam0-rgb,adl,17,20830,0.6923065185546875,0.5003033429384232,0.6897262036800385,0.3701769560575485,-1.1359861988555957,0.006268799304962158,0.00748598575592041,0.001217186450958252,0.5025283098220825,0.8441530565420786,0.6915036918538985,0.501681768352335,-1.0781629414885634,0.005722136389125482,-0.002787061712958609
adl-05-cam0-rgb,adl,19,20896,0.6896036863327026,0.5014181733131409,0.6876767873764038,0.36902883648872375,-0.8338691421562762,0.0015844106674194336,0.005031585693359375,0.0034471750259399414,0.5296124219894409,0.8530755142370859,0.6901005651011608,0.5004214692747952,-0.7236224494875538,0.00469276435447462,0.0027837807481939005
adl-05-cam0-rgb,adl,21,20962,0.6877855658531189,0.49971769750118256,0.6874358355998993,0.3633866459131241,-0.14698062758973646,0.0003781318664550781,0.0016775727272033691,0.0020557045936584473,0.5579188466072083,0.8626009027163187,0.6885547394747339,0.4992632833394136,-0.514866744615373,0.004321092483285188,0.008131572371953479
adl-05-cam0-rgb,adl,23,21028,0.6862313747406006,0.4997014254331589,0.6854366064071655,0.3597824275493622,-0.3254481675115905,0.009514808654785156,0.002115607261657715,0.007399201393127441,0.5772063732147217,0.8695619106292725,0.6868662149746178,0.49820721054618994,-0.4518958268720208,0.0046071207755571855,0.013256313158320123
adl-05-cam0-rgb,adl,25,21094,0.6857327222824097,0.4973277747631073,0.6832543611526489,0.35545574128627777,-1.0007976028886068,0.0212862491607666,0.0033922195434570312,0.01789402961730957,0.6173954010009766,0.8817031880219778,0.6850349916008117,0.49725325089512373,-0.5347096962574964,0.005550849231290603,0.018158003107293832
adl-05-cam0-rgb,adl,27,21160,0.6833543479442596,0.49533724784851074,0.6812721192836761,0.3517896234989166,-0.8310450859118559,0.014916479587554932,0.014887601137161255,0.029804080724716187,0.6518829464912415,0.8897177080313364,0.6835043669004968,0.49585255516039783,-0.8167376594942766,0.008956218307668498,0.02522375018565682
adl-05-cam0-rgb,adl,29,21226,0.6817195415496826,0.49430376291275024,0.6792413592338562,0.3503841608762741,-0.9864907538768489,0.024410545825958252,0.007222115993499756,0.03163266181945801,0.6857172846794128,0.8995611766974131,0.681483942063855,0.4952163436970146,-1.2200019704071963,0.011506075595880466,0.030938429104817332
adl-05-cam0-rgb,adl,31,21292,0.6783089637756348,0.49444715678691864,0.6745120584964752,0.349249929189682,-1.4979423776571146,0.018088996410369873,0.013971507549285889,0.03206050395965576,0.7156275510787964,0.9072487552960714,0.678854765830101,0.49480433110550814,-1.6758702867920414,0.011025597264756357,0.032674739371130426
adl-05-cam0-rgb,adl,33,21358,0.6759912371635437,0.49578607082366943,0.6697652637958527,0.34891583025455475,-2.4273709237347076,0.01731550693511963,0.013904452323913574,0.031219959259033203,0.7366343140602112,0.9129254917303721,0.6755554642512159,0.49510201715029606,-2.278870534875663,0.009515832254896935,0.03052765182602453
adl-05-cam0-rgb,adl,35,21424,0.6713852882385254,0.4957202970981598,0.6642956435680389,0.3470151722431183,-2.7295587136093284,0.01981210708618164,0.005835175514221191,0.025647282600402832,0.7535415887832642,0.9198034405708313,0.671375455020309,0.4957252142233243,-2.8608709491041404,0.009045589795876363,0.02501180239054028
adl-05-cam0-rgb,adl,37,21490,0.6666119992733002,0.49478937685489655,0.6570836305618286,0.34319935739040375,-3.5966618115244486,0.022495687007904053,0.003678351640701294,0.01881733536720276,0.7707831263542175,0.926477054754893,0.6663481208669149,0.49530241248153434,-3.3932609475060587,0.010972597382285362,0.017905563503116728
adl-05-cam0-rgb,adl,39,21556,0.6608558595180511,0.4945041537284851,0.6501403152942657,0.33750490844249725,-3.9045077661522503,0.025710225105285645,0.013380438089370728,0.012329787015914917,0.7244447469711304,0.9218453268210093,0.6605827453590565,0.49350146130049827,-3.6842294266948734,0.012388459918818932,0.011262646356186293
adl-05-cam0-rgb,adl,41,21622,0.6531974375247955,0.4923992156982422,0.6439071595668793,0.33082033693790436,-3.290704294825911,0.02520763874053955,0.021019071340560913,0.004188567399978638,0.7361841797828674,0.926679402589798,0.6539795469670059,0.4903795557878743,-3.6912084022333067,0.015673059018659362,0.00690817123367672
adl-05-cam0-rgb,adl,43,21688,0.6471619606018066,0.4860432296991348,0.6366661489009857,0.3256116062402725,-3.743089621435349,0.014731824398040771,0.0168418288230896,0.002110004425048828,0.7540417313575745,0.9323399364948273,0.646944487765753,0.4867359696528605,-3.446130256664406,0.015600247042519683,0.006168083453075188
adl-05-cam0-rgb,adl,45,21754,0.6392168998718262,0.482645183801651,0.6309227049350739,0.32250431180000305,-2.964877790138658,0.006757259368896484,0.01722550392150879,0.010468244552612305,0.7737891674041748,0.9378677109877268,0.6391483113105154,0.483765351694899,-2.8758788668327524,0.014633732827710879,0.0095503685020265
adl-05-cam0-rgb,adl,47,21820,0.6313028335571289,0.4804055392742157,0.6249394416809082,0.31995807588100433,-2.2711765480740627,0.0034671425819396973,0.013723492622375488,0.017190635204315186,0.7949426174163818,0.9432349304358164,0.6311086800707357,0.4818526449012543,-2.282592860566963,0.014533875824569088,0.016138161415661545
adl-05-cam0-rgb,adl,49,21886,0.6224514544010162,0.4808398634195328,0.6185062229633331,0.31934647262096405,-1.3994390542173196,0.026955485343933105,0.0023204386234283447,0.02463504672050476,0.8142197728157043,0.9471479058265686,0.622753186143321,0.4816737527842122,-1.6818232459797446,0.016351310463694757,0.026083276643381455
adl-05-cam0-rgb,adl,51,21952,0.612892359495163,0.4839571565389633,0.6106950342655182,0.319384828209877,-0.7649523025099244,0.056470632553100586,0.022557884454727173,0.03391274809837341,0.8324794173240662,0.951631893714269,0.6129685534543281,0.4827048995923163,-0.7153707732370718,0.019103230336011717,0.03497387655885699
adl-05-cam0-rgb,adl,53,22018,0.6043602824211121,0.48470041155815125,0.6032406091690063,0.31896013021469116,-0.3870608602507282,0.06917381286621094,0.02964627742767334,0.0395275354385376,0.8490262031555176,0.9556120733420054,0.602978959486081,0.4838518915109298,0.028611275233322075,0.01986482674941353,0.03829455840123158
adl-05-cam0-rgb,adl,55,22084,0.5933717489242554,0.4851895719766617,0.5951115787029266,0.3149843364953995,0.5856543211254952,0.0672692060470581,0.022512197494506836,0.04475700855255127,0.8640086650848389,0.9590988059838613,0.5930050562470497,0.4847461243857546,0.6094578380227723,0.01890761795498073,0.034564870002465796
adl-05-cam0-rgb,adl,57,22150,0.5811917185783386,0.4838978350162506,0.5864653587341309,0.3084643483161926,1.7218283958468832,0.04582524299621582,0.012214422225952148,0.03361082077026367,0.8773332834243774,0.9623327354590098,0.5834902705568248,0.484793249791834,1.0110902249100242,0.015432607559930688,0.027755213893337127
adl-05-cam0-rgb,adl,59,22216,0.5747797787189484,0.4843199551105499,0.5777004361152649,0.30048511922359467,0.9102043365460496,0.02339833974838257,0.005521148443222046,0.017877191305160522,0.8892064094543457,0.9644994040330251,0.5750108913425751,0.484046999574739,1.0722850276938023,0.00804261959992445,0.02508828689009593
adl-05-cam0-rgb,adl,61,22282,0.5671935379505157,0.4836589992046356,0.5698127150535583,0.2944432199001312,0.7930533631725253,0.009917378425598145,0.0032708942890167236,0.013188272714614868,0.8995406627655029,0.967423697312673,0.5671871162596195,0.48328623065958737,0.8315757595796036,0.00479036156749312,0.03074019682871827
adl-05-cam0-rgb,adl,63,22348,0.5600693821907043,0.48244811594486237,0.5617842078208923,0.2899172604084015,0.510306116555858,0.04286599159240723,0.005057394504547119,0.03780859708786011,0.909129798412323,0.970519095659256,0.5600054707878072,0.48253755697182177,0.34548480396833636,0.007494434133752592,0.043561466199495
adl-05-cam0-rgb,adl,65,22414,0.5535630583763123,0.4816333204507828,0.552036464214325,0.28911353647708893,-0.4543199017061706,0.0851278007030487,0.013865411281585693,0.07126238942146301,0.917593240737915,0.9733343223730723,0.5524709471118391,0.48213315448719635,-0.1574974176469315,0.015124287827190361,0.06091049261939464
adl-05-cam0-rgb,adl,67,22480,0.5438898205757141,0.4815014898777008,0.5420773327350616,0.2861826866865158,-0.5316688475771026,0.11239203810691833,0.024512946605682373,0.08787909150123596,0.9252276420593262,0.9758803347746531,0.5431660362781376,0.4816104236877319,-0.36834721448733465,0.02498587224132567,0.07631004624294502
adl-05-cam0-rgb,adl,69,22546,0.5338848531246185,0.4815675616264343,0.532185971736908,0.2827167212963104,-0.48949436198934004,0.11959913372993469,0.03383544087409973,0.08576369285583496,0.9321694374084473,0.9781888524691263,0.5333273399185817,0.48142269608520255,-0.6411759558877697,0.0327751877762022,0.08311363345100754
adl-05-cam0-rgb,adl,71,22612,0.5229555070400238,0.48183901607990265,0.5209860652685165,0.2791462540626526,-0.5566905771689474,0.11523759365081787,0.03980019688606262,0.07543739676475525,0.9384604096412659,0.9802681605021158,0.5232442968335494,0.48138243417977183,-0.7419155722131374,0.034353838596509076,0.07884102363090999
adl-05-cam0-rgb,adl,73,22678,0.5123120844364166,0.4811948984861374,0.5104431957006454,0.27578572928905487,-0.5212838492729013,0.10129934549331665,0.03553763031959534,0.06576171517372131,0.944430410861969,0.9822045465310415,0.5136448555178449,0.4818068616317973,-0.5783811968865791,0.028653476661417862,0.06836213048918413
adl-05-cam0-rgb,adl,75,22744,0.5057622045278549,0.4816124439239502,0.5032582879066467,0.27189069986343384,-0.6840351208007139,0.07668197154998779,0.02034260332584381,0.05633936822414398,0.9497660398483276,0.9839360117912292,0.5054821841644511,0.4816204355908672,-0.32594751971274705,0.019718163199238935,0.057937388941323
adl-05-cam0-rgb,adl,77,22810,0.49952128529548645,0.48164476454257965,0.5001201182603836,0.26495958864688873,0.15834269248487853,0.056034237146377563,0.005322009325027466,0.0507122278213501,0.954318106174469,0.985429604848226,0.49936925706925256,0.48146384277126936,0.08269034230682336,0.012076437344282723,0.05044551767828137
adl-05-cam0-rgb,adl,79,22876,0.4951299875974655,0.48258374631404877,0.49908460676670074,0.26316340267658234,1.032531694123816,0.04902341961860657,0.0033526569604873657,0.0456707626581192,0.9581359624862671,0.9866742094357809,0.4955314938382146,0.48185345943355906,0.7491082922791459,0.011069572204119187,0.04595778076163612
adl-05-cam0-rgb,adl,81,22942,0.49283334612846375,0.4794127196073532,0.4999900311231613,0.26143019646406174,1.880428779054604,0.05959746241569519,0.016741126775741577,0.04285633563995361,0.9616818428039551,0.9877808392047882,0.4936217912089766,0.48147410393019185,1.7079496997709316,0.019522417030293164,0.04352811133706719
adl-05-cam0-rgb,adl,83,23008,0.4938233494758606,0.481373131275177,0.5056508779525757,0.26106123626232147,3.0729958885296234,0.07792934775352478,0.03466665744781494,0.04326269030570984,0.9646709561347961,0.9887503981590271,0.4929620182359366,0.4797661134174884,3.4123469285383496,0.034704144640918366,0.042978106510071466
adl-05-cam0-rgb,adl,85,23074,0.49474427103996277,0.4810112416744232,0.5144318491220474,0.26139315962791443,5.122565379309104,0.10091763734817505,0.0559404194355011,0.04497721791267395,0.9677581787109375,0.989706556002299,0.49420352518816457,0.4776715496272745,5.660899205232629,0.05071533293951118,0.0447511666522913
adl-05-cam0-rgb,adl,87,23140,0.49679067730903625,0.47476667165756226,0.5267905592918396,0.2603326812386513,7.964139399163645,0.11447927355766296,0.06773307919502258,0.04674619436264038,0.9706762433052063,0.990650067726771,0.4972119253306154,0.47672053790969693,8.277863445061481,0.06186934989510151,0.05024115767055768
adl-05-cam0-rgb,adl,89,23206,0.5003598630428314,0.47363346815109253,0.5466371774673462,0.2602204233407974,12.234821062485663,0.1179581880569458,0.06700453162193298,0.05095365643501282,0.9715330600738525,0.99103844165802,0.502188113538217,0.4776760877726907,11.15494253418667,0.0657927766119762,0.05507546527819192
adl-05-cam0-rgb,adl,91,23272,0.5072751641273499,0.4778398424386978,0.5626947581768036,0.26748740673065186,14.759785915578172,0.12015354633331299,0.06243807077407837,0.05771547555923462,0.9715103507041931,0.9912390410900116,0.5077344865509951,0.47882233766508236,14.250699374620428,0.06465767549745954,0.05228446443359565
adl-05-cam0-rgb,adl,93,23338,0.5143007338047028,0.4842512458562851,0.5760948657989502,0.28322634100914,17.08718763426906,0.11466065049171448,0.056677013635635376,0.0579836368560791,0.9706467390060425,0.9913961291313171,0.5132739792267474,0.4802864518387486,17.707065627472783,0.05956218788376094,0.04360640223150123
adl-05-cam0-rgb,adl,95,23404,0.5207289457321167,0.4859974533319473,0.5934359729290009,0.29340896010398865,20.682790055643,0.08625710010528564,0.05180913209915161,0.03444796800613403,0.9637790322303772,0.990309327840805,0.5184925890072076,0.48298108364854475,21.31811353450795,0.051927860423083866,0.03295773925719318
adl-05-cam0-rgb,adl,97,23470,0.5210628658533096,0.4839384853839874,0.6044456362724304,0.3075890690088272,25.30605003206695,0.05541706085205078,0.04931215941905975,0.006104901432991028,0.9551061391830444,0.9887535075346628,0.5217711864224752,0.4857098746609371,25.274256990059747,0.04568841827638215,0.021977375273580645
adl-05-cam0-rgb,adl,99,23536,0.5223102569580078,0.48479174077510834,0.6159542798995972,0.32596737146377563,30.523915902102143,0.03100419044494629,0.03973376750946045,0.00872957706451416,0.9233247637748718,0.98373215397199,0.5227687531735467,0.48857882148001547,29.84578786701117,0.039722705816293634,0.014667064338535438
adl-05-cam0-rgb,adl,101,23602,0.5239498019218445,0.49284547567367554,0.6260763108730316,0.34492671489715576,34.62208985054195,0.011350512504577637,0.02955073118209839,0.018200218677520752,0.8927460312843323,0.9789315064748129,0.5223362329073274,0.49262628655928997,34.8812379723105,0.03434048670452906,0.01367842925317358
adl-05-cam0-rgb,adl,103,23668,0.520115077495575,0.499557226896286,0.6341027915477753,0.3636774271726608,39.99282938491522,0.011480212211608887,0.033280909061431885,0.021800696849822998,0.8330511450767517,0.9690568149089813,0.5211639731993399,0.49867832867097994,39.956601134682415,0.030942018155927738,0.019717581602402036
adl-05-cam0-rgb,adl,105,23734,0.5193028151988983,0.5057159215211868,0.6412851512432098,0.38396307826042175,45.053947748034105,0.0016576647758483887,0.028312474489212036,0.029970139265060425,0.7889547944068909,0.9618842899799347,0.5200754963345334,0.5052189078036833,45.45136813840346,0.02979900033184972,0.02749558102774926
adl-05-cam0-rgb,adl,107,23800,0.5189521610736847,0.5118511915206909,0.6474651992321014,0.40743331611156464,50.905863995818564,0.0013498663902282715,0.029719442129135132,0.031069308519363403,0.7404707074165344,0.95388330022494,0.518721892591162,0.5108301108662693,50.93141623860335,0.03087899656522837,0.030926196477113817
adl-05-cam0-rgb,adl,109,23866,0.5178008675575256,0.5158658027648926,0.6537335216999054,0.42491453886032104,56.213890709615576,0.0029968619346618652,0.03486555814743042,0.031868696212768555,0.7507173418998718,0.9558621346950531,0.5174720913042746,0.5147362697821152,56.57037135816191,0.032718424286161105,0.03236563729517383
adl-05-cam0-rgb,adl,111,23932,0.5167415142059326,0.5172326564788818,0.6586741209030151,0.44369322061538696,62.610004626448244,0.002223491668701172,0.035226285457611084,0.03300279378890991,0.7595197558403015,0.9575758874416351,0.5169440652384896,0.5181422083924851,61.480314748262536,0.03334411011113744,0.03315098074091456
adl-05-cam0-rgb,adl,113,23998,0.5163684785366058,0.5215761661529541,0.6602535247802734,0.457011878490448,65.83320944261263,0.0016442537307739258,0.034047931432724,0.03240367770195007,0.7460483312606812,0.9555364449818929,0.5163660049438469,0.5222545412582744,66.40061746415832,0.035691837469736684,0.032734651586194013
adl-05-cam0-rgb,adl,115,24064,0.5157317519187927,0.525664746761322,0.6651090085506439,0.4718063175678253,70.17307542629432,0.00327908992767334,0.036179304122924805,0.032900214195251465,0.737429678440094,0.9542817076047262,0.5159681312965617,0.5269599418877515,70.3252875628684,0.03726180033250283,0.03266505709974276
adl-05-cam0-rgb,adl,117,24130,0.5157974660396576,0.5319178998470306,0.6691142022609711,0.4830273985862732,72.31326593643246,0.005249679088592529,0.037624508142471313,0.032374829053878784,0.7419741749763489,0.9552192588647207,0.5158807453397025,0.5325886278183422,72.84874112981927,0.03869843341055365,0.03267331801967699
adl-05-cam0-rgb,adl,119,24196,0.5162130892276764,0.5403350591659546,0.6739541590213776,0.5026659369468689,76.56910410922941,0.010554134845733643,0.04245045781135559,0.03189632296562195,0.7071301937103271,0.9494819343090057,0.5159769309805577,0.5388576642517395,74.3438375354111,0.03995512741984737,0.03206334111494415
adl-05-cam0-rgb,adl,121,24262,0.5160018503665924,0.5439424812793732,0.6738117933273315,0.5005278289318085,74.61803836664184,0.009348869323730469,0.041087836027145386,0.03173896670341492,0.6976583003997803,0.9480330248673757,0.5159346512901828,0.544042346668449,74.9001474160877,0.04052183586797667,0.03143635663119225
adl-05-cam0-rgb,adl,123,24328,0.5160461068153381,0.5480349957942963,0.6735894978046417,0.501665860414505,73.59946654495326,0.009685993194580078,0.04124033451080322,0.031554341316223145,0.7058249711990356,0.949533591667811,0.5158749262749883,0.5479367725002809,75.1944565425357,0.0404426247784585,0.030616889139274454
adl-05-cam0-rgb,adl,125,24394,0.5160129070281982,0.5502364337444305,0.6723560392856598,0.5071640759706497,74.59717810657806,0.009402573108673096,0.0378650426864624,0.028462469577789307,0.7041517496109009,0.9493578473726908,0.5156566890287184,0.549668507271514,74.62484755103563,0.039910078306734764,0.029985210080167385
adl-05-cam0-rgb,adl,127,24460,0.515436589717865,0.5484709143638611,0.6721107661724091,0.5011093020439148,73.18026521630799,0.009600639343261719,0.03865736722946167,0.02905672788619995,0.715601921081543,0.9513841867446899,0.5157323264198378,0.5488088992766995,73.59700481159888,0.0396466966057236,0.029179700396277646
adl-05-cam0-rgb,adl,129,24526,0.5161154568195343,0.5466488599777222,0.6725237965583801,0.5031455308198929,74.45665305811548,0.012525200843811035,0.04094001650810242,0.028414815664291382,0.7252353429794312,0.9530967672665914,0.5163272563771244,0.546221811017948,72.78419192033346,0.04053434858590488,0.02812362117168703
adl-05-cam0-rgb,adl,131,24592,0.5171028971672058,0.5414637923240662,0.6729096472263336,0.48201748728752136,69.11621143084724,0.013349056243896484,0.0408443808555603,0.02749532461166382,0.7208564281463623,0.9524524907271067,0.5177090459571765,0.5409774949282271,70.49338226136388,0.04158454772197833,0.026565590462127253
adl-05-cam0-rgb,adl,133,24658,0.5197801887989044,0.5338006615638733,0.6720260381698608,0.4716891795396805,67.80609702707055,0.01814645528793335,0.043065935373306274,0.024919480085372925,0.7284806966781616,0.9538145462671915,0.5198220526759235,0.5336792899932687,66.75405291212714,0.04189444375244564,0.02469082815306524
adl-05-cam0-rgb,adl,135,24724,0.5221337080001831,0.5261216461658478,0.6684212982654572,0.4507451355457306,62.73964616431575,0.018777430057525635,0.04123181104660034,0.022454380989074707,0.715478241443634,0.9517149031162262,0.5220883198372722,0.5252211347415842,62.02644868588918,0.039705463689126946,0.022685960386738598
adl-05-cam0-rgb,adl,137,24790,0.5252741575241089,0.5154460072517395,0.66327103972435,0.4195527583360672,55.20478277241555,0.018474578857421875,0.03777116537094116,0.019296586513519287,0.6894655227661133,0.9473655422528585,0.5242548445602508,0.5166702427905352,56.0305108955815,0.035310638673377706,0.02115143145317636
adl-05-cam0-rgb,adl,139,24856,0.5268065929412842,0.5068936049938202,0.6590406000614166,0.3956715613603592,49.93280358815109,0.012766838073730469,0.030887961387634277,0.01812112331390381,0.6573035717010498,0.941821942726771,0.5266338905472768,0.5081050078590188,50.04622963666556,0.03180587278816086,0.018627139784040878
adl-05-cam0-rgb,adl,141,24922,0.5274401009082794,0.5002749860286713,0.6521119177341461,0.36910107731819153,43.54419202140814,0.007434189319610596,0.02588537335395813,0.018451184034347534,0.6255099773406982,0.9358571469783783,0.5285610520478443,0.5009053586881391,43.39129787977993,0.029797348625216092,0.01581827051195745
adl-05-cam0-rgb,adl,143,24988,0.5302143394947052,0.4952094405889511,0.6467398703098297,0.33983856439590454,36.86927779705989,0.011916041374206543,0.026058584451675415,0.014142543077468872,0.6026197075843811,0.9313958187898,0.5304436508195217,0.49375427420779155,37.06026920864379,0.029848007928757397,0.012080029491738305
adl-05-cam0-rgb,adl,145,25054,0.5331757366657257,0.48600292205810547,0.638066291809082,0.3147460073232651,31.48642196130113,0.02909243106842041,0.03486719727516174,0.005774766206741333,0.5796675086021423,0.9268622199694315,0.5320616812158965,0.4868207219746199,31.24298062770471,0.03131240361180652,0.00798328678845326
adl-05-cam0-rgb,adl,147,25120,0.5333107709884644,0.4819915443658829,0.6251363754272461,0.29180073738098145,25.771612608604475,0.03267091512680054,0.03668302297592163,0.004012107849121094,0.5883411169052124,0.9283296366532644,0.5337361969473033,0.47979569609288975,25.730654662003317,0.03389041945015708,0.00412472063328796
adl-05-cam0-rgb,adl,149,25186,0.5352798998355865,0.4705204665660858,0.6123525202274323,0.26370809972286224,20.43888017631661,0.03507810831069946,0.03516581654548645,8.77082347869873e-05,0.5601666569709778,0.923357238372167,0.534908628953999,0.4714332131338319,21.091460554998335,0.035868476866643614,0.0010538004435502086
adl-05-cam0-rgb,adl,151,25252,0.5357592403888702,0.46383921802043915,0.6037518680095673,0.24339256435632706,17.141395304818708,0.03470867872238159,0.033986836671829224,0.0007218420505523682,0.554935872554779,0.922457089026769,0.5360557594340594,0.4632778674106055,17.192759840466667,0.03539344990924318,0.001116180316710368
adl-05-cam0-rgb,adl,153,25318,0.5367962121963501,0.4578264206647873,0.595076322555542,0.22755122929811478,14.20269593404571,0.036505162715911865,0.03371882438659668,0.0027863383293151855,0.5739427804946899,0.9258220195770264,0.5370508098241047,0.4570962610569861,13.917793378476178,0.032229329729493,0.003254041398242434
adl-05-cam0-rgb,adl,155,25384,0.5370579957962036,0.44897666573524475,0.585798978805542,0.21488350629806519,11.7616209245092,0.03533083200454712,0.030713200569152832,0.004617631435394287,0.5952132344245911,0.9295136133829752,0.5378590024910956,0.4525728027670924,11.56035670540727,0.029757546398030688,0.005285731383732379
adl-05-cam0-rgb,adl,157,25450,0.5400894284248352,0.45031769573688507,0.5802305638790131,0.21025880426168442,9.49281509970632,0.03608739376068115,0.025304973125457764,0.010782420635223389,0.6114815473556519,0.9322717785835266,0.5382597579326457,0.45085240629586243,9.872246144210385,0.027373344480217235,0.007937382697026957
adl-05-cam0-rgb,adl,159,25516,0.5385056138038635,0.45223376154899597,0.5743385553359985,0.2057625725865364,8.271928700159192,0.0325741171836853,0.022511422634124756,0.010062694549560547,0.6222658157348633,0.934128592411677,0.5388504705387784,0.45057729705845573,8.463321331584313,0.024081634752678112,0.010121928148971476
adl-05-cam0-rgb,adl,161,25582,0.537738710641861,0.4523981660604477,0.5726715922355652,0.20148150622844696,7.925833284031631,0.03304111957550049,0.023481398820877075,0.009559720754623413,0.636398434638977,0.9365927974383036,0.5388253345375962,0.4516610732842311,7.536886810066365,0.020389029602983784,0.011235154423362748
adl-05-cam0-rgb,adl,163,25648,0.5386609733104706,0.45290346443653107,0.5702814161777496,0.20070164650678635,7.146313870375666,0.030241727828979492,0.018072396516799927,0.012169331312179565,0.6590162515640259,0.9405383368333181,0.5382942510889714,0.4531154834475862,6.986274203947631,0.01668540017429366,0.011353195487678807
adl-05-cam0-rgb,adl,165,25714,0.5388368666172028,0.4542584717273712,0.5671922564506531,0.20301594585180283,6.439190264631079,0.02478724718093872,0.012620776891708374,0.012166470289230347,0.679144561290741,0.9440656999746958,0.5373557305439203,0.4534300448961581,6.794846091010962,0.014277772469954039,0.01066591342290241
adl-05-cam0-rgb,adl,167,25780,0.5362405180931091,0.4546182304620743,0.5654622614383698,0.2047005593776703,6.669054324574041,0.020968139171600342,0.011307120323181152,0.00966101884841919,0.6865835189819336,0.9453828930854797,0.5367497705019906,0.4541373199972749,6.753882546445248,0.012977228407219873,0.0104498043978885
adl-05-cam0-rgb,adl,169,25846,0.5360243618488312,0.45474468171596527,0.5651814341545105,0.2058451697230339,6.681402739179989,0.02057063579559326,0.010778874158859253,0.009791761636734009,0.6831706166267395,0.9447667300701141,0.5366033673028401,0.45601984903667847,6.717378134359506,0.013305697219196317,0.010687747429975684
adl-05-cam0-rgb,adl,171,25912,0.5367895662784576,0.4581274837255478,0.5671361684799194,0.20867406576871872,6.936085579159835,0.02711862325668335,0.0162181556224823,0.01090046763420105,0.6844215989112854,0.9450592001279196,0.5367808384554719,0.45894803100334036,6.698615297307104,0.01520289112995195,0.010954513049228867
adl-05-cam0-rgb,adl,173,25978,0.5378998219966888,0.46343037486076355,0.5667535662651062,0.21581760048866272,6.646568992327148,0.030214786529541016,0.018091171979904175,0.01212361454963684,0.6988719701766968,0.9476602077484131,0.5387135228940417,0.46318851927400123,6.258774685153688,0.014486488803124524,0.012427824051865252
adl-05-cam0-rgb,adl,175,26044,0.5421139299869537,0.4694201201200485,0.5665928423404694,0.22754210978746414,5.7788603249702755,0.033970534801483154,0.018074721097946167,0.015895813703536987,0.6841293573379517,0.945279041926066,0.5417171097937082,0.46858656006457966,5.6337706388857125,0.013316902040919176,0.01464995697979287
adl-05-cam0-rgb,adl,177,26110,0.5449881255626678,0.47522158920764923,0.5649366974830627,0.24051585793495178,4.858119912750013,0.029431164264678955,0.012353271245956421,0.017077893018722534,0.6993591785430908,0.9479296306769053,0.5457915991544721,0.47514215337507604,4.823603158503183,0.011694130843335922,0.017620911833011742
adl-05-cam0-rgb,adl,179,26176,0.551600456237793,0.4825344383716583,0.5661577880382538,0.2496631070971489,3.5770386443593836,0.026982903480529785,0.005713999271392822,0.021268904209136963,0.7169713377952576,0.9509775837262472,0.5509369909763333,0.4828552992054904,3.8282722440061003,0.009618175210374764,0.021340688611521868
adl-06-cam0-rgb,adl,33,28232,0.7122510671615601,0.5064471364021301,0.714933454990387,0.368240088224411,1.1118840195832318,0.05730891227722168,0.013483524322509766,0.043825387954711914,0.5023068785667419,0.8600847621758779,0.7129811794468842,0.5072553608453632,1.2120863467345793,0.010723844622120662,0.04354139981847822
adl-06-cam0-rgb,adl,35,28298,0.7081522047519684,0.5057216286659241,0.7084506750106812,0.3677344024181366,0.12393219234332174,0.05212259292602539,0.017611175775527954,0.034511417150497437,0.524055004119873,0.8600672086079916,0.7065805437889959,0.5060746640870063,0.30057074986674914,0.019646556539968968,0.03337649459188635
adl-06-cam0-rgb,adl,37,28364,0.7000833749771118,0.5052193403244019,0.6994847059249878,0.3670177459716797,-0.24819536721935526,0.04684263467788696,0.02387768030166626,0.022964954376220703,0.5411492586135864,0.8619871040185293,0.7006536768757415,0.504607438157389,-0.47278523353450197,0.025827916476117548,0.024622264168995288
adl-06-cam0-rgb,adl,39,28430,0.6946090757846832,0.5046398043632507,0.6926093101501465,0.3640199899673462,-0.814752943911629,0.0445597767829895,0.028570204973220825,0.015989571809768677,0.5614783763885498,0.8662834266821543,0.6952005787071207,0.5028536830565112,-1.107981603469174,0.029267924430566396,0.017278708549805025
adl-06-cam0-rgb,adl,41,28496,0.690110594034195,0.5019569993019104,0.6872782409191132,0.36020660400390625,-1.144690195305845,0.04163682460784912,0.030377954244613647,0.011258870363235474,0.5949093103408813,0.8755020896593729,0.6902212492831332,0.5008133987843726,-1.605018359937267,0.029966580403315513,0.011345827734315535
adl-06-cam0-rgb,adl,43,28562,0.6868500113487244,0.49849267303943634,0.6797605454921722,0.35492023825645447,-2.8269132169629274,0.03499728441238403,0.026127398014068604,0.00886988639831543,0.6254054307937622,0.88374263048172,0.6854770436431412,0.4977131653012644,-2.026552870984069,0.027925870119235172,0.006859059199626302
adl-06-cam0-rgb,adl,45,28628,0.6808526813983917,0.4919976592063904,0.6755883991718292,0.35135480761528015,-2.143588600262896,0.03182476758956909,0.02776375412940979,0.004061013460159302,0.6495933532714844,0.8885809183120728,0.6817702119484599,0.49477176039249793,-2.326973373415232,0.02153201459290142,0.00428106258441875
adl-06-cam0-rgb,adl,47,28694,0.6780465543270111,0.49246689677238464,0.6721323728561401,0.3499962389469147,-2.3770733052208612,0.019166409969329834,0.01747080683708191,0.0016956031322479248,0.6734748482704163,0.8947225511074066,0.6784271802995101,0.4924941969253277,-2.370947961598622,0.014991195299924688,0.002915965143220245
adl-06-cam0-rgb,adl,49,28760,0.6752487421035767,0.4917825758457184,0.6702698171138763,0.3478347361087799,-1.9809794184810925,0.003432154655456543,0.0021761655807495117,0.0012559890747070312,0.6921758651733398,0.8975033362706503,0.6753162078527135,0.49165278434495313,-2.1332159946144342,0.009635061154633875,0.0023981792070132796
adl-06-cam0-rgb,adl,51,28826,0.6727615892887115,0.4922815263271332,0.6685889959335327,0.34685613214969635,-1.6434984913993935,0.004335284233093262,0.0009910166263580322,0.0033442676067352295,0.6982092261314392,0.9017270704110464,0.6722781716229069,0.49212063778014337,-1.482331221232748,0.006725480675181259,0.002678010241809858
adl-06-cam0-rgb,adl,53,28892,0.6702979207038879,0.49288275837898254,0.6677180230617523,0.3455064743757248,-1.0028896511883048,0.014200270175933838,0.009547889232635498,0.00465238094329834,0.7128421664237976,0.9065215190251669,0.669645751064473,0.49336167853889973,-0.8383122830145209,0.005139246776506493,0.0030641606101741996
adl-06-cam0-rgb,adl,55,28958,0.6667298078536987,0.4944778382778168,0.6664067506790161,0.34424662590026855,-0.12320864503942909,0.01324152946472168,0.009579658508300781,0.0036618709564208984,0.7342765927314758,0.9128613471984863,0.6669392971507389,0.4939004501481069,-0.0771953549112013,0.0072815385989812445,0.0021334720122349704
adl-06-cam0-rgb,adl,57,29024,0.663711428642273,0.4947914332151413,0.6661271452903748,0.3402654826641083,0.895636584516658,0.013707458972930908,0.010321378707885742,0.003386080265045166,0.7556732296943665,0.9188373486200968,0.664398439131773,0.4945771678701616,0.5882443891288706,0.01001989931771248,0.0019567953301714595
adl-06-cam0-rgb,adl,59,29090,0.6620248258113861,0.4940103143453598,0.6658217906951904,0.3348909467458725,1.3669535536036406,0.007275760173797607,0.008450835943222046,0.0011750757694244385,0.7612926363945007,0.9222911695639292,0.6621515116134238,0.4942285706857575,1.1433271202230382,0.010143468648324265,0.0041193830502497635
adl-06-cam0-rgb,adl,61,29156,0.6606897115707397,0.4930312931537628,0.6644646227359772,0.32863007485866547,1.3153702927054751,0.006347358226776123,0.010202109813690186,0.0038547515869140625,0.7821938395500183,0.9290293951829275,0.6602370283562374,0.4926006766882803,1.5745911544152755,0.008094789790900744,0.009542673826217637
adl-06-cam0-rgb,adl,63,29222,0.6586388945579529,0.49183647334575653,0.6634275019168854,0.3252912014722824,1.6469481143636835,0.011368870735168457,0.006226003170013428,0.017594873905181885,0.8027793169021606,0.935723344484965,0.6587108009821399,0.4901929059069903,1.7858497558354163,0.006719809073906431,0.017138395216557863
adl-06-cam0-rgb,adl,65,29288,0.6573136150836945,0.4868854731321335,0.6625497043132782,0.32095538079738617,1.8074255804263604,0.024471640586853027,0.004457145929336548,0.028928786516189575,0.8220666646957397,0.9417296250661215,0.6573803904768699,0.4877768847849455,1.8011009280458252,0.005146076926937344,0.025506102161490005
adl-06-cam0-rgb,adl,67,29354,0.6556226015090942,0.484158918261528,0.6612752676010132,0.31889671087265015,1.9589941377835105,0.03248906135559082,0.002638399600982666,0.035127460956573486,0.8394904732704163,0.9471696019172668,0.655950140127371,0.48573025880437837,1.660238769813586,0.003306741064245046,0.03294938467281716
adl-06-cam0-rgb,adl,69,29420,0.654211163520813,0.4842663109302521,0.6582273840904236,0.31655509769916534,1.3718135560037432,0.031942546367645264,0.0034041404724121094,0.03534668684005737,0.8552749156951904,0.9520067671934763,0.6542456768033815,0.4844450997067729,1.388950039482188,0.0015198241322587564,0.03592814163212131
adl-06-cam0-rgb,adl,71,29486,0.652739018201828,0.4843176156282425,0.6551708281040192,0.3153270035982132,0.8244412274193882,0.0333559513092041,0.001434415578842163,0.034790366888046265,0.8679766058921814,0.9562252561251322,0.6521178338176751,0.48409325348866383,0.8674395612366345,0.0014870717669978272,0.03343405029474394
adl-06-cam0-rgb,adl,73,29552,0.6498400866985321,0.48448148369789124,0.6501212120056152,0.31330133974552155,0.09409548769759907,0.02992159128189087,0.0002473294734954834,0.029674261808395386,0.8735191226005554,0.959229588508606,0.6495923522488887,0.4843939605987426,0.15477058686646317,0.002204727171819445,0.02837987934356124
adl-06-cam0-rgb,adl,75,29618,0.6461058855056763,0.4849930703639984,0.6448292136192322,0.31132495403289795,-0.42118608099904226,0.023987650871276855,0.003995180130004883,0.019992470741271973,0.877910315990448,0.9618062376976013,0.6465850829820088,0.4846244818204402,-0.6374454367043607,0.004089618787104944,0.022138911279248955
adl-06-cam0-rgb,adl,77,29684,0.6423891484737396,0.48418547213077545,0.6385847330093384,0.30752748250961304,-1.2337016960992457,0.022592008113861084,0.008667796850204468,0.013924211263656616,0.8845036029815674,0.9646277129650116,0.6427177544280038,0.48386751257237864,-1.2070508576563976,0.007583230862885832,0.014884979951949324
adl-06-cam0-rgb,adl,79,29750,0.6391896605491638,0.4821396917104721,0.6332509219646454,0.29971781373023987,-1.8646037940242846,0.022411108016967773,0.011905193328857422,0.010505914688110352,0.8916009664535522,0.9673818548520406,0.6382707091636979,0.4823677557887446,-1.5528868523097772,0.012866756100675225,0.008681249824953274
adl-06-cam0-rgb,adl,81,29816,0.6339787840843201,0.48120880126953125,0.6278172731399536,0.2944074869155884,-1.8891763678735725,0.023121178150177002,0.018062591552734375,0.005058586597442627,0.896815836429596,0.9696679612000784,0.6336970275098618,0.4799817720532926,-1.6475333021493324,0.019514776669539387,0.0052222137327318004
adl-06-cam0-rgb,adl,83,29882,0.6281559467315674,0.47692860662937164,0.623803436756134,0.2905072420835495,-1.33748164338796,0.024926960468292236,0.02560967206954956,0.0006827116012573242,0.9048724174499512,0.9722957611083984,0.6289457450439395,0.4773464182883623,-1.567169937822423,0.025751933519974377,0.005264158243740785
adl-06-cam0-rgb,adl,85,29948,0.6239118576049805,0.47469010949134827,0.6202308833599091,0.285368949174881,-1.1138623823327818,0.023836970329284668,0.0304529070854187,0.006615936756134033,0.9132255911827087,0.9747739136219025,0.6242147037735224,0.47504575002244986,-1.308296650138404,0.02999339720387475,0.006341340350898305
adl-06-cam0-rgb,adl,87,30014,0.6198449432849884,0.4725361317396164,0.6166588962078094,0.28191104531288147,-0.9575342842951741,0.024026095867156982,0.03466174006462097,0.01063564419746399,0.9212544560432434,0.9771081705888113,0.6196361269269661,0.47339762018356424,-1.0002825665242874,0.030736245376207054,0.008178241583175979
adl-06-cam0-rgb,adl,89,30080,0.6152288913726807,0.4729839712381363,0.6125590205192566,0.27979032695293427,-0.7917579020439677,0.016299128532409668,0.03072822093963623,0.014429092407226562,0.9277079701423645,0.9788165787855784,0.6151624489656249,0.4728362673804867,-0.5818819606468768,0.028421297733917855,0.011496167936366342
adl-06-cam0-rgb,adl,91,30146,0.6115050911903381,0.4732467234134674,0.6101009547710419,0.27757710218429565,-0.41115074102554683,0.009978950023651123,0.022184133529663086,0.012205183506011963,0.9318907856941223,0.9798114995161692,0.6110576378318646,0.47356207662330496,-0.2446709105784195,0.023607046831221775,0.015017767231185693
adl-06-cam0-rgb,adl,93,30212,0.6070430874824524,0.4744417667388916,0.607383519411087,0.27545854449272156,0.09802481571670961,6.079673767089844e-05,0.015284359455108643,0.015345156192779541,0.9371464848518372,0.9805817107359568,0.6072665805166408,0.4747009039957279,0.07022365806916672,0.01865655635342451,0.017793981930910224
adl-06-cam0-rgb,adl,95,30278,0.6022195518016815,0.4766759127378464,0.6052004396915436,0.272336944937706,0.8357690328351488,0.005374252796173096,0.015693217515945435,0.02106747031211853,0.9426548480987549,0.9811208248138428,0.6036015650926722,0.47621410420704646,0.35708738540516144,0.015441734553415517,0.021385921544326815
adl-06-cam0-rgb,adl,97,30344,0.6003726720809937,0.47687487304210663,0.6015703082084656,0.26568104326725006,0.3249089238616474,0.008755207061767578,0.014285802841186523,0.0230410099029541,0.9422492980957031,0.9816631575425466,0.6000761516166446,0.4768157427832155,0.4908999818641817,0.015506862045882563,0.020359502726303005
adl-06-cam0-rgb,adl,99,30410,0.5969712734222412,0.4769231230020523,0.5982621908187866,0.25792478024959564,0.3377343450974317,0.004923582077026367,0.01869988441467285,0.02362346649169922,0.9314943552017212,0.9806328813234965,0.5960769974566117,0.47633327176044443,0.49940281845286927,0.01825312244427666,0.016331649574882517
adl-06-cam0-rgb,adl,101,30476,0.5914205610752106,0.47620999813079834,0.5930934548377991,0.2525147274136543,0.4284756001017315,0.005089700222015381,0.023837536573410034,0.018747836351394653,0.9320678114891052,0.9814727405707041,0.5916193668202395,0.47477159936190616,0.29007981572468633,0.022396113836404018,0.013515773531678418
adl-06-cam0-rgb,adl,103,30542,0.5860176086425781,0.4719809591770172,0.586358517408371,0.24668346345424652,0.08669700703445239,0.027238905429840088,0.027911841869354248,0.0006729364395141602,0.9370294213294983,0.98299440741539,0.5860050871516711,0.47255580294957855,0.0996694345895861,0.027362481469199732,0.015411955711645461
adl-06-cam0-rgb,adl,105,30608,0.5783949792385101,0.4695938974618912,0.5787290930747986,0.24104876816272736,0.08376157093036142,0.04649543762207031,0.03332427144050598,0.013171166181564331,0.9411471486091614,0.9843083123366038,0.5786039074520004,0.4708807112334603,0.10397593362845371,0.033958481116728306,0.02443295497914926
adl-06-cam0-rgb,adl,107,30674,0.5704823136329651,0.4689522683620453,0.5690133273601532,0.2363162785768509,-0.361790946587244,0.08234763145446777,0.04098731279373169,0.041360318660736084,0.9454468488693237,0.9855774343013763,0.5698244153034111,0.4699044908796032,0.009244563785418856,0.041779742935003084,0.03759422233868466
adl-06-cam0-rgb,adl,109,30740,0.5596666038036346,0.46917954087257385,0.5599997341632843,0.23426148295402527,0.08124939823949387,0.1113949716091156,0.05139496922492981,0.06000000238418579,0.9481958150863647,0.9865253468354543,0.5593890763206391,0.4695226726851931,-0.11967993605880453,0.05236732430788338,0.051225272608009687
adl-06-cam0-rgb,adl,111,30806,0.5477396249771118,0.47064782679080963,0.5471287965774536,0.22974635660648346,-0.14527854179302524,0.1327747404575348,0.06336081027984619,0.0694139301776886,0.9502494931221008,0.987275650103887,0.547308554251988,0.4692253676843843,-0.3229098530934746,0.06604266463420082,0.061742394388496005
adl-06-cam0-rgb,adl,113,30872,0.5347296595573425,0.4697525203227997,0.5311060398817062,0.22996121644973755,-0.8657624732693993,0.1389477550983429,0.07739013433456421,0.061557620763778687,0.950883686542511,0.9877211650212606,0.5346233689294742,0.4687397481946195,-0.8548287053321955,0.07960542488149738,0.06280115833788197
adl-06-cam0-rgb,adl,115,30938,0.5205038338899612,0.46688687801361084,0.5145937204360962,0.23044824600219727,-1.4318897654707017,0.14261433482170105,0.09171871840953827,0.05089561641216278,0.9493483901023865,0.9877867102622986,0.5218911136125582,0.4671829313813859,-1.7350893393119537,0.08979433400806397,0.056437332134742155
adl-06-cam0-rgb,adl,117,31004,0.5080365240573883,0.4637386053800583,0.49762171506881714,0.22865573316812515,-2.5366997170612793,0.14256194233894348,0.09820720553398132,0.04435473680496216,0.9501992464065552,0.9882219632466634,0.5088254510711274,0.4648473184733157,-2.6650039167116875,0.09398137239408685,0.045358574558130006
adl-06-cam0-rgb,adl,119,31070,0.4970424324274063,0.4634416550397873,0.48088695108890533,0.22807393968105316,-3.9265849007917573,0.12637656927108765,0.0889359563589096,0.03744061291217804,0.9530179500579834,0.9889512856801351,0.4960317796184896,0.4612710833291464,-3.5362754198913557,0.08107724218141453,0.03206938414862657
adl-06-cam0-rgb,adl,121,31136,0.48455582559108734,0.459011510014534,0.4657895863056183,0.22513803839683533,-4.587640993823411,0.0963362455368042,0.07166953384876251,0.024666711688041687,0.956305980682373,0.9897652367750803,0.4828343065012062,0.4589659232339811,-4.03286847855517,0.06036261975507191,0.021406815423593864
adl-06-cam0-rgb,adl,123,31202,0.4689399302005768,0.4577026814222336,0.45282457768917084,0.22074348479509354,-3.890636370486448,0.053432971239089966,0.04537680745124817,0.008056163787841797,0.9326376914978027,0.9857858419418335,0.46990188653076814,0.4590685303722103,-4.165901027227193,0.04443799797848699,0.014226476157898491
adl-06-cam0-rgb,adl,125,31268,0.45788681507110596,0.45640580356121063,0.4391782730817795,0.21818193048238754,-4.490418660759482,1.6450881958007812e-05,0.004582852125167847,0.0045993030071258545,0.8578253984451294,0.9715774754683176,0.4579595073218979,0.4607217629234506,-4.15702959166174,0.041461088698663696,0.010632592491257229
adl-06-cam0-rgb,adl,127,31334,0.4440264105796814,0.46474041044712067,0.42769166827201843,0.2163664847612381,-3.762737682888675,0.05482110381126404,0.04073774814605713,0.01408335566520691,0.8527175188064575,0.9710159003734589,0.44702529339563213,0.4629549486038482,-4.355340629694356,0.051435045865707,0.012218455860625085
adl-06-cam0-rgb,adl,129,31400,0.4362965375185013,0.469807431101799,0.4174707382917404,0.21805985271930695,-4.276644657702008,0.10804891586303711,0.08455412089824677,0.023494794964790344,0.8619870543479919,0.9729583064715067,0.4365546100196378,0.46640928592774705,-4.926369403044514,0.06827373647844627,0.021042373466801306
adl-06-cam0-rgb,adl,131,31466,0.4287519007921219,0.469346821308136,0.4032001346349716,0.2195299118757248,-5.840016516763417,0.13711455464363098,0.1056915670633316,0.03142298758029938,0.8743924498558044,0.9754153887430826,0.4261861491254908,0.46941871870131646,-5.838237301019616,0.086468831414268,0.03445690883186467
adl-06-cam0-rgb,adl,133,31532,0.41583114862442017,0.4694099426269531,0.3852326422929764,0.22039661556482315,-7.005330018579983,0.1438058614730835,0.09991520643234253,0.04389065504074097,0.8849400281906128,0.9775164028008779,0.41381385335416443,0.47125778505296345,-6.398108006073111,0.09771363733908817,0.04742744610165098
adl-06-cam0-rgb,adl,135,31598,0.39991068840026855,0.4720553308725357,0.3689609467983246,0.22286348044872284,-7.079906232748564,0.14287614822387695,0.08388695120811462,0.05898919701576233,0.8945972919464111,0.9794353246688843,0.4002596192158656,0.47123036278790664,-6.657857699744996,0.08990908694731711,0.05503039552277809
adl-06-cam0-rgb,adl,137,31664,0.3852688819169998,0.4715708792209625,0.356692299246788,0.22434011846780777,-6.593369692932608,0.1332947313785553,0.0716523677110672,0.0616423636674881,0.904211699962616,0.9813253581523895,0.3851270651146441,0.4711282645469097,-6.18809144853906,0.07411320797808747,0.05528370719967458
adl-06-cam0-rgb,adl,139,31730,0.3682021349668503,0.4708775132894516,0.3476376384496689,0.22764843702316284,-4.832741731145816,0.11137369275093079,0.05702807009220123,0.05434562265872955,0.9118291139602661,0.9828413228193918,0.37008392946286583,0.47102138458134224,-5.253789200274172,0.057872576566485534,0.04848864526201629
adl-06-cam0-rgb,adl,141,31796,0.35654501616954803,0.47134464979171753,0.3401564359664917,0.23413223028182983,-3.952182369631383,0.07727417349815369,0.0440438836812973,0.033230289816856384,0.918892502784729,0.9842493335405985,0.3563534016862055,0.47116006343137584,-4.201340710186452,0.04477632619859846,0.03522145638476197
adl-06-cam0-rgb,adl,143,31862,0.3452664166688919,0.4712068885564804,0.33238454163074493,0.23837704956531525,-3.1667991534863837,0.04982981085777283,0.03504405915737152,0.014785751700401306,0.9194604754447937,0.9844516416390737,0.3448096742103621,0.4711663459157524,-3.4449676227157564,0.034453328940775435,0.021305174409569055
adl-06-cam0-rgb,adl,145,31928,0.33530019223690033,0.4715072065591812,0.3227085471153259,0.24381586909294128,-3.1653115253711253,0.032071828842163086,0.025038883090019226,0.00703294575214386,0.912405252456665,0.9832556446393331,0.3354293478257724,0.47306419599365807,-2.9772084699775987,0.02614159901420788,0.01079082514816547
adl-06-cam0-rgb,adl,147,31994,0.326973557472229,0.4760502576828003,0.3156196177005768,0.24982307851314545,-2.8731625275795167,0.01680588722229004,0.019611060619354248,0.002805173397064209,0.9092496037483215,0.9827484587828318,0.3282419420552971,0.476059038917739,-2.8189513321738886,0.02012593037896339,0.0044247822199032895
adl-06-cam0-rgb,adl,149,32060,0.3234257698059082,0.47808724641799927,0.31115902960300446,0.25954045355319977,-3.212564918741794,0.008075475692749023,0.016612589359283447,0.008537113666534424,0.9038805961608887,0.9817855854829153,0.3226922191840741,0.47941017466964075,-2.8862471623388473,0.016058116893231587,0.002922232016856534
adl-06-cam0-rgb,adl,151,32126,0.3197513222694397,0.48514360189437866,0.3081011325120926,0.2681373804807663,-3.0730294906905273,0.00974571704864502,0.014398068189620972,0.004652351140975952,0.9056812524795532,0.982134481271108,0.31903661600439015,0.4824971635362279,-3.1853024231781397,0.013328084568956695,0.003236645614946039
adl-06-cam0-rgb,adl,153,32192,0.3170977681875229,0.4858158528804779,0.3038714975118637,0.27894142270088196,-3.658158667157463,0.01039266586303711,0.011944279074668884,0.001551613211631775,0.9074734449386597,0.9824155767758688,0.3174058767237184,0.48504570016871207,-3.8521383847987343,0.012218993270035929,0.003193887087689846
adl-06-cam0-rgb,adl,155,32258,0.31777139008045197,0.485948383808136,0.2996879518032074,0.29075852036476135,-5.29307974576196,0.008747220039367676,0.012934759259223938,0.004187539219856262,0.899278998374939,0.9805295765399933,0.317945282696645,0.48607267755450556,-5.177258818372355,0.012854714543272389,0.004679083179085796
adl-06-cam0-rgb,adl,157,32324,0.31914122402668,0.48597148060798645,0.29741768538951874,0.3071686029434204,-6.927162715614592,0.007732748985290527,0.014111235737800598,0.006378486752510071,0.890754222869873,0.9785650372505188,0.32045126264487467,0.4868071997836548,-7.2786277151566505,0.016078653338151554,0.007453690037066793
adl-06-cam0-rgb,adl,159,32390,0.3244180381298065,0.4878428131341934,0.2950291484594345,0.32100656628608704,-9.990393316478729,0.008221089839935303,0.018772989511489868,0.010551899671554565,0.8655728697776794,0.973416288693746,0.3248934258759275,0.487140701575712,-10.210690380035773,0.021358956441734744,0.013400917122890403
adl-06-cam0-rgb,adl,161,32456,0.33107277750968933,0.48798513412475586,0.2934943735599518,0.33334362506866455,-13.658329084101748,0.0055123865604400635,0.027042239904403687,0.021529853343963623,0.8539431095123291,0.9708492656548818,0.3302979201594467,0.4893856132443326,-13.548240019749697,0.02597339838356163,0.01964356688968028
adl-06-cam0-rgb,adl,163,32522,0.3371046334505081,0.4923385828733444,0.2914268374443054,0.3498581349849701,-17.775326907898656,0.006871402263641357,0.033034101128578186,0.02616269886493683,0.8427135944366455,0.9685536026954651,0.3357719882226089,0.49295004879757365,-17.242647882849486,0.029056263434422438,0.023995623960123398
adl-06-cam0-rgb,adl,165,32588,0.34123872220516205,0.4965588450431824,0.28864680230617523,0.3633398562669754,-21.543013903183315,0.0030241012573242188,0.03172726929187775,0.028703168034553528,0.8323890566825867,0.9663984676202139,0.3412080668396759,0.4969748584997079,-21.280043927161163,0.028479406779462597,0.026834730268556792
adl-06-cam0-rgb,adl,167,32654,0.3449493795633316,0.5031096637248993,0.2849194407463074,0.3758501708507538,-25.25385434484259,0.0021773576736450195,0.023704901337623596,0.025882259011268616,0.8025479316711426,0.960736890633901,0.3455281943985905,0.5015729162600127,-25.606515663383462,0.025395347442461778,0.02646694451699521
adl-06-cam0-rgb,adl,169,32720,0.34907400608062744,0.5064859092235565,0.280581071972847,0.38936805725097656,-30.319976043212986,0.0013674497604370117,0.02109748125076294,0.02246493101119995,0.7478028535842896,0.9467184146245321,0.3492176394699966,0.5061923219011968,-30.180112161012204,0.02123977327759645,0.023423006266226468
adl-06-cam0-rgb,adl,171,32786,0.35322897136211395,0.5085011422634125,0.2777060717344284,0.4037119299173355,-35.78076546168064,0.007690310478210449,0.01373802125453949,0.02142833173274994,0.7176216840744019,0.939500649770101,0.3524536945861134,0.5097308811042208,-35.71233475060932,0.018334084000938358,0.020396332849155742
adl-06-cam0-rgb,adl,173,32852,0.3550359457731247,0.5132271349430084,0.27518728375434875,0.42563606798648834,-42.352531742533635,0.0027940869331359863,0.018730446696281433,0.015936359763145447,0.6899552345275879,0.933975617090861,0.35537147870311436,0.5120871674704854,-42.84163573015566,0.018001851323363044,0.017421283118136493
adl-06-cam0-rgb,adl,175,32918,0.35845912992954254,0.5137888193130493,0.27039265632629395,0.4384481906890869,-49.45310188333135,0.0057259202003479,0.021690383553504944,0.015964463353157043,0.6552748680114746,0.9285395840803782,0.3583257704779698,0.513770099971201,-50.37471740467868,0.019634441386311603,0.016620269540326416
adl-06-cam0-rgb,adl,177,32984,0.3603713810443878,0.5142368972301483,0.26671918481588364,0.46010880172252655,-59.97340568581119,0.008490711450576782,0.025066107511520386,0.016575396060943604,0.616167426109314,0.922497938076655,0.36106833607216404,0.5146398519153714,-58.7559382088631,0.02315711205526863,0.016743411239865537
adl-06-cam0-rgb,adl,179,33050,0.36294853687286377,0.5137766301631927,0.26453374326229095,0.4777109622955322,-69.873836064645,0.012142449617385864,0.028470724821090698,0.016328275203704834,0.557608425617218,0.9085282782713572,0.3635991754856975,0.5146964233029966,-67.98529814270896,0.028569863330234167,0.017790708216753874
adl-06-cam0-rgb,adl,181,33116,0.3666854500770569,0.5147040486335754,0.26436249911785126,0.49007880687713623,-76.4684103320038,0.013260722160339355,0.03449374437332153,0.021233022212982178,0.5033825635910034,0.8925332427024841,0.36591828871857013,0.5139398141340769,-78.06279720621623,0.035872695211208214,0.019762160470991424
adl-07-cam0-rgb,adl,21,34776,0.6860778331756592,0.49478305876255035,0.6872022449970245,0.3578273057937622,0.4703899103619653,0.03618299961090088,0.024221479892730713,0.011961519718170166,0.5323771238327026,0.8600615163644155,0.6857202759294797,0.494244741580703,0.24439122220564688,0.0219259014635375,0.012407429471160428
adl-07-cam0-rgb,adl,23,34842,0.6824228465557098,0.4934748262166977,0.6829992234706879,0.354186475276947,0.23708928941115787,0.028961896896362305,0.019603759050369263,0.009358137845993042,0.5750266313552856,0.8721184730529785,0.6829883369532497,0.4936611901178503,0.16539892448011514,0.020433663599418866,0.010727068149682247
adl-07-cam0-rgb,adl,25,34908,0.6810850501060486,0.49271827936172485,0.6804156601428986,0.3516109138727188,-0.2717996463760834,0.028590798377990723,0.015673458576202393,0.01291733980178833,0.6149494647979736,0.8837911387284597,0.6808506411907475,0.49326878397753726,0.13123831515078027,0.01927206456919253,0.009667058940573688
adl-07-cam0-rgb,adl,27,34974,0.6792410612106323,0.49268870055675507,0.678690493106842,0.34851768612861633,-0.218803172468444,0.02798902988433838,0.01810777187347412,0.009881258010864258,0.643071711063385,0.8913054466247559,0.6793071886419731,0.4930675231597638,0.14190939421764226,0.01844110437285848,0.009227401843834748
adl-07-cam0-rgb,adl,29,35040,0.6781435608863831,0.4928227812051773,0.6790403723716736,0.34806860983371735,0.35496632141695256,0.02651393413543701,0.018239617347717285,0.008274316787719727,0.6728526949882507,0.9001685778299967,0.678357979306926,0.49305740766452955,0.19741216168070075,0.017940783010416708,0.009408096859465417
adl-07-cam0-rgb,adl,31,35106,0.67799511551857,0.49377091228961945,0.679337739944458,0.3464488387107849,0.5221524620064044,0.02789628505706787,0.02018842101097107,0.007707864046096802,0.7002938389778137,0.9085082709789276,0.6783433070172469,0.4935844463832443,0.4054667227912332,0.018497269519995793,0.010410811348910956
adl-07-cam0-rgb,adl,33,35172,0.6785613298416138,0.4943075031042099,0.6802650392055511,0.3426440805196762,0.6436044278135468,0.031228601932525635,0.019351303577423096,0.011877298355102539,0.7268044948577881,0.9167681336402893,0.6786667338181358,0.49420047554618796,0.6072363559287418,0.018823228873215685,0.010956969870117305
adl-07-cam0-rgb,adl,35,35238,0.6793412566184998,0.49431638419628143,0.68165323138237,0.3366411626338959,0.840061632890197,0.03343743085861206,0.017840862274169922,0.015596568584442139,0.7510676383972168,0.92413662870725,0.6794788805179255,0.4944029985826246,0.665219608672037,0.018880460556451352,0.013055662443111451
adl-07-cam0-rgb,adl,37,35304,0.6801810562610626,0.4943685829639435,0.6817280650138855,0.331437349319458,0.5439988819565194,0.03386867046356201,0.018159538507461548,0.015709131956100464,0.7718169689178467,0.9303755462169647,0.6798176411942477,0.4940156615399688,0.7484055419400462,0.019699530426041875,0.015048694300961164
adl-07-cam0-rgb,adl,39,35370,0.6799061000347137,0.49375976622104645,0.6818644404411316,0.32698529958724976,0.672761758523333,0.03562265634536743,0.019625574350357056,0.015997081995010376,0.7931855320930481,0.9368549486001333,0.6795862536409707,0.49305637496890375,0.8840739028879938,0.019638058169063524,0.018267151339229543
adl-07-cam0-rgb,adl,41,35436,0.6790095865726471,0.4916287958621979,0.6815723180770874,0.32390931248664856,0.8754038026717978,0.04382669925689697,0.022182554006576538,0.021644145250320435,0.8109993934631348,0.941994865735372,0.678485744572304,0.49191476004722245,0.9697964897741695,0.02007675287011379,0.022966568475161764
adl-07-cam0-rgb,adl,43,35502,0.6756109893321991,0.4902684986591339,0.6795942187309265,0.3218417167663574,1.3547708773620966,0.04690736532211304,0.021676331758499146,0.02523103356361389,0.8239644765853882,0.9442544082800547,0.6766893770787613,0.4908910420807918,0.8708775346899498,0.019637258537919977,0.02859401264231954
adl-07-cam0-rgb,adl,45,35568,0.6736619472503662,0.4897633194923401,0.6763255894184113,0.32083630561828613,0.9033653320926578,0.053251028060913086,0.017471611499786377,0.03577941656112671,0.8403186202049255,0.9480749567349752,0.673736358488792,0.4900590211669081,0.7419773553112398,0.019461873934898517,0.03353433549662168
adl-07-cam0-rgb,adl,47,35634,0.6696521937847137,0.4898226112127304,0.6708385050296783,0.32011014223098755,0.40049809486051013,0.06054872274398804,0.02060595154762268,0.039942771196365356,0.8535789847373962,0.951497217019399,0.6694889087955662,0.4900616697676763,0.490133064528957,0.021342493109888814,0.035539105212017516
adl-07-cam0-rgb,adl,49,35700,0.6650132834911346,0.489997535943985,0.6646444797515869,0.3185374289751053,-0.12324070904956783,0.05509823560714722,0.020135074853897095,0.03496316075325012,0.8570285439491272,0.9543454746405283,0.663540406273556,0.49026169366650696,0.3093438119138199,0.02458837654167436,0.03314011398847996
adl-07-cam0-rgb,adl,51,35766,0.6566377580165863,0.4897799640893936,0.6573461890220642,0.31648676097393036,0.23422661620184176,0.055349647998809814,0.02926275134086609,0.026086896657943726,0.8652071356773376,0.9577717483043671,0.6564761824680088,0.48952617480125193,0.17328713667867518,0.027478268781265615,0.026134681521039982
adl-07-cam0-rgb,adl,53,35832,0.6477081775665283,0.489931657910347,0.6487806439399719,0.31303367018699646,0.347358637758259,0.053464651107788086,0.036754727363586426,0.01670992374420166,0.868048906326294,0.9600448608398438,0.6481950494634116,0.4881405189181812,0.31471652655475374,0.030762113534010805,0.01599380283644703
adl-07-cam0-rgb,adl,55,35898,0.6380821764469147,0.48557884991168976,0.640650600194931,0.30896879732608795,0.8331885152824817,0.042172014713287354,0.03409549593925476,0.008076518774032593,0.8773500919342041,0.9633240600426992,0.6390323814375567,0.4856434881816172,0.6992769714738796,0.03476651148362588,0.009407202660779405
adl-07-cam0-rgb,adl,57,35964,0.6306450068950653,0.4811287969350815,0.6330831348896027,0.30411629378795624,0.7891284988786724,0.03155660629272461,0.030036360025405884,0.0015202462673187256,0.8853237628936768,0.9661988417307535,0.6299578930650429,0.48251593267762743,1.132824978294325,0.03919139556038426,0.008196340623872093
adl-07-cam0-rgb,adl,59,36030,0.6217474043369293,0.4795312434434891,0.6260876953601837,0.30103224515914917,1.3929006160940596,0.030327558517456055,0.037825554609298706,0.007497996091842651,0.8946136236190796,0.9690767625967661,0.6214790877067673,0.47866018219685585,1.3634605692973039,0.03448655220853297,0.01061606755504359
adl-07-cam0-rgb,adl,61,36096,0.6123794913291931,0.4749873876571655,0.6179190874099731,0.29750046133995056,1.7876948988807517,0.019992947578430176,0.04245948791503906,0.022466540336608887,0.9043176770210266,0.9710482855637869,0.6137947833641257,0.47504609571648815,1.3982108096098407,0.02858739613970633,0.01551855784473995
adl-07-cam0-rgb,adl,63,36162,0.6066316366195679,0.4728296250104904,0.6106837689876556,0.2945638597011566,1.3021575283190625,0.0040201544761657715,0.030825316905975342,0.02680516242980957,0.9024031758308411,0.9689395626386007,0.6067948231707395,0.47266094644606305,1.0909255760826762,0.02818009876585622,0.02236070841937867
adl-07-cam0-rgb,adl,65,36228,0.5991662442684174,0.4695139229297638,0.6010149717330933,0.2908434420824051,0.5928259706876393,0.021956562995910645,0.005258113145828247,0.02721467614173889,0.8879674077033997,0.967817614475886,0.5999027173240454,0.4705420818937799,0.5522918732249573,0.03160717580225556,0.0298918738509669
adl-07-cam0-rgb,adl,67,36294,0.5931161046028137,0.47032879292964935,0.5927973389625549,0.2883371263742447,-0.10035573336452998,0.06659644842147827,0.032650649547576904,0.03394579887390137,0.8928272128105164,0.9699566761652628,0.5921603096769993,0.4701328207275045,-0.09699025636629394,0.035503770494873854,0.038565295212196524
adl-07-cam0-rgb,adl,69,36360,0.584466964006424,0.47072871029376984,0.5821701288223267,0.2879403084516525,-0.7199145866946067,0.09994405508041382,0.05464997887611389,0.04529407620429993,0.8975168466567993,0.9719359775384268,0.5829666651688604,0.4714015726145205,-0.31585679365608926,0.03986448075348159,0.0477229114218707
adl-07-cam0-rgb,adl,71,36426,0.573173850774765,0.47089193761348724,0.5712380409240723,0.2881757766008377,-0.6070047891183008,0.10976594686508179,0.05257222056388855,0.05719372630119324,0.8987610340118408,0.9732173184553782,0.5716271822328682,0.47291743794044827,0.046891812588701925,0.04375914797122338,0.05864682251756833
adl-07-cam0-rgb,adl,73,36492,0.558191567659378,0.47722870111465454,0.5595181584358215,0.2865050882101059,0.3985181790294423,0.11220788955688477,0.04089275002479553,0.07131513953208923,0.9033070802688599,0.9749468564987183,0.559369449878667,0.4741719324480397,0.5038689350713534,0.04314036531881846,0.06644475137516523
adl-07-cam0-rgb,adl,75,36558,0.5459392964839935,0.4756109267473221,0.5522031486034393,0.2778000682592392,1.813714412825125,0.09648984670639038,0.027864426374435425,0.06862542033195496,0.9065259099006653,0.9763652185599009,0.5468295967424062,0.47445001456386526,0.8935479137713658,0.03040770663843522,0.06392752479165137
adl-07-cam0-rgb,adl,77,36624,0.5338517725467682,0.4729307144880295,0.5399770438671112,0.27398480474948883,1.763501268761484,0.07735073566436768,0.01655140519142151,0.06079933047294617,0.9099098443984985,0.9777252872784933,0.5351942457032919,0.47334368907527935,1.1011922561005991,0.016798974696175854,0.050581773444687575
adl-07-cam0-rgb,adl,79,36690,0.5248136818408966,0.4707070589065552,0.5262461304664612,0.2670682668685913,0.4030268798410401,0.04591768980026245,0.008133083581924438,0.03778460621833801,0.9072086811065674,0.9779600004355112,0.524780324656209,0.4713004205650059,1.0008165517967766,0.008619547019273161,0.03572220577822098
adl-07-cam0-rgb,adl,81,36756,0.5159060060977936,0.4691123217344284,0.5167100876569748,0.26624907553195953,0.22709997658389128,0.009296059608459473,0.0013444125652313232,0.010640472173690796,0.891312301158905,0.9758448004722595,0.5151991528737073,0.46853006692417704,0.6901465844565559,0.006613939419969329,0.026303180045895727
adl-07-cam0-rgb,adl,83,36822,0.5064009130001068,0.46547287702560425,0.507167637348175,0.26499152183532715,0.21912189778564406,0.017989039421081543,0.008931905031204224,0.00905713438987732,0.8875973224639893,0.975699802239736,0.5054047067056996,0.4667185030200258,0.31931684372904184,0.010129002201092694,0.026369212058199396
adl-07-cam0-rgb,adl,85,36888,0.4960995465517044,0.4663235992193222,0.49667762219905853,0.26542364060878754,0.16486416250053604,0.0581909716129303,0.01907108724117279,0.03911988437175751,0.895934522151947,0.9776344696680704,0.495609330021457,0.46561399940804415,0.17694153078867064,0.017926624197980516,0.033208578566968135
adl-07-cam0-rgb,adl,87,36954,0.4853031039237976,0.46642443537712097,0.4853026866912842,0.26568424701690674,-0.00011908757429336055,0.08740466833114624,0.029792606830596924,0.057612061500549316,0.9018330574035645,0.9790981908639272,0.485803081553219,0.4660366230454789,-0.12149174899424611,0.02829154958198593,0.0442504484803129
adl-07-cam0-rgb,adl,89,37020,0.4760242998600006,0.4665956497192383,0.4727177321910858,0.26967065036296844,-0.9619630374315243,0.09802386164665222,0.03860655426979065,0.05941730737686157,0.9072490334510803,0.9804202218850454,0.47682096599500345,0.4678713952179072,-1.2783863984754218,0.03860912578446518,0.05362930790686496
adl-07-cam0-rgb,adl,91,37086,0.4688362330198288,0.4703872948884964,0.4606492817401886,0.2766726016998291,-2.420047569228656,0.09753769636154175,0.045513346791267395,0.05202434957027435,0.9126514196395874,0.9816829661528269,0.46890515946980615,0.4713956503383002,-3.088540552850324,0.044840928473513814,0.055003831332380036
adl-07-cam0-rgb,adl,93,37152,0.4629346877336502,0.4769095331430435,0.44482672214508057,0.2850951552391052,-5.392944378176853,0.09460222721099854,0.049372658133506775,0.04522956907749176,0.9181800484657288,0.9829360445340475,0.4628905501071502,0.4758459739870833,-5.464523370920251,0.04759292665756103,0.04927692068861669
adl-07-cam0-rgb,adl,95,37218,0.45828524231910706,0.4809631258249283,0.4296467453241348,0.29266615211963654,-8.647964699082221,0.08898884057998657,0.04760083556175232,0.04138800501823425,0.9231493473052979,0.9840691983699799,0.4584653406561188,0.4813971589137974,-8.045405603997398,0.04591416932029635,0.04288473963995511
adl-07-cam0-rgb,adl,97,37284,0.45415380597114563,0.4868343770503998,0.42039668560028076,0.3032548427581787,-10.419313703132694,0.07943618297576904,0.04086342453956604,0.038572758436203,0.9283201098442078,0.985173761844635,0.45506228583973657,0.48657682125186436,-10.369578572366034,0.04119589376501184,0.03820751117163401
adl-07-cam0-rgb,adl,99,37350,0.4531954526901245,0.49176815152168274,0.41466380655765533,0.31478747725486755,-12.282574305755725,0.07241669297218323,0.035607993602752686,0.03680869936943054,0.9347715377807617,0.9864668945471445,0.45215174768652167,0.490845695847556,-12.058093958891765,0.03506566738927514,0.03487536588530515
adl-07-cam0-rgb,adl,101,37416,0.4498964101076126,0.49503985047340393,0.41086335480213165,0.3258672058582306,-12.992434758084658,0.057783812284469604,0.026744350790977478,0.031039461493492126,0.9402582049369812,0.9875709315141042,0.44938764937254194,0.49400472976428533,-12.788941338617764,0.02988862430120439,0.031522758014790375
adl-07-cam0-rgb,adl,103,37482,0.44699403643608093,0.49563324451446533,0.40970028936862946,0.334927961230278,-13.064975263605792,0.05285230278968811,0.02514404058456421,0.0277082622051239,0.9453265070915222,0.9885421295960745,0.44672095801407063,0.4964910875280175,-12.94012941470826,0.02666005530914699,0.02798705402906835
adl-07-cam0-rgb,adl,105,37548,0.44386525452136993,0.4992036372423172,0.40937434136867523,0.3440736085176468,-12.534992700825725,0.050021976232528687,0.02547602355480194,0.024545952677726746,0.9502668380737305,0.9895123839378357,0.4442510059772625,0.4984433499378552,-12.928345294622412,0.025612231650393724,0.024732700351512756
adl-07-cam0-rgb,adl,107,37614,0.44122475385665894,0.5011849105358124,0.4106755405664444,0.35655297338962555,-11.926732149447119,0.04925417900085449,0.02765113115310669,0.021603047847747803,0.9548266530036926,0.9903975824515024,0.4416647352826537,0.5016887069264524,-12.410616284972374,0.02551750361403342,0.02189944568392515
adl-07-cam0-rgb,adl,109,37680,0.43999183177948,0.504875659942627,0.41122469305992126,0.36903055012226105,-11.956559616375424,0.046922147274017334,0.02658069133758545,0.020341455936431885,0.9583821296691895,0.9910230835278829,0.43987928001911547,0.5063056400715007,-11.62697234988774,0.026301528726305243,0.02025055111228643
adl-07-cam0-rgb,adl,111,37746,0.43903207778930664,0.5119501352310181,0.4141274094581604,0.386589452624321,-11.236316575313708,0.045796722173690796,0.026506274938583374,0.019290447235107422,0.9611068964004517,0.9913707872231802,0.4387359577210944,0.5127473977995117,-10.53553038184677,0.02632763239986449,0.01905903071810154
adl-07-cam0-rgb,adl,113,37812,0.4375942498445511,0.5221914350986481,0.4179905652999878,0.3964845836162567,-8.863746274710579,0.04312989115715027,0.025178268551826477,0.01795162260532379,0.9640357494354248,0.9919247925281525,0.43822011512853304,0.5206079593339517,-9.133388229769963,0.026013258151161685,0.018462448731645334
adl-07-cam0-rgb,adl,115,37878,0.438036784529686,0.5290456712245941,0.4226161390542984,0.41013649106025696,-7.389119803511574,0.0441436767578125,0.025783196091651917,0.018360480666160583,0.9663450717926025,0.9922566711902618,0.43796277368739506,0.5285381317396693,-7.497746852925884,0.02566080692010521,0.018157868932335897
adl-07-cam0-rgb,adl,117,37944,0.4381333738565445,0.5392585396766663,0.4264592081308365,0.4210842400789261,-5.6418122259496934,0.04404911398887634,0.025903567671775818,0.018145546317100525,0.9687079787254333,0.992660274108251,0.4376916179022225,0.5380445877452942,-5.711836912259673,0.02590217354235707,0.017832824226581664
adl-07-cam0-rgb,adl,119,38010,0.43794479966163635,0.549104630947113,0.42952075600624084,0.43275032937526703,-4.1409853552413445,0.04429098963737488,0.02630472183227539,0.017986267805099487,0.9704778790473938,0.9929177562395731,0.4377682944396867,0.5504428310827767,-4.297244229013909,0.026247096139115134,0.01788547402852539
adl-07-cam0-rgb,adl,121,38076,0.4373818635940552,0.5573638379573822,0.4309558868408203,0.442034050822258,-3.1891244660286904,0.04450508952140808,0.027017056941986084,0.017488032579421997,0.9726120233535767,0.9933554927508036,0.43785948644984785,0.5635764966537418,-3.2838646912574756,0.027003378321082006,0.01796431200844898
adl-07-cam0-rgb,adl,123,38142,0.4373176842927933,0.5793947875499725,0.4320659339427948,0.44936978816986084,-2.3129372249462334,0.045194923877716064,0.02768118679523468,0.017513737082481384,0.9747034311294556,0.9938178956508636,0.4376365779798262,0.5774699063786173,-2.359470771164068,0.02767852077752477,0.01775793260310117
adl-07-cam0-rgb,adl,125,38208,0.43805940449237823,0.5965317189693451,0.43288810551166534,0.4574660360813141,-2.129620634299517,0.046565115451812744,0.028271600604057312,0.018293514847755432,0.9769612550735474,0.9943420092264811,0.4372296208169031,0.5905329191581503,-1.7080154709358029,0.02850578228632605,0.017434369821053022
adl-07-cam0-rgb,adl,127,38274,0.43668532371520996,0.600135087966919,0.43389153480529785,0.4648820161819458,-1.183333960869787,0.046603620052337646,0.029685258865356445,0.0169183611869812,0.9788215160369873,0.9947551588217417,0.43655335780604,0.6009586369578448,-1.2740902015389377,0.02944565638577263,0.016758530493422477
adl-07-cam0-rgb,adl,129,38340,0.43582434952259064,0.6083616614341736,0.43413421511650085,0.4733271151781082,-0.7170943632133422,0.0461520254611969,0.030100539326667786,0.016051486134529114,0.9806408286094666,0.9951852957407633,0.4357336715057292,0.6082076880580927,-1.015407217407934,0.030354436535339806,0.016001698839199982
adl-07-cam0-rgb,adl,131,38406,0.4347015619277954,0.6131512820720673,0.4325002431869507,0.4816477298736572,-0.9590196787392399,0.04615044593811035,0.03101232647895813,0.015138119459152222,0.9820783138275146,0.9954887827237447,0.43499981441022967,0.6126499959142684,-1.0209991855300213,0.030981258138433634,0.0154608922861355
adl-07-cam0-rgb,adl,133,38472,0.43394835293293,0.6136822998523712,0.43134960532188416,0.48941831290721893,-1.1980588448947351,0.04614591598510742,0.03176318109035492,0.014382734894752502,0.9831709265708923,0.995598167181015,0.43444958400158595,0.6166054667074434,-1.1678462215314482,0.03133959178026616,0.015213820389854936
adl-07-cam0-rgb,adl,135,38538,0.4343268573284149,0.6201672852039337,0.43110156059265137,0.49617381393909454,-1.4900319113385727,0.0468878448009491,0.031483352184295654,0.015404492616653442,0.9842859506607056,0.9957754413286845,0.43448163446409815,0.6218433991655118,-1.4933268342285717,0.03128888725718374,0.015450433864221921
adl-07-cam0-rgb,adl,137,38604,0.43525511026382446,0.6286857724189758,0.4310472905635834,0.5005119293928146,-1.8802881217715304,0.047319233417510986,0.030668020248413086,0.0166512131690979,0.9856341481208801,0.9960732261339823,0.4348181311315266,0.6258390753558178,-1.6573962592557128,0.031064430679077663,0.01589554038656736
adl-07-cam0-rgb,adl,139,38670,0.43535085022449493,0.6296046376228333,0.43152500689029694,0.5016949474811554,-1.7132348715840873,0.047156333923339844,0.030624911189079285,0.01653142273426056,0.9866082668304443,0.9962121744950613,0.43523317814131257,0.6294898670731159,-1.565662271505332,0.030701053026434617,0.016187220747336657
adl-07-cam0-rgb,adl,141,38736,0.4359043538570404,0.633554071187973,0.43264317512512207,0.5040358603000641,-1.4423632279857515,0.04633283615112305,0.02999815344810486,0.01633468270301819,0.9875611066818237,0.9963931242624918,0.4357565349830687,0.6329212751223403,-1.3576758811554317,0.030162769736665623,0.016438172622160453
adl-07-cam0-rgb,adl,143,38802,0.4363270550966263,0.6325421333312988,0.43434977531433105,0.505900502204895,-0.8944971820611951,0.04627591371536255,0.029662534594535828,0.01661337912082672,0.9882698059082031,0.9964885115623474,0.4362686409965732,0.6340784173765215,-1.0807472764523558,0.029601685348011157,0.016451918008007504
adl-07-cam0-rgb,adl,145,38868,0.436476394534111,0.6341737806797028,0.4349161833524704,0.5083716213703156,-0.7105516590637445,0.04542452096939087,0.029209747910499573,0.016214773058891296,0.9888188242912292,0.9965044359366099,0.4371653346272252,0.6339607610330944,-0.9008163762491643,0.028663583519138773,0.017047808154836853
adl-07-cam0-rgb,adl,147,38934,0.4381982535123825,0.6354734003543854,0.4362565279006958,0.5086053907871246,-0.8768482874813192,0.045450359582901,0.02752150595188141,0.017928853631019592,0.9892469644546509,0.9965324600537618,0.43834680247874425,0.6338350501927453,-0.9253754841592632,0.027402381682808744,0.01816201642220152
adl-07-cam0-rgb,adl,149,39000,0.43948423862457275,0.6320935785770416,0.4372957944869995,0.508563220500946,-1.0149367283030553,0.04546847939491272,0.02628988027572632,0.0191785991191864,0.9859963655471802,0.9957197705904642,0.4394823403069461,0.6330346284490633,-1.0458325064331526,0.026197393477221033,0.01944088677823283
adl-07-cam0-rgb,adl,151,39066,0.44131916761398315,0.6319341361522675,0.43829403817653656,0.5091390907764435,-1.411230368965418,0.046325623989105225,0.024442732334136963,0.02188289165496826,0.985161542892456,0.9956303834915161,0.4405364201311419,0.6325100061697352,-1.2504343836979304,0.025103115609713927,0.020746921241541413
adl-07-cam0-rgb,adl,153,39132,0.4411647468805313,0.6315979063510895,0.4381804019212723,0.5102204978466034,-1.408465782488279,0.046153753995895386,0.024389401078224182,0.021764352917671204,0.9844417572021484,0.9955626626809438,0.4410488839015294,0.6316028375388215,-1.2719960484594495,0.02470214413358016,0.02154813403691045
adl-07-cam0-rgb,adl,155,39198,0.4410600960254669,0.6314512491226196,0.43856461346149445,0.51139235496521,-1.1907492081820676,0.046686023473739624,0.024724125862121582,0.021961897611618042,0.9819848537445068,0.9951044023036957,0.44124344720210795,0.6310383237543551,-1.2520693675754262,0.024666133187549934,0.022171643453759
adl-07-cam0-rgb,adl,157,39264,0.4409773051738739,0.6313760280609131,0.4386512339115143,0.5117642283439636,-1.114081301341869,0.04743480682373047,0.025113940238952637,0.022320866584777832,0.9793689250946045,0.9946332474549612,0.4409515993161628,0.6314958748105275,-1.0330437379544986,0.02514762589425748,0.022418451257598317
adl-07-cam0-rgb,adl,159,39330,0.4400724917650223,0.631334125995636,0.438814252614975,0.5118749141693115,-0.6034622700349977,0.04814329743385315,0.026437178254127502,0.021706119179725647,0.9787870049476624,0.9945646723111471,0.44063464703755917,0.6317686420498463,-0.8187761908117259,0.025665331906054405,0.022682299281095497
adl-07-cam0-rgb,adl,161,39396,0.4410806894302368,0.6323715448379517,0.4392234534025192,0.5123017728328705,-0.8861789171276764,0.04959574341773987,0.02545502781867981,0.02414071559906006,0.9772405028343201,0.9942838052908579,0.440200105051457,0.6324258564096499,-0.5331700938654468,0.02624414719286415,0.022946362049032568
adl-07-cam0-rgb,adl,163,39462,0.43957145512104034,0.6338759958744049,0.4391654431819916,0.5123103559017181,-0.19135903902785073,0.04997432231903076,0.026896223425865173,0.02307809889316559,0.9750350117683411,0.9938137034575144,0.4401303178820253,0.6333147532496093,-0.5167455291137905,0.026401467266536856,0.023431811884884163
adl-07-cam0-rgb,adl,165,39528,0.4404701441526413,0.6337254345417023,0.4390000253915787,0.5125666856765747,-0.6951827065698136,0.05044117569923401,0.025996282696723938,0.02444489300251007,0.9742722511291504,0.993649015824,0.4401951188390899,0.634340898299113,-0.6032394428231517,0.026366496627980976,0.023991365453381524
adl-07-cam0-rgb,adl,167,39594,0.4394581764936447,0.6354380249977112,0.43862247467041016,0.5127921998500824,-0.3904042091256041,0.05052599310874939,0.02700580656528473,0.02352018654346466,0.9732406735420227,0.9934674600760142,0.4405911496449336,0.6353940047742992,-0.8969697340924271,0.025984794933558503,0.024846125861783013
adl-07-cam0-rgb,adl,169,39660,0.4417883902788162,0.6358450353145599,0.43818651139736176,0.5126281082630157,-1.6743941826484523,0.05097121000289917,0.024990126490592957,0.025981083512306213,0.9732468724250793,0.9935007890065511,0.44079380988816613,0.6359257735473244,-1.1249975697225103,0.025805916427533826,0.025332964666478008
adl-07-cam0-rgb,adl,171,39726,0.4412624388933182,0.6360450088977814,0.43815280497074127,0.5118050873279572,-1.4337718975393536,0.051636725664138794,0.02538265287876129,0.026254072785377502,0.9734530448913574,0.9935282369454702,0.4414373013106253,0.6354763195628202,-1.5145310343401972,0.025210976471632555,0.02633595027964865
adl-07-cam0-rgb,adl,173,39792,0.44192028045654297,0.635469913482666,0.43798427283763885,0.5111149549484253,-1.8128859859470485,0.052060991525650024,0.02472740411758423,0.027333587408065796,0.9710759520530701,0.993057539065679,0.4415817615209202,0.6346593819913406,-1.66258507547309,0.02505870847862003,0.026700629539045923
adl-07-cam0-rgb,adl,175,39858,0.44125956296920776,0.6328722238540649,0.4379589110612869,0.5098927617073059,-1.5373952037751544,0.05192264914512634,0.02525573968887329,0.026666909456253052,0.9701035022735596,0.9929234286149343,0.44157866478869384,0.6333029791003177,-1.7284017165936385,0.02502773945336733,0.026854698592192153
adl-07-cam0-rgb,adl,177,39924,0.4420583099126816,0.6299704015254974,0.4379262775182724,0.5082445442676544,-1.944181384665936,0.0520780086517334,0.02457253634929657,0.02750547230243683,0.9708249568939209,0.9931408762931824,0.44142801111394675,0.6314071108897521,-1.7119809577018443,0.025118069395874472,0.026798157439087356
adl-07-cam0-rgb,adl,179,39990,0.44072024524211884,0.6298608779907227,0.43751952052116394,0.5063185691833496,-1.4840826993922895,0.051631927490234375,0.02571098506450653,0.025920942425727844,0.9718182682991028,0.993393063545227,0.44112980049667894,0.6289717773596437,-1.6133227987977068,0.025329698306141464,0.02653100607973154
adl-08-cam0-rgb,adl,27,41848,0.7116712629795074,0.508518785238266,0.7190074920654297,0.36747007071971893,2.9773865185953072,0.0029410719871520996,0.0029922425746917725,0.005933314561843872,0.5536356568336487,0.8972809414068857,0.7128465318318566,0.5095505925742062,2.7880244435588026,0.0024992655624042808,0.004301790938232841
adl-08-cam0-rgb,adl,29,41914,0.7102679014205933,0.508410781621933,0.7158574759960175,0.36871337890625,2.291297352430045,0.011531352996826172,0.0007967948913574219,0.012328147888183594,0.5658124685287476,0.8989493648211161,0.7094417413978863,0.5056124501607634,2.283356680499268,0.004545490217931339,0.01663616164164106
adl-08-cam0-rgb,adl,31,41980,0.7075312733650208,0.5009482949972153,0.7106626629829407,0.36782243847846985,1.347464237729926,0.03416752815246582,0.007706940174102783,0.026460587978363037,0.5861420035362244,0.9008986055850983,0.7061410355103478,0.502492291509331,1.7292740195479008,0.006216980987813046,0.02571277688075967
adl-08-cam0-rgb,adl,33,42046,0.7028753459453583,0.49964241683483124,0.705276221036911,0.368022620677948,1.0450157195041372,0.04226672649383545,0.008477598428726196,0.03378912806510925,0.6218456029891968,0.9079780777295431,0.7029444141692411,0.5001901166199089,1.1257764607047007,0.007513737872049403,0.03153163665558866
adl-08-cam0-rgb,adl,35,42112,0.699084460735321,0.49820512533187866,0.7009263038635254,0.3663317412137985,0.800184035394569,0.05196070671081543,0.015134274959564209,0.03682643175125122,0.6562361121177673,0.9141876697540283,0.6998518773745654,0.49870592549249654,0.4728640039696665,0.0084357608706404,0.034092740966128014
adl-08-cam0-rgb,adl,37,42178,0.6972738206386566,0.4984567314386368,0.6955007910728455,0.36577920615673065,-0.7656237505289456,0.04085630178451538,0.008446663618087769,0.03240963816642761,0.6804380416870117,0.9157769779364268,0.6964801619579255,0.49813569172636185,-0.18374265962572975,0.008011188083912891,0.03295173118640845
adl-08-cam0-rgb,adl,39,42244,0.6927476525306702,0.4987078458070755,0.6921128034591675,0.36437907814979553,-0.2707826644032474,0.023487508296966553,0.003504931926727295,0.026992440223693848,0.6649377346038818,0.9023094574610392,0.6937528544174119,0.49903052206679266,-0.9553352541082868,0.0073574938815393395,0.02766601322017187
adl-08-cam0-rgb,adl,41,42310,0.6911230087280273,0.49954932928085327,0.6868892908096313,0.3633022606372833,-1.7798264641128976,0.024090051651000977,0.0036078691482543945,0.020482182502746582,0.6940221190452576,0.9085287054379781,0.6912789626038942,0.4997846829297732,-1.8187613848156081,0.008500077249683848,0.020961332372772715
adl-08-cam0-rgb,adl,43,42376,0.6892147064208984,0.500453531742096,0.6820545494556427,0.35771894454956055,-2.8717858856368643,0.027892649173736572,0.014012515544891357,0.013880133628845215,0.7175436615943909,0.9137387871742249,0.6885646444894524,0.49990334190847485,-2.592717523720137,0.013023845303110211,0.013509915762649451
adl-08-cam0-rgb,adl,45,42442,0.6864726543426514,0.4992561936378479,0.6776724755764008,0.35288912057876587,-3.4407113993144067,0.027712225914001465,0.0196647047996521,0.008047521114349365,0.7362756133079529,0.9169551829497019,0.6857544795259243,0.4984660149910742,-3.226917278526022,0.020259159209924313,0.007547424211130503
adl-08-cam0-rgb,adl,47,42508,0.68214350938797,0.4977330267429352,0.6727419197559357,0.3478557914495468,-3.5893812266932525,0.02821362018585205,0.025096476078033447,0.0031171441078186035,0.7565754652023315,0.9209177990754446,0.6829769408806052,0.4960473049512666,-3.827468591077141,0.023706717279566282,0.004088945332027612
adl-08-cam0-rgb,adl,49,42574,0.679033637046814,0.4923481196165085,0.6692067980766296,0.34405454993247986,-3.7912259440038136,0.0322762131690979,0.03223013877868652,4.607439041137695e-05,0.7712670564651489,0.9240285257498423,0.6794565280020486,0.4930489595447261,-3.849612909355315,0.024724827571348675,0.0031644971597762296
adl-08-cam0-rgb,adl,51,42640,0.6763660311698914,0.48832090198993683,0.6661066710948944,0.34085284173488617,-3.979657910371666,0.01657235622406006,0.021050453186035156,0.004478096961975098,0.7826542854309082,0.9284743765989939,0.6755915249322906,0.49000873864987127,-3.6403719864226467,0.020692209531734486,0.004965816096309969
adl-08-cam0-rgb,adl,53,42706,0.6717569530010223,0.48796913027763367,0.6634095013141632,0.33863332867622375,-3.199343737531273,0.002546370029449463,0.00744357705116272,0.009989947080612183,0.7702701687812805,0.926183303197225,0.671343025965091,0.48829685261239153,-3.1118220280559683,0.014893422137091147,0.008452061192813878
adl-08-cam0-rgb,adl,55,42772,0.6669714748859406,0.4876452684402466,0.6607855260372162,0.3370041996240616,-2.351481870959414,0.00015121698379516602,0.012158781290054321,0.012007564306259155,0.7345333695411682,0.9187730948130289,0.6672332313927727,0.48777256325467766,-2.4543736572131287,0.008850638097498828,0.011589533193802919
adl-08-cam0-rgb,adl,57,42838,0.6624771356582642,0.48789411783218384,0.657653272151947,0.3346454054117203,-1.8029240580766681,0.016550421714782715,0.0014253854751586914,0.015125036239624023,0.7315705418586731,0.9164990286032358,0.6628816661896635,0.48831664657953944,-1.731548349574136,0.003719175016725214,0.013589014222611575
adl-08-cam0-rgb,adl,59,42904,0.6578056216239929,0.49030379951000214,0.655673086643219,0.3315497487783432,-0.7696049649878697,0.016202688217163086,0.0027814507484436035,0.013421237468719482,0.7509298920631409,0.9221067329247793,0.658620710625792,0.4889708263920492,-1.2129851264845946,0.0023799114155046847,0.012056721624357858
adl-08-cam0-rgb,adl,61,42970,0.6550442278385162,0.4892076998949051,0.6525237262248993,0.32751716673374176,-0.8930789335412181,0.012543141841888428,0.0039041340351104736,0.008639007806777954,0.7715913653373718,0.9264356394608816,0.6543352353624442,0.4887753434769512,-0.9042339232428098,0.0028877433760341594,0.007683193786835763
adl-08-cam0-rgb,adl,63,43036,0.6501834392547607,0.487998828291893,0.647807389497757,0.32298627495765686,-0.8249567236807029,0.003885030746459961,0.0028615593910217285,0.0067465901374816895,0.7921919822692871,0.931213508049647,0.6499884061483068,0.48813504664412755,-0.7474798395318656,0.0032742165383838435,0.0035350188548430713
adl-08-cam0-rgb,adl,65,43102,0.6455086469650269,0.4872818738222122,0.6423535346984863,0.3161199986934662,-1.0560420971681423,0.005859971046447754,0.006296992301940918,0.00043702125549316406,0.8123897910118103,0.9374805291493734,0.6452840415688295,0.4870882363288427,-0.651309732224256,0.006899734209110201,0.0038846513151606413
adl-08-cam0-rgb,adl,67,43168,0.639160692691803,0.48514553904533386,0.6376260817050934,0.3121791481971741,-0.5083324296504693,0.014838099479675293,0.011344850063323975,0.0034932494163513184,0.8303109407424927,0.9435057540734609,0.6400419871012359,0.48589253935204885,-0.7303538590227363,0.010880683665667763,0.013139368393720468
adl-08-cam0-rgb,adl,69,43234,0.6341894865036011,0.4851464331150055,0.6320970356464386,0.3087344467639923,-0.6795625606130796,0.03714263439178467,0.01628124713897705,0.020861387252807617,0.8468112945556641,0.9489492376645406,0.6342001792156325,0.48528165399254075,-0.8491260460226341,0.016388976470732564,0.02745190817556336
adl-08-cam0-rgb,adl,71,43300,0.6272368729114532,0.4851292073726654,0.6247892379760742,0.3063333183526993,-0.7843043421909396,0.07093876600265503,0.024134904146194458,0.04680386185646057,0.861279308795929,0.9538512329260508,0.6271936319349123,0.48513719891056795,-1.0331412173422303,0.024592901334101983,0.04092945797102786
adl-08-cam0-rgb,adl,73,43366,0.6194128394126892,0.48534002900123596,0.615069568157196,0.30565521121025085,-1.3846615819957748,0.09697037935256958,0.032331228256225586,0.064639151096344,0.873516321182251,0.9581637382507324,0.618602919630157,0.48566241355943396,-1.1643154150232355,0.034104193185830994,0.05081175467668666
adl-08-cam0-rgb,adl,75,43432,0.6101121008396149,0.4853724092245102,0.6050732731819153,0.30438876152038574,-1.5947794265275261,0.09668654203414917,0.04175618290901184,0.05493035912513733,0.8846400380134583,0.9620442688465118,0.6085080034805057,0.48598124170716117,-1.264106496433373,0.04412018065844773,0.05232194775626765
adl-08-cam0-rgb,adl,77,43498,0.5963120758533478,0.4859287440776825,0.5926553010940552,0.30306364595890045,-1.1455977195391158,0.09358632564544678,0.054276615381240845,0.03930971026420593,0.8949704170227051,0.9655676484107971,0.5971478347654458,0.4848394753871019,-1.1332101774430154,0.05319100695771048,0.044990803772236805
adl-08-cam0-rgb,adl,79,43564,0.5844309031963348,0.4852082133293152,0.5821970999240875,0.3012096732854843,-0.6955555862684126,0.0878095030784607,0.058426231145858765,0.02938327193260193,0.9044079184532166,0.9687732557455698,0.585123942785964,0.48293042041006473,-0.8262840346845963,0.05540086103208129,0.03095355926654035
adl-08-cam0-rgb,adl,81,43630,0.5728137791156769,0.47990936040878296,0.5717353820800781,0.2963189035654068,-0.336547385069003,0.07388174533843994,0.05637654662132263,0.01750519871711731,0.9121517539024353,0.971506267786026,0.5732247737837035,0.48036925301149225,-0.3789909319592898,0.04849543341826559,0.01678131475593102
adl-08-cam0-rgb,adl,83,43696,0.5624345242977142,0.47570015490055084,0.5624372065067291,0.29146192967891693,0.0008341333951168787,0.054779052734375,0.04512038826942444,0.009658664464950562,0.9203940629959106,0.9740805725256602,0.5622998039959821,0.4777131350267494,-0.051731643358685485,0.039475503163936276,0.008639613529304396
adl-08-cam0-rgb,adl,85,43762,0.5514687299728394,0.47578537464141846,0.5525153279304504,0.2872238904237747,0.31801314189310553,0.01795095205307007,0.019634246826171875,0.0016832947731018066,0.9224107265472412,0.9749288459618887,0.5524779328536153,0.47570143885168614,0.13530861389877075,0.031475187380076444,0.006440854691839831
adl-08-cam0-rgb,adl,87,43828,0.5428702235221863,0.47502321004867554,0.5443279445171356,0.28378695249557495,0.4367353983750326,0.01664954423904419,0.011128067970275879,0.0055214762687683105,0.9148004651069641,0.9746294816335043,0.5423886439242912,0.47502884333267803,0.5031250894463228,0.026000451473962655,0.010383946684015764
adl-08-cam0-rgb,adl,89,43894,0.5337789356708527,0.47612644731998444,0.535509005188942,0.28276288509368896,0.5126252099023275,0.0481644868850708,0.031392186880111694,0.016772300004959106,0.9128963947296143,0.9753788014252981,0.5321498668038992,0.4765537707578561,0.9990555823435532,0.02307403887505136,0.019209054125335797
adl-08-cam0-rgb,adl,91,43960,0.5227286517620087,0.4784318208694458,0.5269150137901306,0.2811853289604187,1.215863802332904,0.061244308948516846,0.032521218061447144,0.028723090887069702,0.9186556339263916,0.9773326814174652,0.5220031987924073,0.4787663732901273,1.5138065896367978,0.022686663450616748,0.022451094154155582
adl-08-cam0-rgb,adl,93,44026,0.5112145245075226,0.4807247519493103,0.5194001495838165,0.28123775124549866,2.349721075256628,0.058929383754730225,0.02292880415916443,0.036000579595565796,0.9211458563804626,0.9786200523376465,0.5126307762804477,0.48081590383599776,1.8347937274958872,0.02286014786530363,0.022310391778037626
adl-08-cam0-rgb,adl,95,44092,0.5031262636184692,0.48421891033649445,0.5106469094753265,0.281613364815712,2.1258229669826583,0.041420191526412964,0.015105992555618286,0.026314198970794678,0.919366180896759,0.9790756305058798,0.5044199542436758,0.48262450440879434,1.7198738996257983,0.018287550383832004,0.02208904625275431
adl-08-cam0-rgb,adl,97,44158,0.49724218249320984,0.48375125229358673,0.5022407621145248,0.28050681948661804,1.4088444600801102,0.00910264253616333,0.009443730115890503,0.00034108757972717285,0.9098038673400879,0.9780743420124054,0.4977311130725969,0.48365448357222846,1.1744700100566337,0.009708704241426464,0.023150269861345135
adl-08-cam0-rgb,adl,99,44224,0.4929804354906082,0.4836505800485611,0.49310044944286346,0.28072670102119446,0.03388606692388921,0.015768468379974365,0.004483714699745178,0.020252183079719543,0.9103286266326904,0.9787148733933767,0.4925132297721253,0.4837020172443217,0.26532915404019713,0.004801265282548347,0.027215641878900035
adl-08-cam0-rgb,adl,101,44290,0.4890953600406647,0.48298078775405884,0.4840722233057022,0.2809191048145294,-1.4240466859344958,0.042496681213378906,0.002039104700088501,0.04453578591346741,0.9182109236717224,0.9806164900461832,0.48805468997139884,0.4830510602110901,-0.9061384688521301,0.003657987042938989,0.03419377774129177
adl-08-cam0-rgb,adl,103,44356,0.48346295952796936,0.48274223506450653,0.476421058177948,0.2815482169389725,-2.0045655229862107,0.05510967969894409,0.004404157400131226,0.050705522298812866,0.9252492189407349,0.9823112189769745,0.4832664753322471,0.4823071600554818,-2.046640165356513,0.005273200926326564,0.04359241797552474
adl-08-cam0-rgb,adl,105,44422,0.4781225621700287,0.48211371898651123,0.4687703102827072,0.2857493460178375,-2.7267673171873694,0.0614989697933197,0.009703874588012695,0.05179509520530701,0.9311830401420593,0.9837493300437927,0.4779744721078246,0.48267941899371797,-3.096427280690091,0.009223190607962659,0.05048779233709551
adl-08-cam0-rgb,adl,107,44488,0.47275781631469727,0.4832334965467453,0.45906199514865875,0.2923791855573654,-4.104543988146329,0.06054610013961792,0.014777511358261108,0.04576858878135681,0.9373384118080139,0.9851934313774109,0.4726746137782086,0.48411111533641743,-4.068570421981452,0.01455844003400759,0.04765589490081318
adl-08-cam0-rgb,adl,109,44554,0.4671444445848465,0.4863872081041336,0.45011694729328156,0.2999092936515808,-5.217270814120093,0.06123337149620056,0.020898953080177307,0.040334418416023254,0.9429007172584534,0.9865115185578665,0.4676190152828821,0.4868360418519926,-5.085414827569236,0.02061470646362797,0.04136678421652157
adl-08-cam0-rgb,adl,111,44620,0.4628133177757263,0.4907505512237549,0.443870946764946,0.31103651225566864,-6.016921619918224,0.05952048301696777,0.025457918643951416,0.03406256437301636,0.948148250579834,0.9877436955769857,0.4633211328998782,0.4905232891633906,-6.140675925408733,0.025347022331638214,0.03605530510991162
adl-08-cam0-rgb,adl,113,44686,0.46025852859020233,0.49507831037044525,0.4391939342021942,0.32452426850795746,-7.040766541977703,0.05996403098106384,0.028249070048332214,0.03171496093273163,0.9528305530548096,0.988850881656011,0.4597563894538129,0.49439107494436746,-7.028150842755021,0.02793997087519918,0.031645660405551154
adl-08-cam0-rgb,adl,115,44752,0.4567825645208359,0.4991686940193176,0.4345863461494446,0.3366938829421997,-7.779208480141197,0.06052011251449585,0.031234458088874817,0.029285654425621033,0.9572227597236633,0.9898790617783865,0.4570765179860121,0.4985054348841367,-7.6340659762801915,0.028642982308998727,0.029093484148318593
adl-08-cam0-rgb,adl,117,44818,0.45484134554862976,0.5022620856761932,0.433273583650589,0.3484739512205124,-7.983284373651104,0.055068641901016235,0.02762088179588318,0.027447760105133057,0.9610098004341125,0.9907355705897013,0.4549383987467004,0.5021676399233014,-8.030853777605897,0.02793595239971619,0.027339057553382107
adl-08-cam0-rgb,adl,119,44884,0.45330533385276794,0.5047571659088135,0.43314239382743835,0.36278676986694336,-8.083211808918032,0.050888389348983765,0.02501782774925232,0.025870561599731445,0.9637616872787476,0.9913094739119211,0.4530269710661522,0.5057464923177439,-8.09980410409112,0.02686614101325275,0.02615082115579989
adl-08-cam0-rgb,adl,121,44950,0.4519743323326111,0.5107488036155701,0.43326061964035034,0.37520916759967804,-7.861025072596376,0.05048438906669617,0.024741768836975098,0.02574262022972107,0.9663532376289368,0.991838812828064,0.45151611885209036,0.5093652432486084,-7.838506455004103,0.02588938976521096,0.025042486977783596
adl-08-cam0-rgb,adl,123,45016,0.4499650001525879,0.513780027627945,0.43409959971904755,0.39018283784389496,-7.3147015066252825,0.0497073233127594,0.02573704719543457,0.02397027611732483,0.9690298438072205,0.9923838675022125,0.4505947027113524,0.5139415438299048,-7.182491291837484,0.025194950692065315,0.02424144512647155
adl-08-cam0-rgb,adl,125,45082,0.44931240379810333,0.5200613737106323,0.4366110563278198,0.40360070765018463,-6.224150508148804,0.04987421631813049,0.026597365736961365,0.02327685058116913,0.9704223275184631,0.9926122526327769,0.44983443456552696,0.5200029152296315,-6.221563324670354,0.02558081780935259,0.023680755908871073
adl-08-cam0-rgb,adl,127,45148,0.4496142566204071,0.5270007252693176,0.43937253952026367,0.4147355258464813,-5.212544425993206,0.049620747566223145,0.02631804347038269,0.023302704095840454,0.9708839654922485,0.992566297451655,0.4492599169413242,0.5281187955177185,-5.032520167546437,0.026103105250891115,0.02318979922311127
adl-08-cam0-rgb,adl,129,45214,0.44899918138980865,0.5386742353439331,0.44221746921539307,0.42658838629722595,-3.462438614815291,0.04861822724342346,0.02605213224887848,0.022566094994544983,0.9727755784988403,0.9929772913455963,0.4483870964545702,0.5394014894188217,-3.6039404179696803,0.026944790309641746,0.022378811072477498
adl-08-cam0-rgb,adl,131,45280,0.44786857068538666,0.551685631275177,0.44326460361480713,0.4373474419116974,-2.3058389882748953,0.04918283224105835,0.02706490457057953,0.02211792767047882,0.9744390845298767,0.9933304289976755,0.447665757882646,0.5539071839867209,-2.3023938625725737,0.027539105190859173,0.021715829318219932
adl-08-cam0-rgb,adl,133,45346,0.4465567022562027,0.5683477222919464,0.4439789652824402,0.44874344766139984,-1.2346597841145928,0.04935374855995178,0.028625354170799255,0.020728394389152527,0.9765704870223999,0.9938701589902242,0.4465958557990716,0.5691610511505234,-1.2173151264220679,0.02839990489152599,0.02066683517648025
adl-08-cam0-rgb,adl,135,45412,0.44440750777721405,0.5871397852897644,0.4443112760782242,0.45805642008781433,-0.04271401801015449,0.049778521060943604,0.03081245720386505,0.018966063857078552,0.9786655306816101,0.994401603937149,0.445478619370625,0.5841474556303634,-0.5019498766037411,0.029419887956086646,0.019514505803843053
adl-08-cam0-rgb,adl,137,45478,0.44505973160266876,0.5982955396175385,0.44433245062828064,0.4653523117303848,-0.3134399196298542,0.048220813274383545,0.02958621084690094,0.018634602427482605,0.9806891083717346,0.9949283798535665,0.44436841951562145,0.5964209789579556,-0.13372635264594246,0.03063348574297764,0.018339646133509524
adl-08-cam0-rgb,adl,139,45544,0.4434412866830826,0.6045321226119995,0.4433637857437134,0.47271980345249176,-0.03368786962231678,0.04859200119972229,0.03152675926685333,0.017065241932868958,0.9823191165924072,0.9953418771425883,0.44337969779710174,0.6048165988096419,0.015041669681067182,0.031656163530948314,0.0171860601607855
adl-08-cam0-rgb,adl,141,45610,0.4429345577955246,0.6102322638034821,0.44201216101646423,0.4791462570428848,-0.40315950997660754,0.048843324184417725,0.03214634954929352,0.016696974635124207,0.9837730526924133,0.9957167307535807,0.44262603215582896,0.608712805039954,-0.23010170705052962,0.03225260321454047,0.01637910435468085
adl-08-cam0-rgb,adl,143,45676,0.44133460521698,0.6100994944572449,0.44070009887218475,0.4841938316822052,-0.2887418013597832,0.049417078495025635,0.03393048048019409,0.015486598014831543,0.9850955605506897,0.9960452616214752,0.44185217479606664,0.6093335373577093,-0.6235302508852152,0.03310982941033,0.015723358759116277
adl-08-cam0-rgb,adl,145,45742,0.4411083310842514,0.6092345714569092,0.4391987919807434,0.48967719078063965,-0.9150353496392059,0.04920688271522522,0.03392885625362396,0.015278026461601257,0.9863004684448242,0.9963112473487854,0.44093124420095764,0.6103314375464525,-0.9549803873891518,0.03421829802133299,0.015220534620862997
adl-08-cam0-rgb,adl,147,45808,0.4409538209438324,0.6099213361740112,0.4372232109308243,0.49414896965026855,-1.8456413941428642,0.04959407448768616,0.03397303819656372,0.015621036291122437,0.9871519804000854,0.996440609296163,0.44068335119263885,0.6123114708182091,-1.4627907558057678,0.034908762870928894,0.015509543738839924
adl-08-cam0-rgb,adl,149,45874,0.4401117116212845,0.6142086088657379,0.43652836978435516,0.4960036873817444,-1.7363702284861906,0.05213284492492676,0.0363774448633194,0.01575540006160736,0.9880689978599548,0.9966090122858683,0.4408322975232997,0.6166313094494138,-1.9477142424889777,0.035442967435498206,0.016481207949774583
adl-08-cam0-rgb,adl,151,45940,0.4409741461277008,0.6238018870353699,0.4362763315439224,0.49901895225048065,-2.1560471298690325,0.053271979093551636,0.03583383560180664,0.017438143491744995,0.9885067343711853,0.9966224431991577,0.4412490482970227,0.6226881512831807,-2.3328331494499603,0.03580871882376728,0.017799125992374477
adl-08-cam0-rgb,adl,153,46006,0.44229596853256226,0.6297650635242462,0.4363187998533249,0.501796767115593,-2.6742390561744203,0.05623653531074524,0.036111027002334595,0.020125508308410645,0.9891723394393921,0.9967189232508341,0.4416771405961084,0.6293927606566119,-2.3878249994893825,0.03618362958813121,0.0194265477327041
adl-08-cam0-rgb,adl,155,46072,0.44263358414173126,0.6378229856491089,0.4368942379951477,0.5048153400421143,-2.4708086601922425,0.0574917197227478,0.03577975928783417,0.021711960434913635,0.9895836114883423,0.9966332614421844,0.44213046430251235,0.6350901286839398,-2.180471855238954,0.036341111961897266,0.02111964224478896
adl-08-cam0-rgb,adl,157,46138,0.4421493858098984,0.637835830450058,0.4379388242959976,0.5071880519390106,-1.8459091591106749,0.05806794762611389,0.0362352579832077,0.02183268964290619,0.9899432063102722,0.9966893593470255,0.4426087831263928,0.6386788791908322,-1.919226520773497,0.03582725767449378,0.022705381050770385
adl-08-cam0-rgb,adl,159,46204,0.44268806278705597,0.6403262615203857,0.439738467335701,0.5109483897686005,-1.3060200916198215,0.05961981415748596,0.035565540194511414,0.02405427396297455,0.9899230003356934,0.9966403444608053,0.44278901441272656,0.6399267566152456,-1.5191204096205049,0.03525933958751293,0.023748318870346233
adl-08-cam0-rgb,adl,161,46270,0.44279782474040985,0.6396870315074921,0.44061772525310516,0.5127281844615936,-0.9837693652420693,0.059367865324020386,0.034866467118263245,0.02450139820575714,0.9890449047088623,0.9964400827884674,0.4428559520414891,0.6400490333507578,-1.1422293615874584,0.034446809521485156,0.02429581533520765
adl-08-cam0-rgb,adl,163,46336,0.443182036280632,0.6392082571983337,0.44102828204631805,0.5129379630088806,-0.9771820328475762,0.05777779221534729,0.032926902174949646,0.024850890040397644,0.986748993396759,0.9958826502164205,0.44296583675202805,0.6393098783441427,-0.9143462047735358,0.03364692389707023,0.024605972942335748
adl-08-cam0-rgb,adl,165,46402,0.44314534962177277,0.6385688185691833,0.44109681248664856,0.5126940906047821,-0.9323727905603995,0.057022422552108765,0.032441720366477966,0.0245807021856308,0.9842472672462463,0.9952864050865173,0.4431801245455096,0.6393389779251881,-0.8977712950581777,0.03272303867907747,0.024838432927668318
adl-08-cam0-rgb,adl,167,46468,0.44304825365543365,0.6382598280906677,0.44110411405563354,0.512696385383606,-0.8870582978033931,0.05670279264450073,0.03236858546733856,0.02433420717716217,0.9824736714363098,0.9949319859345754,0.44292662328197774,0.6384113808989,-0.8308662511622653,0.03230613424922476,0.02430800603323681
adl-08-cam0-rgb,adl,169,46534,0.44286462664604187,0.6383307874202728,0.44111987948417664,0.5125150382518768,-0.7944970482507742,0.05613851547241211,0.032030850648880005,0.024107664823532104,0.9795594215393066,0.9942776362101237,0.4428334876056351,0.6377087181264695,-0.8193752160351322,0.0318387001107781,0.024042857673777097
adl-08-cam0-rgb,adl,171,46600,0.4429605007171631,0.6378775537014008,0.44081656634807587,0.5121791958808899,-0.9771526321515145,0.05550915002822876,0.03136530518531799,0.024143844842910767,0.9780486822128296,0.9940171341101328,0.442749199993682,0.6365419476579269,-0.7934127027709095,0.03159656701407903,0.0238542563858486
adl-08-cam0-rgb,adl,173,46666,0.4420086145401001,0.6340251863002777,0.44090771675109863,0.5119051933288574,-0.5165009170224759,0.05460485816001892,0.03171822428703308,0.02288663387298584,0.9766561985015869,0.9937216738859812,0.4429600649259306,0.6357586554634621,-0.8682953366581263,0.030955284001765313,0.023957631346725274
adl-08-cam0-rgb,adl,175,46732,0.4437493085861206,0.6346831321716309,0.44134989380836487,0.5116051137447357,-1.1168438481129483,0.05428960919380188,0.029583513736724854,0.024706095457077026,0.9765360355377197,0.993788480758667,0.4433233247110336,0.6349645207067587,-0.9990215180490383,0.030169446082600263,0.02422180651199249
adl-08-cam0-rgb,adl,177,46798,0.44372567534446716,0.6330685317516327,0.4413548707962036,0.5113365948200226,-1.1157295913971856,0.054221898317337036,0.02961421012878418,0.024607688188552856,0.9762999415397644,0.9937818944454193,0.4438389793489916,0.6341595433878173,-1.185591246943646,0.029239053256583925,0.02464678188165027
adl-08-cam0-rgb,adl,179,46864,0.4446302801370621,0.6345301568508148,0.4413963258266449,0.5109218955039978,-1.4986835919028063,0.05327773094177246,0.02798314392566681,0.025294587016105652,0.9767206907272339,0.9939712584018707,0.4445070288398046,0.6333437235066381,-1.42800452334195,0.028164105523716298,0.025232557455698617
adl-09-cam0-rgb,adl,1,47864,0.6935991048812866,0.5061717927455902,0.689176470041275,0.3623356819152832,-1.761160658777123,0.035843074321746826,0.025007963180541992,0.010835111141204834,0.9040743708610535,0.969668964544932,0.694552593158953,0.5039862857623533,-2.0806497869103806,0.030912036245519466,0.01141763925552368
adl-09-cam0-rgb,adl,3,47930,0.6904156506061554,0.49954190850257874,0.6850853562355042,0.36195869743824005,-2.218662479575183,0.036470234394073486,0.028082460165023804,0.008387774229049683,0.9088746309280396,0.9709157148996989,0.6896781754313093,0.5004242578239151,-1.9785080740253447,0.023107398188475403,0.008645791808764139
adl-09-cam0-rgb,adl,5,47996,0.6856934130191803,0.49502354860305786,0.6810498535633087,0.360112726688385,-1.9713123374019308,0.035928428173065186,0.02785918116569519,0.008069247007369995,0.9056925773620605,0.9693334102630615,0.6853285949209551,0.4975868865460543,-1.8240935482607439,0.016596151378763697,0.006551961387906756
adl-09-cam0-rgb,adl,7,48062,0.6823553144931793,0.49430419504642487,0.6779037117958069,0.35997486114501953,-1.8980570392214162,0.011420905590057373,0.004469066858291626,0.006951838731765747,0.9012606739997864,0.9680161873499552,0.6815038516278906,0.49547417192877097,-1.6174062096165778,0.011378295816384349,0.005136147992951529
adl-09-cam0-rgb,adl,9,48128,0.6783833503723145,0.4943723827600479,0.6753621995449066,0.3581269383430481,-1.2702870895399045,0.003387629985809326,0.000944674015045166,0.00244295597076416,0.884305477142334,0.9631776114304861,0.6782039455521148,0.49408611397206453,-1.358446058092845,0.007453831501337348,0.004398351623898455
adl-09-cam0-rgb,adl,11,48194,0.6743537485599518,0.4946603924036026,0.6721044480800629,0.3578019291162491,-0.9415846074301435,0.0023972392082214355,0.0041526854038238525,0.001755446195602417,0.8654364943504333,0.9598326881726583,0.6751483209205387,0.49442486348864245,-0.8765251605654034,0.0035730922893012205,0.004443856028767369
adl-09-cam0-rgb,adl,13,48260,0.6725513935089111,0.49553829431533813,0.6715347766876221,0.35592781007289886,-0.41720952452103205,0.010786354541778564,0.005534827709197998,0.005251526832580566,0.860529899597168,0.9590648412704468,0.6730048180400542,0.49490112479114867,-0.5314695251468002,0.0023230271680014453,0.004775015435693577
adl-09-cam0-rgb,adl,15,48326,0.6712348759174347,0.4952254146337509,0.671088308095932,0.3521905094385147,-0.05871094635146901,0.01628202199935913,0.006763249635696411,0.00951877236366272,0.8670307397842407,0.9608268936475118,0.6714452039369763,0.4949583851800846,-0.25000156754486236,0.004152714303045556,0.004765972559586226
adl-09-cam0-rgb,adl,17,48392,0.6709937751293182,0.4936767965555191,0.6706852912902832,0.34741729497909546,-0.12084545363047763,0.009785115718841553,0.003072112798690796,0.006713002920150757,0.8625878095626831,0.9586291710535685,0.6704527001618297,0.4942854449991533,-0.10349929520955739,0.004020114352692767,0.007209745707449965
adl-09-cam0-rgb,adl,19,48458,0.6696664094924927,0.49386075139045715,0.6692638099193573,0.3431062400341034,-0.15301168322752123,0.010313749313354492,0.0024230480194091797,0.007890701293945312,0.8681233525276184,0.9593101342519125,0.669436579787885,0.49317627912991935,0.09373978524798457,0.003936050645200716,0.009818183782296767
adl-09-cam0-rgb,adl,21,48524,0.6682216823101044,0.4924364686012268,0.6685519218444824,0.33761975169181824,0.12221744026064565,0.012311458587646484,0.0022617876529693604,0.010049670934677124,0.8795081377029419,0.9628369410832723,0.6681340472264714,0.4919238725265892,0.17160281535591965,0.0025265752237080465,0.014330902011879573
adl-09-cam0-rgb,adl,23,48590,0.6662023663520813,0.48989465832710266,0.6670250594615936,0.33347877860069275,0.3013530879064888,0.02970874309539795,0.005334436893463135,0.024374306201934814,0.880870521068573,0.9640355507532755,0.6665075413592441,0.49091347864953916,0.21327271295265676,0.0034511262204223857,0.02195256122779017
adl-09-cam0-rgb,adl,25,48656,0.6635530292987823,0.4900291711091995,0.6650864481925964,0.33034028112888336,0.5501680834664711,0.03560507297515869,0.007891327142715454,0.027713745832443237,0.8885250687599182,0.9667418897151947,0.6641680178962219,0.4903657001592373,0.27876289036550705,0.0067034509532895355,0.031170132227274203
adl-09-cam0-rgb,adl,27,48722,0.6615327894687653,0.4901875853538513,0.6615990698337555,0.3275161683559418,0.023345127487417783,0.04493081569671631,0.004492014646530151,0.04043880105018616,0.8943605422973633,0.9690696398417155,0.6608631243179361,0.4901302980654161,0.24592308827341006,0.011759982609645612,0.037771328058077605
adl-09-cam0-rgb,adl,29,48788,0.6574057936668396,0.49029237031936646,0.6574865281581879,0.3258911818265915,0.028136933108264005,0.06639033555984497,0.020839393138885498,0.04555094242095947,0.8993721604347229,0.971124678850174,0.6563199377937226,0.4905562110535503,0.10270482470160458,0.01858737110059496,0.04020610090458026
adl-09-cam0-rgb,adl,31,48854,0.6512839198112488,0.4909350275993347,0.6512424349784851,0.32417993247509,-0.014253872005277597,0.06433945894241333,0.025152862071990967,0.03918659687042236,0.8964059352874756,0.971689502398173,0.6507718867553768,0.49112674574573245,-0.10974357201800647,0.024690451560082337,0.037502188703198394
adl-09-cam0-rgb,adl,33,48920,0.6441153287887573,0.4908589720726013,0.6429359018802643,0.3207211345434189,-0.39717856210815006,0.06149834394454956,0.03191494941711426,0.029583394527435303,0.9000588655471802,0.9733339846134186,0.6450255644785884,0.4904388878897664,-0.5266659086418511,0.029153194004323018,0.033045479229518296
adl-09-cam0-rgb,adl,35,48986,0.6378341913223267,0.4897976219654083,0.6358596086502075,0.3156454712152481,-0.6496067101097311,0.057217419147491455,0.03412032127380371,0.023097097873687744,0.9049354195594788,0.9750842154026031,0.6387770769399989,0.4884610710851035,-0.7448197595789257,0.03173124377345621,0.025469321709174576
adl-09-cam0-rgb,adl,37,49052,0.6329552829265594,0.48659761250019073,0.629558801651001,0.3093176484107971,-1.0975872990472377,0.046751976013183594,0.028284698724746704,0.01846727728843689,0.910057783126831,0.976809561252594,0.6328961116410944,0.4854605877167212,-0.9788441709331446,0.029916776465131044,0.018321636177244617
adl-09-cam0-rgb,adl,39,49118,0.6293221414089203,0.4810224324464798,0.6243748962879181,0.30513882637023926,-1.61118794593252,0.04040062427520752,0.025218158960342407,0.015182465314865112,0.917620062828064,0.9788703123728434,0.6278346066093023,0.4821161939339197,-1.1212043294582799,0.027555668895894787,0.01299125123849677
adl-09-cam0-rgb,adl,41,49184,0.622653067111969,0.47780458629131317,0.6207183301448822,0.3003002405166626,-0.6244797707128962,0.032574474811553955,0.024543344974517822,0.008031129837036133,0.9255741834640503,0.9809216956297556,0.6235866186680723,0.47920763170048203,-1.0556070305889533,0.023957442024569457,0.008761588242146862
adl-09-cam0-rgb,adl,43,49250,0.6194665431976318,0.4767603278160095,0.6165894269943237,0.29668164253234863,-0.9153364875908443,0.02546846866607666,0.020926594734191895,0.004541873931884766,0.932773232460022,0.9827552338441213,0.6200146917656894,0.477187918249146,-0.8911240962738759,0.020816510889953316,0.005282651294361455
adl-09-cam0-rgb,adl,45,49316,0.6171787679195404,0.47722001373767853,0.6150097846984863,0.2931503504514694,-0.6751130568643766,0.019934356212615967,0.017698019742965698,0.0022363364696502686,0.9389136433601379,0.9841794272263845,0.6170151552338612,0.47668324591535444,-0.6002217187551396,0.017421687707240424,0.002378154239613254
adl-09-cam0-rgb,adl,47,49382,0.61518794298172,0.477544367313385,0.6144454479217529,0.2913878560066223,-0.22852602552523152,0.014981210231781006,0.013734638690948486,0.0012465715408325195,0.9437965154647827,0.9850514431794485,0.6148397538053,0.47745901546178887,-0.2791201754929868,0.012781959591489832,0.0006480268585733525
adl-09-cam0-rgb,adl,49,49448,0.613986998796463,0.477972075343132,0.6135905683040619,0.28867752850055695,-0.11999162816405866,0.011467218399047852,0.009466022253036499,0.0020011961460113525,0.9483175277709961,0.985730508963267,0.613951543579885,0.4785902115044649,-0.06179389698248523,0.008020211994905997,0.0010007378600892564
adl-09-cam0-rgb,adl,51,49514,0.6130770742893219,0.47962425649166107,0.6141261458396912,0.285838320851326,0.31017103936795154,0.003933548927307129,0.0018205344676971436,0.0021130144596099854,0.9518994688987732,0.9851790467898051,0.6135167065378899,0.4797839713303035,0.3152802232798334,0.004264673242321257,0.0031399028899865723
adl-09-cam0-rgb,adl,53,49580,0.6135656833648682,0.4800189584493637,0.6156891286373138,0.28122349083423615,0.6119849048122828,0.0068171024322509766,0.00011467933654785156,0.006702423095703125,0.9511438012123108,0.9844653606414795,0.6135631221713433,0.47948484309823924,0.6565138097478123,0.0014358392525544918,0.008432157111890378
adl-09-cam0-rgb,adl,55,49646,0.6148359775543213,0.4795007258653641,0.6179256439208984,0.2743169218301773,0.8626970620303522,0.01296764612197876,0.0013018250465393066,0.014269471168518066,0.9449648857116699,0.984007845322291,0.6143773364556291,0.4779935403045631,0.8651380830364095,0.0003020537622047203,0.016024540642123178
adl-09-cam0-rgb,adl,57,49712,0.6158234179019928,0.47710464894771576,0.6195493936538696,0.26879145205020905,1.0247066755178003,0.02263551950454712,0.0017280280590057373,0.024363547563552856,0.9459399580955505,0.9847710033257803,0.6157672594894054,0.47546353484644965,0.9086899195442601,0.001151445753130561,0.02606661766122426
adl-09-cam0-rgb,adl,59,49778,0.6171999573707581,0.47012317180633545,0.6208040118217468,0.262530192732811,0.994621143253666,0.0329967737197876,0.0027884840965270996,0.0357852578163147,0.950575053691864,0.986106683810552,0.617692311346788,0.4724332447691907,0.7729709074456124,0.004078790997013896,0.03436513948234124
adl-09-cam0-rgb,adl,61,49844,0.6204705536365509,0.46888506412506104,0.6218762099742889,0.2567831873893738,0.37970902365876835,0.03295469284057617,0.006663233041763306,0.03961792588233948,0.9550946950912476,0.9873294234275818,0.6200651921235112,0.4697540438536435,0.5272647570164654,0.006798498042218087,0.03622905671338493
adl-09-cam0-rgb,adl,63,49910,0.6231158375740051,0.46792513132095337,0.6228931248188019,0.25259098410606384,-0.05925904707603538,0.02993530035018921,0.010651111602783203,0.04058641195297241,0.9551194310188293,0.9861531654993693,0.6232185141864783,0.46804519487923807,0.157185078294132,0.009564681228621169,0.03165300067885093
adl-09-cam0-rgb,adl,65,49976,0.6267462968826294,0.46820585429668427,0.6259365975856781,0.24907175451517105,-0.21170662761591247,0.008774995803833008,0.014142930507659912,0.02291792631149292,0.9459975957870483,0.982337882121404,0.627159037115253,0.467786690824991,-0.2653087071996608,0.013078046567512262,0.024144594029430665
adl-09-cam0-rgb,adl,67,50042,0.631315141916275,0.468632310628891,0.6287790536880493,0.24444853514432907,-0.6481332273902467,0.00787210464477539,0.014427989721298218,0.006555885076522827,0.9311314225196838,0.9802366495132446,0.6314911263071604,0.46885396707883575,-0.7438156398940228,0.016539534836104396,0.015928574841775914
adl-09-cam0-rgb,adl,69,50108,0.6367243528366089,0.4698198586702347,0.6315765678882599,0.24068113416433334,-1.286979082346054,0.02250427007675171,0.01834249496459961,0.0041617751121521,0.9238882064819336,0.9794386923313141,0.6359105444315699,0.46986223641153985,-1.2699667802446697,0.01996684500149315,0.009030801780296083
adl-09-cam0-rgb,adl,71,50174,0.6412509381771088,0.47099733352661133,0.6336612701416016,0.23698216676712036,-1.8575871788893346,0.03229951858520508,0.02226659655570984,0.01003292202949524,0.9081799387931824,0.977238933245341,0.6410585616058077,0.4710973526363242,-1.9940188930427176,0.020219629719143793,0.004395216316371764
adl-09-cam0-rgb,adl,73,50240,0.645723283290863,0.4716906249523163,0.634126216173172,0.23289331048727036,-2.7803552124273163,0.029288113117218018,0.021780073642730713,0.007508039474487305,0.8962007164955139,0.9757461249828339,0.6465270892108148,0.4718686609944217,-2.827900850078657,0.01662192238873731,0.0033360354570083246
adl-09-cam0-rgb,adl,75,50306,0.6512560546398163,0.4719465523958206,0.6356938183307648,0.22783145308494568,-3.647646162008921,0.021918952465057373,0.019441455602645874,0.002477496862411499,0.8852275013923645,0.9743326008319855,0.6521421855404255,0.4717979120872747,-3.6238060952751026,0.013824068235628515,0.003583079937732576
adl-09-cam0-rgb,adl,77,50372,0.6584575176239014,0.47089408338069916,0.638813704252243,0.2211347222328186,-4.497110273652615,0.005761086940765381,0.006368517875671387,0.0006074309349060059,0.8822445869445801,0.9741625686486562,0.6573707058832232,0.470154014500704,-4.307144003655866,0.015031357864280781,0.003110274091943514
adl-09-cam0-rgb,adl,79,50438,0.6632927358150482,0.46716511249542236,0.6422467529773712,0.2166094183921814,-4.801415428337834,0.010960400104522705,0.009238511323928833,0.001721888780593872,0.8908069729804993,0.9760165909926096,0.6622626012537893,0.46632029051646456,-4.730993551721708,0.02126197949116361,0.0033228028388250404
adl-09-cam0-rgb,adl,81,50504,0.66762974858284,0.4620828926563263,0.6458171308040619,0.21396485716104507,-5.024085164654945,0.041151344776153564,0.033126384019851685,0.00802496075630188,0.8982546329498291,0.9776570002237955,0.6670388474866932,0.4607857267061862,-4.964301284255502,0.031861631772218804,0.00632473361956608
adl-09-cam0-rgb,adl,83,50570,0.6707413494586945,0.45489516854286194,0.6490248739719391,0.2079518362879753,-5.025726436331958,0.06514668464660645,0.05333265662193298,0.011814028024673462,0.9022799730300903,0.9779015282789866,0.6717180343933425,0.45494715856525225,-5.010583144387507,0.04515709531255608,0.011313832941509413
adl-09-cam0-rgb,adl,85,50636,0.6761640012264252,0.4477451741695404,0.6557240188121796,0.203214630484581,-4.778170084274365,0.07786405086517334,0.060322195291519165,0.017541855573654175,0.910433292388916,0.9786031246185303,0.6761496845003836,0.44933451557314175,-4.791890208113115,0.05804268067533311,0.01663779064174336
adl-09-cam0-rgb,adl,87,50702,0.6837320923805237,0.4453093111515045,0.6614313423633575,0.20125439018011093,-5.220957534536494,0.08494538068771362,0.06125253438949585,0.023692846298217773,0.915353000164032,0.9763257304827372,0.6830272905496282,0.4460492584999499,-4.886932729268446,0.0625702923252468,0.02479011323544883
adl-09-cam0-rgb,adl,89,50768,0.6915193498134613,0.44645966589450836,0.6693246364593506,0.19949299097061157,-5.135334047314395,0.09078437089920044,0.059358805418014526,0.03142556548118591,0.9022538065910339,0.9699346423149109,0.6924021391125459,0.4469968035365589,-5.265674417132938,0.0568462989547035,0.034983406335244396
adl-09-cam0-rgb,adl,91,50834,0.701381117105484,0.447395920753479,0.6769658327102661,0.19822141528129578,-5.596244451223903,0.08925586938858032,0.048696368932724,0.04055950045585632,0.8516936898231506,0.9613791803518931,0.7048148240619914,0.4509708923952913,-6.312928713888574,0.04384602961086085,0.044542026081126423
adl-09-cam0-rgb,adl,93,50900,0.7204431295394897,0.4561891704797745,0.682907223701477,0.20089783519506454,-8.364362055186499,0.0880851149559021,0.02966773509979248,0.05841737985610962,0.7992136478424072,0.9533553322156271,0.7191934296579061,0.4557013478759041,-8.06961698681022,0.029887502069597078,0.05110752659958671
adl-09-cam0-rgb,adl,95,50966,0.7348780632019043,0.46464885771274567,0.6880792081356049,0.2059701606631279,-10.254745660942746,0.07330381870269775,0.013675093650817871,0.05962872505187988,0.7699053287506104,0.949523389339447,0.734532913604339,0.459287180980562,-10.468374741878648,0.017883124289574538,0.052532930910845266
adl-09-cam0-rgb,adl,97,51032,0.751285046339035,0.46258363127708435,0.6896921992301941,0.21354085206985474,-13.891542857522197,0.04650837182998657,0.002856045961380005,0.04936441779136658,0.7465730309486389,0.9466577470302582,0.7497093206618244,0.46068202107499623,-13.739256675600824,0.010627113250426905,0.04971531343150441
adl-09-cam0-rgb,adl,99,51098,0.7637976109981537,0.459299698472023,0.6905397772789001,0.2219882532954216,-17.15541094737461,0.03117537498474121,0.011370152235031128,0.04254552721977234,0.7126429080963135,0.9413799941539764,0.7632158710843029,0.46033558481699394,-17.420546286664838,0.010258551283832225,0.04630613843083891
adl-09-cam0-rgb,adl,101,51164,0.7745619714260101,0.4577682763338089,0.6875806748867035,0.23080508410930634,-20.96881379168857,0.017616450786590576,0.01860824227333069,0.036224693059921265,0.6699652671813965,0.9342038929462433,0.774857652896926,0.4617110505571095,-20.814190605109335,0.013582606581382432,0.046609256084347156
adl-09-cam0-rgb,adl,103,51230,0.7839409112930298,0.45721428096294403,0.6829075217247009,0.24370012432336807,-25.323181713049404,0.01494818925857544,0.02761632204055786,0.0425645112991333,0.6263483166694641,0.9267304042975107,0.7850471661204376,0.4628908529232588,-24.349792864784128,0.02168632183240091,0.047628730612915796
adl-09-cam0-rgb,adl,105,51296,0.7928215265274048,0.4619685560464859,0.6847311854362488,0.26150448620319366,-28.3335715577859,0.017610490322113037,0.036699652671813965,0.054310142993927,0.5777812004089355,0.9182288448015848,0.7937844107548385,0.4638749919154424,-28.027353065689233,0.034569697036887684,0.04936456201654488
adl-09-cam0-rgb,adl,107,51362,0.8022654056549072,0.47008197009563446,0.6862215995788574,0.2781367152929306,-31.155781782119323,0.008103907108306885,0.04652714729309082,0.054631054401397705,0.5316524505615234,0.9102251827716827,0.8010693868001288,0.4646634675336603,-31.846871207824652,0.05223273219484273,0.0518167502952344
adl-10-cam0-rgb,adl,7,52560,0.7281161546707153,0.5078149139881134,0.7315974235534668,0.3731534481048584,1.4808809306088586,0.059918344020843506,0.023120641708374023,0.03679770231246948,0.8956360816955566,0.9725078245004019,0.7305698038953721,0.508923212506554,1.730397232109157,0.01964712919610915,0.044223781968608045
adl-10-cam0-rgb,adl,9,52626,0.7265327870845795,0.5079925060272217,0.7278287410736084,0.3743339627981186,0.5555227930626766,0.07184934616088867,0.02447757124900818,0.04737177491188049,0.8895108699798584,0.969273179769516,0.723914585059339,0.5081682219649805,0.915211272889944,0.027847044124747734,0.03906816506024562
adl-10-cam0-rgb,adl,11,52692,0.7192271649837494,0.5079461634159088,0.7211140394210815,0.37573055922985077,0.8176236369242174,0.06779932975769043,0.0301191508769989,0.03768017888069153,0.8896556496620178,0.9678041140238444,0.7174630271020903,0.5069785730985851,0.16553610872103186,0.03329919737912874,0.03381257084282961
adl-10-cam0-rgb,adl,13,52758,0.7110420763492584,0.5067776441574097,0.7115932703018188,0.3754679560661316,0.24050701928839133,0.06454801559448242,0.0364244282245636,0.028123587369918823,0.8969627022743225,0.9695660173892975,0.7112151300236257,0.5053542659073681,-0.5186282603975789,0.03600358895925215,0.02845699931636
adl-10-cam0-rgb,adl,15,52824,0.7040884792804718,0.5053549110889435,0.7012428641319275,0.3741760104894638,-1.2427011540180164,0.05882340669631958,0.03739103674888611,0.02143236994743347,0.903777003288269,0.9711680114269257,0.7051708938239447,0.5032953003913285,-1.1372818344658873,0.035960218865117924,0.023001450480836776
adl-10-cam0-rgb,adl,17,52890,0.6977897882461548,0.4997182935476303,0.692556768655777,0.36713190376758575,-2.2602198652946504,0.049337565898895264,0.03532755374908447,0.014010012149810791,0.9073769450187683,0.9718888103961945,0.6983579639748567,0.4998488435884567,-1.7757540755866188,0.03326941026753673,0.014714724831766876
adl-10-cam0-rgb,adl,19,52956,0.6937978863716125,0.49474063515663147,0.6877599358558655,0.3652123510837555,-2.6689061262331553,0.03994983434677124,0.029562771320343018,0.010387063026428223,0.9144805669784546,0.9736941059430441,0.6927730326270634,0.49657983039364595,-2.474097857769968,0.02705717822173969,0.009396776621475866
adl-10-cam0-rgb,adl,21,53022,0.6885846555233002,0.4929616451263428,0.6825117468833923,0.3633042871952057,-2.681667492020871,0.021224498748779297,0.016054004430770874,0.005170494318008423,0.9082394242286682,0.9702960948149363,0.6883397371996007,0.494110960723001,-2.872063151140795,0.018395980328192417,0.00583328377632867
adl-10-cam0-rgb,adl,23,53088,0.6834688782691956,0.49331124126911163,0.6777618825435638,0.36318598687648773,-2.5112524010014243,0.011772513389587402,0.008731961250305176,0.0030405521392822266,0.9077824950218201,0.9696516394615173,0.6844450763035637,0.4928425224699492,-2.8874982153692352,0.010796390957646541,0.0032541324823965718
adl-10-cam0-rgb,adl,25,53154,0.6809890568256378,0.49347853660583496,0.6738840639591217,0.3620106130838394,-3.093457786352471,0.005268275737762451,0.004340142011642456,0.0009281337261199951,0.9016255736351013,0.9685519635677338,0.6810712607908033,0.49301187248973033,-2.7027238741625417,0.0048214883515329005,0.0014643919416320256
adl-10-cam0-rgb,adl,27,53220,0.6793870031833649,0.4937700182199478,0.6731634438037872,0.36092306673526764,-2.682208064666414,0.0025433897972106934,0.00026658177375793457,0.002276808023452759,0.8887545466423035,0.9651234249273936,0.6784383461072838,0.4936544411368177,-2.485984320625552,0.0021500344916339544,1.5541072531703943e-06
adl-10-cam0-rgb,adl,29,53286,0.6762651801109314,0.49428577721118927,0.6714138388633728,0.35951460897922516,-2.0615790222500054,0.0032562613487243652,0.0035697221755981445,0.0003134608268737793,0.8876912593841553,0.9642499585946401,0.6768605236883277,0.4941287105862705,-2.2479244523834656,0.001807494338972742,0.00014878170830862937
adl-10-cam0-rgb,adl,31,53352,0.6752358973026276,0.4943823665380478,0.6711424291133881,0.3580278158187866,-1.7195467893942975,0.002087831497192383,0.0021522939205169678,6.446242332458496e-05,0.8933544754981995,0.9651977817217509,0.6759030059044486,0.494749099403232,-1.9899223645054978,0.002370837317916735,0.0019849632983599884
adl-10-cam0-rgb,adl,33,53418,0.6755781769752502,0.49467459321022034,0.6711443960666656,0.35280823707580566,-1.7900951101653297,0.0012416839599609375,0.0045563578605651855,0.003314673900604248,0.8958498239517212,0.9660728275775909,0.6751373660512807,0.49495369621685503,-1.6743359158423547,0.002928015473601102,0.005252482055069558
adl-10-cam0-rgb,adl,35,53484,0.674967348575592,0.4949968010187149,0.6708598732948303,0.3493293225765228,-1.6151762676425032,0.008779168128967285,0.0018293261528015137,0.010608494281768799,0.8974547982215881,0.9676659007867178,0.6746052590025442,0.49459727850311175,-1.5359817834139244,0.0033312131574143532,0.009928463212339379
adl-10-cam0-rgb,adl,37,53550,0.6742120385169983,0.4953070282936096,0.6702172458171844,0.34500017762184143,-1.5224249011532547,0.013197183609008789,0.0038756728172302246,0.017072856426239014,0.9001664519309998,0.9688563446203867,0.6743588446280647,0.4937373075263317,-1.49841872023513,0.0023295083345272805,0.015573379668322455
adl-10-cam0-rgb,adl,39,53616,0.673554927110672,0.4919402599334717,0.669874906539917,0.3406200557947159,-1.3931258899056682,0.01906496286392212,0.0015009939670562744,0.020565956830978394,0.9057416319847107,0.9700892766316732,0.6736150970964712,0.4927479467350676,-1.446589618920381,0.0021623699438004236,0.021250915862781113
adl-10-cam0-rgb,adl,41,53682,0.672494500875473,0.4909041076898575,0.6685827076435089,0.3380589187145233,-1.4660607087376962,0.024072468280792236,0.0014968812465667725,0.02556934952735901,0.9144224524497986,0.9724973241488138,0.6725739257418222,0.49172031673001965,-1.4723295088542723,0.0013548591178216955,0.025126834065367094
adl-10-cam0-rgb,adl,43,53748,0.6712514758110046,0.49056752026081085,0.6668885946273804,0.33536532521247864,-1.610214752477428,0.02638322114944458,7.43865966796875e-05,0.026308834552764893,0.9187039136886597,0.9732641180356344,0.6710010987597617,0.49108819379692914,-1.6134035160923248,0.0010570632172869385,0.02634720665551879
adl-10-cam0-rgb,adl,45,53814,0.6688528060913086,0.4910125881433487,0.6641106307506561,0.33452270925045013,-1.7357257313095145,0.030717134475708008,0.002984344959259033,0.027732789516448975,0.9037927985191345,0.9712136586507162,0.6689062412683056,0.49120178225236466,-1.8469691888193924,0.0009142222342553069,0.025699990136282748
adl-10-cam0-rgb,adl,47,53880,0.6667343080043793,0.49093811213970184,0.6603451371192932,0.33236026763916016,-2.3072241645705773,0.022210001945495605,0.0006564557552337646,0.02286645770072937,0.9057270884513855,0.9726789593696594,0.6661779736027564,0.49111315091966995,-2.2715643706039135,0.0020242622404387477,0.02331632736957431
adl-10-cam0-rgb,adl,49,53946,0.6623026132583618,0.49108365178108215,0.6551847457885742,0.32947349548339844,-2.5218734934491964,0.021384060382843018,0.0031939148902893066,0.01819014549255371,0.9089846611022949,0.9742786685625712,0.6628997969678976,0.48960290758898695,-2.6873317165283996,0.004355682052059086,0.018905877679973426
adl-10-cam0-rgb,adl,51,54012,0.6592147052288055,0.4891621768474579,0.6505842804908752,0.322410449385643,-2.9627644747574,0.02171391248703003,0.006994873285293579,0.01471903920173645,0.9125837683677673,0.975852757692337,0.6589670816025167,0.4870724621273215,-2.9583635887776625,0.007643956384617517,0.013210151876722045
adl-10-cam0-rgb,adl,53,54078,0.6549340784549713,0.4826163947582245,0.6449366211891174,0.31537455320358276,-3.4209815769965144,0.02009207010269165,0.010707169771194458,0.009384900331497192,0.9189429879188538,0.977812776962916,0.6546822373485143,0.483835588414947,-2.9939635899350936,0.01102398071454199,0.008868830802636733
adl-10-cam0-rgb,adl,55,54144,0.6504825055599213,0.4790194034576416,0.6422423720359802,0.3105788081884384,-2.8006834481689444,0.02001136541366577,0.015228062868118286,0.004783302545547485,0.9106659889221191,0.9770784874757131,0.6501664773468322,0.480478314287734,-2.7163449795114443,0.013513149250121322,0.007636067542162799
adl-10-cam0-rgb,adl,57,54210,0.6455632150173187,0.4779924005270004,0.6391279101371765,0.3047458678483963,-2.1272943366021293,0.010986566543579102,0.014867573976516724,0.003881007432937622,0.9175922274589539,0.9789002736409506,0.6461198855014065,0.478006965670234,-2.28988623419575,0.013072383481186686,0.008325617679785844
adl-10-cam0-rgb,adl,59,54276,0.6419072449207306,0.47710129618644714,0.6372646391391754,0.3015439659357071,-1.5148312786996347,0.0004245638847351074,0.012641102075576782,0.01306566596031189,0.9246869683265686,0.9807316462198893,0.642143274540508,0.4773220131536576,-1.6347043483172408,0.01041276088524689,0.011001194710339286
adl-10-cam0-rgb,adl,61,54342,0.6388096809387207,0.4774002432823181,0.6358669400215149,0.29890307784080505,-0.944504420290198,0.010783672332763672,0.005386412143707275,0.016170084476470947,0.9310349225997925,0.9820578495661417,0.6387854246866127,0.47846942972311135,-0.9244698069448636,0.007178547062399057,0.013580695375219547
adl-10-cam0-rgb,adl,63,54408,0.6368939578533173,0.47989898920059204,0.6350464522838593,0.2958161234855652,-0.5750166776354142,0.013761758804321289,0.0014331638813018799,0.015194922685623169,0.9351409673690796,0.9788265426953634,0.6363463119252926,0.4794105581648931,-0.4034886307907984,0.004317152938801483,0.012764578386818673
adl-10-cam0-rgb,adl,65,54474,0.6341312229633331,0.4812956601381302,0.6346884071826935,0.29465699195861816,0.17104820588296268,0.01638209819793701,0.0019510090351104736,0.014431089162826538,0.9277336001396179,0.9781085550785065,0.6348748941184114,0.480245382754833,-0.016785040638184236,0.0034556519159506882,0.0098394469007269
adl-10-cam0-rgb,adl,67,54540,0.633554995059967,0.4809035509824753,0.634739339351654,0.289144903421402,0.35386704827451115,0.01095879077911377,0.005442976951599121,0.0055158138275146484,0.9121537208557129,0.9760091304779053,0.6339672516176702,0.48020310293544355,0.2610225458127962,0.0039445075379821596,0.007354961458222681
adl-10-cam0-rgb,adl,69,54606,0.6341235935688019,0.477828711271286,0.6351597309112549,0.2788868546485901,0.29840758978127174,0.006466209888458252,0.0066682398319244385,0.00020202994346618652,0.8897895216941833,0.972854862610499,0.6337243219216655,0.4785752086799375,0.35428084131998805,0.005718320350110264,0.0100028131689344
adl-10-cam0-rgb,adl,71,54672,0.6341935396194458,0.4773360639810562,0.6351251006126404,0.27150754630565643,0.25931367255573334,0.0052967071533203125,0.008119344711303711,0.013416051864624023,0.8851512670516968,0.9725948572158813,0.6338982592413427,0.4757630430258707,0.2966254012079708,0.007020791113634635,0.017262374941920795
adl-10-cam0-rgb,adl,73,54738,0.6340412497520447,0.4724433124065399,0.6347150802612305,0.26589488983154297,0.1869174638956452,0.023234903812408447,0.006510674953460693,0.02974557876586914,0.8955243229866028,0.9750894705454508,0.6343175007667368,0.4728290350922252,0.1013269608089338,0.007706403474271028,0.02635704077683482
adl-10-cam0-rgb,adl,75,54804,0.6348258554935455,0.46904563903808594,0.6339286863803864,0.2604355290532112,-0.24641033350619876,0.03580266237258911,0.007097035646438599,0.04289969801902771,0.9055676460266113,0.9773760338624319,0.6345275741118881,0.4702409220077252,-0.12056210009969673,0.007266099834854974,0.03694608175393301
adl-10-cam0-rgb,adl,77,54870,0.634723573923111,0.4686475992202759,0.6331753432750702,0.2575826495885849,-0.4202758015005651,0.03709810972213745,0.006722539663314819,0.04382064938545227,0.9147116541862488,0.979338268438975,0.6345618750367836,0.469118562998709,-0.3617743220618749,0.006519219447007934,0.041926113945065055
adl-10-cam0-rgb,adl,79,54936,0.6344699859619141,0.46883806586265564,0.6319330334663391,0.25443409383296967,-0.6779253491446735,0.03125959634780884,0.007109224796295166,0.038368821144104004,0.9228297472000122,0.9808293581008911,0.6346527965037845,0.4693625576439351,-0.7638432982691279,0.005651595272543102,0.03869052057142376
adl-10-cam0-rgb,adl,81,55002,0.6347034275531769,0.4693814367055893,0.6302061080932617,0.24911490827798843,-1.169681241005845,0.031102120876312256,0.003935009241104126,0.03503713011741638,0.9301720261573792,0.9817468822002411,0.6347581403596052,0.4702293923148854,-1.288699370830543,0.005566436232942515,0.030985666559888124
adl-10-cam0-rgb,adl,83,55068,0.6347122490406036,0.4728432148694992,0.6280291080474854,0.24475354701280594,-1.6783147286847073,0.013492047786712646,0.003947943449020386,0.017439991235733032,0.936623215675354,0.9828321437040964,0.6348695451821075,0.47106343062667033,-1.8778907058186933,0.003878876373365322,0.022329400499145675
adl-10-cam0-rgb,adl,85,55134,0.6350476741790771,0.4728005975484848,0.624314934015274,0.2407078891992569,-2.647661534947494,0.007101655006408691,0.004481852054595947,0.011583507061004639,0.9398320317268372,0.9808945854504904,0.6349058377020278,0.47108868067656695,-2.433324450366235,0.0026961561147268685,0.015366001691653076
adl-10-cam0-rgb,adl,87,55200,0.6351979970932007,0.4683469384908676,0.6225678324699402,0.2324794977903366,-3.0651312161216526,0.006243407726287842,0.004932224750518799,0.01117563247680664,0.9436397552490234,0.9814541339874268,0.6347889568640547,0.4699964335599496,-2.8485044980681495,0.001746283594147983,0.010479902937298714
adl-10-cam0-rgb,adl,89,55266,0.6352742314338684,0.4685700237751007,0.6212050318717957,0.22169172763824463,-3.261667015159445,0.010876178741455078,0.0005744099617004395,0.010301768779754639,0.9444409012794495,0.9823848505814871,0.634707562722168,0.46821019350192183,-3.1245727639869223,0.004609727369242412,0.007820228864620249
adl-10-cam0-rgb,adl,91,55332,0.6345426142215729,0.46577288210392,0.6208591759204865,0.20761721581220627,-3.034100682131235,0.018647193908691406,0.010197848081588745,0.008449345827102661,0.9476681351661682,0.9836629629135132,0.634960024903862,0.46569283080823426,-3.369647991996568,0.012653950488928579,0.008466822502416954
adl-10-cam0-rgb,adl,93,55398,0.6355156004428864,0.4629085212945938,0.6208387315273285,0.19652189314365387,-3.15358657826865,0.027652442455291748,0.018959015607833862,0.008693426847457886,0.9505518674850464,0.9845930437246958,0.6357762462648986,0.46357812084160777,-3.3364066162710824,0.02601394147583929,0.009275676368118869
adl-10-cam0-rgb,adl,95,55464,0.6379977166652679,0.46237117052078247,0.6216742098331451,0.18996897339820862,-3.429307741087389,0.05333489179611206,0.042074114084243774,0.011260777711868286,0.9529027938842773,0.9847694933414459,0.6376437030055296,0.4622718868575564,-3.242621139200833,0.04113568333320281,0.011002257401809016
adl-10-cam0-rgb,adl,97,55530,0.6414695680141449,0.46000923216342926,0.6246217787265778,0.18346649408340454,-3.4863168023904456,0.07523077726364136,0.06009212136268616,0.0151386559009552,0.9541745781898499,0.9848563273747762,0.641374470867635,0.46040813328125707,-3.04465917554937,0.05391966393499655,0.015221866952392426
adl-10-cam0-rgb,adl,99,55596,0.6467531621456146,0.45871590077877045,0.6348995268344879,0.1790146380662918,-2.426721661483644,0.08757609128952026,0.06608530879020691,0.021490782499313354,0.9492728114128113,0.9843379755814871,0.6476617783179005,0.4583895019380555,-2.6862177646977807,0.05920061740008259,0.022545702529676002
adl-10-cam0-rgb,adl,101,55662,0.6548861265182495,0.45759494602680206,0.6433448791503906,0.17337779700756073,-2.3253405500027324,0.08757138252258301,0.057055652141571045,0.030515730381011963,0.9435277581214905,0.9838170309861501,0.6563441100574665,0.4561758735479208,-2.2852157212168214,0.05691455040143158,0.03272637815186467
adl-10-cam0-rgb,adl,103,55728,0.6665233969688416,0.4532732516527176,0.6571311354637146,0.16106606274843216,-1.8409941856690333,0.08768081665039062,0.044146597385406494,0.04353421926498413,0.9391805529594421,0.9832271536191305,0.6667785523257721,0.4541351484916936,-1.95988717547833,0.04617776447560357,0.04584218181056887
adl-10-cam0-rgb,adl,105,55794,0.6793134212493896,0.4500608742237091,0.6713478863239288,0.15096575766801834,-1.52554706482885,0.08714461326599121,0.030663490295410156,0.056481122970581055,0.9233465790748596,0.9805761675039927,0.6782409510055136,0.45160256010113276,-1.7713472225488962,0.03125367303947345,0.056973019977668585
adl-10-cam0-rgb,adl,107,55860,0.6909670531749725,0.4493982046842575,0.6796947717666626,0.14004363119602203,-2.086823963508952,0.08524221181869507,0.018706589937210083,0.06653562188148499,0.921589195728302,0.9805111189683279,0.6897900461892534,0.44859046776057254,-1.8395795935079349,0.01783518628640606,0.06255251182106142
adl-10-cam0-rgb,adl,109,55926,0.700473427772522,0.44787217676639557,0.6881861686706543,0.12823446467518806,-2.201434911313286,0.07693088054656982,0.0078002214431762695,0.06913065910339355,0.9240731596946716,0.9811819493770599,0.7004521806518742,0.44561398048679485,-2.0593323137934174,0.010661241296049824,0.05875305231515454
adl-10-cam0-rgb,adl,111,55992,0.7098166048526764,0.44134819507598877,0.6970319449901581,0.11749371513724327,-2.260666258267232,0.04785186052322388,0.002297133207321167,0.050148993730545044,0.9248496294021606,0.9809699853261312,0.7102355102956026,0.4429989814500266,-2.4900362895174886,0.00843146869114466,0.04902557738415599
adl-10-cam0-rgb,adl,113,56058,0.7185930907726288,0.43959905207157135,0.7016404271125793,0.11027500033378601,-2.946822356635973,0.022772669792175293,0.00992467999458313,0.03269734978675842,0.9281376004219055,0.9810334841410319,0.71897730231285,0.44010332439626904,-3.122697740742324,0.011569033066431665,0.03713553047283382
adl-10-cam0-rgb,adl,115,56124,0.7265808582305908,0.43792377412319183,0.7036404609680176,0.10286085680127144,-3.9166970273176056,0.0036052465438842773,0.02009713649749756,0.01649188995361328,0.9164872169494629,0.9763442575931549,0.7271423334683165,0.43737860249750476,-3.8618367583320232,0.012344544326072113,0.02722327817570076
adl-10-cam0-rgb,adl,117,56190,0.7350000441074371,0.4358064830303192,0.7082901000976562,0.09872153773903847,-4.530538101238159,0.0033032894134521484,0.019802361726760864,0.023105651140213013,0.9077913165092468,0.9713577926158905,0.733907631207337,0.43569123674006627,-4.654633975668305,0.012168279715946728,0.022320907611351477
adl-10-cam0-rgb,adl,119,56256,0.7396254539489746,0.4342470020055771,0.7068387866020203,0.09653495624661446,-5.545164376029052,0.00632709264755249,0.0208473801612854,0.02717447280883789,0.8720753788948059,0.9581555624802908,0.738495923740006,0.43565838993627726,-5.226791277528498,0.016873278143085937,0.023190178138353064
adl-10-cam0-rgb,adl,121,56322,0.74404177069664,0.43506594002246857,0.7088960707187653,0.09373414516448975,-5.87882163015516,0.02684640884399414,0.005177289247512817,0.03202369809150696,0.8716447353363037,0.9570843875408173,0.7418796149167137,0.43549232217140466,-5.450500079656901,0.027027287524499892,0.02823633136171279
adl-10-cam0-rgb,adl,123,56388,0.7444555163383484,0.43556801974773407,0.7112173140048981,0.09337515011429787,-5.547903868888977,0.06491518020629883,0.03004211187362671,0.03487306833267212,0.8695290088653564,0.9569827914237976,0.7452873503748978,0.43440887164243824,-5.465164544263169,0.041208801976530006,0.03597480226388737
adl-10-cam0-rgb,adl,125,56454,0.7476241886615753,0.4356464147567749,0.716141551733017,0.0932163130491972,-5.2529418810406225,0.10829359292984009,0.06887581944465637,0.039417773485183716,0.8423841595649719,0.9488943914572397,0.7504903249668342,0.4330469400851751,-5.591471630476367,0.05553999078738217,0.04506805797159923
adl-10-cam0-rgb,adl,127,56520,0.7573768198490143,0.4315190613269806,0.7240490317344666,0.09370763599872589,-5.634451496561214,0.13688719272613525,0.08055081963539124,0.05633637309074402,0.8183472752571106,0.9448317488034567,0.7589389096090793,0.43163848097448165,-5.807673024492651,0.0654157508503306,0.05899948733193525
adl-10-cam0-rgb,adl,129,56586,0.7700925469398499,0.4270218014717102,0.732229471206665,0.1035468690097332,-6.6761510551334515,0.14085853099822998,0.06996625661849976,0.07089227437973022,0.8160839080810547,0.9448909262816111,0.7707840183596579,0.43084337565547914,-6.5920626572455285,0.06722144079414787,0.07313639080369616
adl-10-cam0-rgb,adl,131,56652,0.7860783934593201,0.42936210334300995,0.7396024763584137,0.11505545303225517,-8.41126560908482,0.13681453466415405,0.04958903789520264,0.08722549676895142,0.8125681281089783,0.9461854298909506,0.784888888721341,0.42871040628327894,-8.44709688941229,0.05467184707199848,0.08149730501236842
adl-10-cam0-rgb,adl,133,56718,0.8010285496711731,0.4310481399297714,0.750999391078949,0.15009606629610062,-10.09683183178633,0.12748348712921143,0.033657729625701904,0.09382575750350952,0.8040350079536438,0.9462177256743113,0.8003658128507198,0.4278623085646396,-11.026982209520057,0.03521849969764804,0.08139417801068446
adl-10-cam0-rgb,adl,135,56784,0.815081924200058,0.4320906698703766,0.7547696828842163,0.18373776972293854,-13.64997592401219,0.09310579299926758,0.016687721014022827,0.07641807198524475,0.785058856010437,0.9440282583236694,0.8141899592690641,0.42820966714646336,-13.745422080347684,0.01911472951694998,0.07234772626971775
adl-10-cam0-rgb,adl,137,56850,0.825573205947876,0.4270939975976944,0.7611716985702515,0.22636430710554123,-17.78816189531664,0.061631739139556885,0.008176743984222412,0.05345499515533447,0.7325446605682373,0.9342749118804932,0.8266054535066913,0.43067504426875614,-16.69104887467941,0.010484816837104356,0.06232805569450567
adl-10-cam0-rgb,adl,139,56916,0.8393771350383759,0.44039304554462433,0.7698701918125153,0.2437940165400505,-19.470881257148896,0.039433419704437256,0.006305068731307983,0.04573848843574524,0.6785653829574585,0.9227626125017802,0.8349990253840678,0.4234584147408921,-20.43454910631672,0.0027730704902054464,0.05752820576424198
adl-10-cam0-rgb,adl,141,56982,0.8440119326114655,0.4515622705221176,0.7754464745521545,0.2702723443508148,-20.717062599101776,0.036894798278808594,0.011735469102859497,0.04863026738166809,0.6175128221511841,0.9042162398497263,0.8456931470276461,0.4555652134475247,-20.89327398243937,0.015075650824096794,0.05670956899593395
adl-10-cam0-rgb,adl,143,57048,0.8539887070655823,0.47977711260318756,0.7796974182128906,0.3069707304239273,-23.263379892123005,0.045956552028656006,0.021917223930358887,0.06787377595901489,0.5622060894966125,0.8872302969296774,0.8592255063903268,0.5146426884900949,-20.790840161795387,0.02428776593435375,0.055102493855860246
adl-10-cam0-rgb,adl,145,57114,0.8594915866851807,0.5242394506931305,0.7819752395153046,0.34345632791519165,-23.208728439008308,0.04698944091796875,0.0287703275680542,0.07575976848602295,0.5115541815757751,0.8704378604888916,0.8656917060866487,0.5891870300233097,-18.539497030364018,0.04480749071934516,0.058837740839301676
adl-10-cam0-rgb,adl,191,58632,0.887117326259613,0.7396190464496613,0.844171404838562,0.5243655890226364,-11.283115054325076,0.05013769865036011,0.10213786363601685,0.05200016498565674,0.500499427318573,0.8937102456887563,0.8706188983731442,0.653827501968903,-18.727760125773262,0.0677249939926774,0.057259359401025736
adl-10-cam0-rgb,adl,199,58896,0.8861933052539825,0.7404632270336151,0.8143836855888367,0.5527023375034332,-20.92947779676511,0.09061098098754883,0.053885847330093384,0.036725133657455444,0.506035566329956,0.8935063680013021,0.8778852928639483,0.6905930177280393,-20.98770256537206,0.0817722216184004,0.059995229716424806
adl-10-cam0-rgb,adl,203,59028,0.8607012629508972,0.7338119149208069,0.8062540888786316,0.574677437543869,-18.888160464325427,0.19429296255111694,0.12465065717697144,0.06964230537414551,0.5023298263549805,0.8832130134105682,0.8848648850922971,0.715334784939433,-24.572563443249173,0.09408698625120752,0.06345443961682255
adl-10-cam0-rgb,adl,223,59688,0.8903338015079498,0.6968669593334198,0.8452473282814026,0.6330308020114899,-35.232959558732965,0.052078843116760254,0.10794255137443542,0.05586370825767517,0.5043955445289612,0.8427492380142212,0.891557675058191,0.7280528036030849,-29.482342759404624,0.10466928789109876,0.06763698910221905
adl-10-cam0-rgb,adl,225,59754,0.905750960111618,0.7170020341873169,0.8453105092048645,0.6316503882408142,-35.30362921877919,0.015405237674713135,0.10020604729652405,0.08480080962181091,0.503989577293396,0.8348707060019175,0.89796366276163,0.7287470737189947,-35.71704051383842,0.11351912653807415,0.0725428781726143
adl-11-cam0-rgb,adl,17,61282,0.716472327709198,0.5145634710788727,0.7244985103607178,0.3758563697338104,3.311684572679467,0.03723841905593872,0.011446893215179443,0.025791525840759277,0.9549710750579834,0.9893037478129069,0.7188765350616335,0.5131148321158956,3.0647748780973103,0.007153566858985175,0.03198370843222644
adl-11-cam0-rgb,adl,19,61348,0.7162381112575531,0.5105979740619659,0.7206803262233734,0.3759452998638153,1.8895123709509272,0.05075901746749878,0.015515357255935669,0.03524366021156311,0.9498229622840881,0.9869777063528696,0.7145470332015641,0.5117979415438391,2.088957234131638,0.016642114068522573,0.03422688372207408
adl-11-cam0-rgb,adl,21,61414,0.7127879559993744,0.5081505179405212,0.7143594920635223,0.37625133991241455,0.6826283889407083,0.06223404407501221,0.018703609704971313,0.043530434370040894,0.9440247416496277,0.9834955036640167,0.7099978831939364,0.5103159810041452,1.2290223380949867,0.02389572513051877,0.03475307819647189
adl-11-cam0-rgb,adl,23,61480,0.7055009603500366,0.5089207291603088,0.707321435213089,0.3765486925840378,0.787922840723886,0.06580841541290283,0.026640772819519043,0.03916764259338379,0.9399402141571045,0.9806081553300222,0.7052290850387504,0.5086689504968139,0.48497018998735664,0.028914400044973768,0.033562291855419854
adl-11-cam0-rgb,adl,25,61546,0.6987162828445435,0.5088450610637665,0.6994975209236145,0.37665119767189026,0.33860212931669426,0.05998682975769043,0.03083205223083496,0.02915477752685547,0.9391581416130066,0.9809567729632059,0.7002406387360054,0.5068568500218447,-0.1431992101912531,0.03169813881188755,0.030654524698917954
adl-11-cam0-rgb,adl,27,61612,0.694096177816391,0.5064807534217834,0.6922367811203003,0.3752415180206299,-0.811711949483533,0.052442193031311035,0.033674150705337524,0.01876804232597351,0.9369038939476013,0.9806654552618662,0.6940626818122275,0.5053277671724163,-0.5742992060947636,0.033275051421417255,0.022930338914260173
adl-11-cam0-rgb,adl,29,61678,0.6887953579425812,0.5006065368652344,0.686429500579834,0.3693677634000778,-1.0327661342376713,0.05032914876937866,0.035542458295822144,0.014786690473556519,0.9354371428489685,0.9806138873100281,0.688430216792341,0.5028974682866746,-0.9948129364302907,0.03185564163443325,0.015392406807317339
adl-11-cam0-rgb,adl,31,61744,0.6837791204452515,0.5004804134368896,0.6799726188182831,0.3679151087999344,-1.6447483582534208,0.042866051197052,0.031920671463012695,0.010945379734039307,0.9328805208206177,0.9804140428702036,0.6835965662549575,0.4999198641353864,-1.3699638379429857,0.027088350676870925,0.010006804873932993
adl-11-cam0-rgb,adl,33,61810,0.6791900098323822,0.49811409413814545,0.6761129796504974,0.36592234671115875,-1.3334343144877008,0.020952343940734863,0.01395919919013977,0.006993144750595093,0.9221782088279724,0.9783338407675425,0.679419787673206,0.49743350727475494,-1.6279067034198693,0.020821438981341048,0.006796557149845791
adl-11-cam0-rgb,adl,35,61876,0.675116091966629,0.4949441999197006,0.6713069081306458,0.36373089253902435,-1.6628563146976099,0.01927053928375244,0.014276891946792603,0.004993647336959839,0.9217016696929932,0.978491892417272,0.6753491241952547,0.49591602817242203,-1.5779749474115694,0.015392493504982467,0.004727001959111261
adl-11-cam0-rgb,adl,37,61942,0.6721547245979309,0.4950823187828064,0.6688940525054932,0.36057932674884796,-1.3887138213084242,0.011551618576049805,0.0098763108253479,0.0016753077507019043,0.9238735437393188,0.9791907966136932,0.6722051723178837,0.49546226046302033,-1.5302463483592679,0.010339163856588902,0.0028010090708216508
adl-11-cam0-rgb,adl,39,62008,0.67044398188591,0.4952852874994278,0.6663755178451538,0.35975970327854156,-1.7194969737829593,0.010746419429779053,0.008550077676773071,0.0021963417530059814,0.9267427921295166,0.9798455139001211,0.6698580406186891,0.4950950562437884,-1.3369680077325619,0.007836807728845825,0.001577311392986411
adl-11-cam0-rgb,adl,41,62074,0.6673406958580017,0.4954935312271118,0.6652503311634064,0.35747672617435455,-0.8677198243723241,0.00937807559967041,0.010643184185028076,0.001265108585357666,0.9250205755233765,0.9794683257738749,0.6683312559024587,0.49545542869990966,-1.169416720111282,0.007891656258405533,0.0007333549070151846
adl-11-cam0-rgb,adl,43,62140,0.6677811145782471,0.4962799549102783,0.6652896404266357,0.3559413105249405,-1.0170823561372018,0.0036991238594055176,0.004361391067504883,0.0006622672080993652,0.9264788627624512,0.9796481827894846,0.6675114681968431,0.4959873291966196,-0.9369636382118594,0.006887441460704381,0.00020694822976083512
adl-11-cam0-rgb,adl,45,62206,0.6671341061592102,0.49633677303791046,0.6656503081321716,0.35370825231075287,-0.5960399601035686,0.007723331451416016,0.007050573825836182,0.000672757625579834,0.9299193620681763,0.9803469975789388,0.6672054324057185,0.4962676011380688,-0.7334881825206971,0.007300128023345738,0.0008607781552649157
adl-11-cam0-rgb,adl,47,62272,0.6673289239406586,0.4959969222545624,0.6659329533576965,0.34929007291793823,-0.5451743341545875,0.008331358432769775,0.007280975580215454,0.0010503828525543213,0.9340346455574036,0.9808572630087534,0.6671969280356442,0.4961969080941494,-0.48620280264938054,0.007656875239822244,0.0019846915940701683
adl-11-cam0-rgb,adl,49,62338,0.6674400269985199,0.49555055797100067,0.666290819644928,0.34445418417453766,-0.4357712887002889,0.012378394603729248,0.008143335580825806,0.004235059022903442,0.9391812086105347,0.9821486274401346,0.667422458722993,0.49562952019177403,-0.33574886815782135,0.0071982207236351795,0.004696620491159937
adl-11-cam0-rgb,adl,51,62404,0.6674098968505859,0.49530090391635895,0.6672093570232391,0.3403562903404236,-0.07415604228046725,0.018670082092285156,0.009126543998718262,0.009543538093566895,0.9438294172286987,0.9832975268363953,0.6671989754938967,0.49435856622276814,-0.059038087200736694,0.007148358857992913,0.009148467025715538
adl-11-cam0-rgb,adl,53,62470,0.6668358445167542,0.4929144084453583,0.6672415137290955,0.33663317561149597,0.14872599300815012,0.01943361759185791,0.006242215633392334,0.013191401958465576,0.9480487108230591,0.9845702449480692,0.6668920051225842,0.4926626856450903,0.17394463530240017,0.0060134719718586225,0.014387981587158117
adl-11-cam0-rgb,adl,55,62536,0.6661198437213898,0.4910772442817688,0.6671580374240875,0.33325643837451935,0.3769037873110821,0.02319091558456421,0.0030563771724700928,0.020134538412094116,0.9496650695800781,0.9852108955383301,0.6662912722273813,0.4912406910549504,0.359016508459307,0.00530916787845231,0.020267589009685404
adl-11-cam0-rgb,adl,57,62602,0.6650265157222748,0.4893132895231247,0.6663717925548553,0.3309054523706436,0.48657208643707905,0.030702173709869385,0.004877835512161255,0.02582433819770813,0.9516984820365906,0.9861004054546356,0.665164438806054,0.4904639588031927,0.3839754023570875,0.0055514753380895105,0.024674726384026627
adl-11-cam0-rgb,adl,59,62668,0.6636411845684052,0.48934033513069153,0.6645797491073608,0.32860662043094635,0.33456064771908595,0.03412598371505737,0.006789535284042358,0.027336448431015015,0.9494349360466003,0.9861383736133575,0.6635415004445351,0.4907233740860242,0.19886117289991065,0.006329939736948376,0.026990379864003194
adl-11-cam0-rgb,adl,61,62734,0.66151562333107,0.49155376851558685,0.6610393524169922,0.32822196185588837,-0.1670723939003675,0.0384141206741333,0.009228914976119995,0.029185205698013306,0.9464614391326904,0.9859989186127981,0.6611239037988497,0.49119194226089424,-0.2153829958913286,0.008771661556128288,0.027042857238224534
adl-11-cam0-rgb,adl,63,62800,0.6576580107212067,0.4924660474061966,0.6558498442173004,0.32796263694763184,-0.6297506971314546,0.03631186485290527,0.012639492750167847,0.023672372102737427,0.9471216797828674,0.9865540266036987,0.6575657571807043,0.4913137951196523,-0.6145936572929227,0.01210306359059881,0.024340249630279837
adl-11-cam0-rgb,adl,65,62866,0.6538615226745605,0.4919663518667221,0.6506514549255371,0.32398734986782074,-1.0947853465203785,0.03286433219909668,0.013055682182312012,0.019808650016784668,0.9465000033378601,0.9868605434894562,0.6530937724041207,0.4901836229996241,-0.9292971300531971,0.015154752767447249,0.020428752873367016
adl-11-cam0-rgb,adl,67,62932,0.6481671631336212,0.48695245385169983,0.6438334882259369,0.3159908205270767,-1.4520691843688984,0.033782243728637695,0.01860871911048889,0.015173524618148804,0.9442403316497803,0.9868452350298563,0.6481898336699505,0.48745540171474533,-1.1144842842314913,0.017743720636739332,0.015514516469204041
adl-11-cam0-rgb,adl,69,62998,0.6425264477729797,0.4840475022792816,0.6399378478527069,0.3104459196329117,-0.8542828767962798,0.03169214725494385,0.020907223224639893,0.010784924030303955,0.940432608127594,0.9865378439426422,0.643345378952108,0.48371114178653335,-1.1672861730316204,0.019250402976940174,0.010867254558579731
adl-11-cam0-rgb,adl,71,63064,0.6386785209178925,0.4791402071714401,0.635802298784256,0.30586308240890503,-0.9509637050816663,0.028950631618499756,0.020982354879379272,0.007968276739120483,0.9442894458770752,0.9875112473964691,0.6391189228662671,0.4801690655869316,-1.0849097249547675,0.020388875817839686,0.00733553318234232
adl-11-cam0-rgb,adl,73,63130,0.6358232200145721,0.476847380399704,0.6327629685401917,0.30172157287597656,-1.0011182942312642,0.022702813148498535,0.019934386014938354,0.0027684271335601807,0.9492098689079285,0.9886292119820913,0.6356389454174858,0.47764550072032064,-0.9059727529202544,0.02124275570307972,0.00447331091542264
adl-11-cam0-rgb,adl,75,63196,0.6332554817199707,0.47651705145835876,0.6305313110351562,0.2993953973054886,-0.8811524381735728,0.01616007089614868,0.019527137279510498,0.0033670663833618164,0.9537255167961121,0.989625096321106,0.6332347946507582,0.4766592286623911,-0.7555711376530209,0.021152878865535095,0.002550396697345747
adl-11-cam0-rgb,adl,77,63262,0.6316481232643127,0.47701916098594666,0.6301726400852203,0.2978379726409912,-0.47179644774681134,0.021235167980194092,0.02227330207824707,0.0010381340980529785,0.9577788710594177,0.9902859727541605,0.6316204140712679,0.4767585790260523,-0.6384755549061436,0.021130605177445815,0.001243124534557391
adl-11-cam0-rgb,adl,79,63328,0.6303925514221191,0.4779934585094452,0.6295786201953888,0.296212837100029,-0.2565428157090738,0.02022528648376465,0.02143096923828125,0.0012056827545166016,0.9610408544540405,0.9904325703779856,0.6303966891713979,0.4781382690260414,-0.25950689058193344,0.020796198349494407,0.00021513586952572787
adl-11-cam0-rgb,adl,81,63394,0.6298553347587585,0.4791869521141052,0.6296457350254059,0.2947971075773239,-0.0651292643901253,0.021120429039001465,0.020332932472229004,0.0007874965667724609,0.9639669060707092,0.9901114006837209,0.6296287364773927,0.4795514203898311,0.2501854383579528,0.020042860404753553,0.00012221377649348613
adl-11-cam0-rgb,adl,83,63460,0.6297092735767365,0.48107196390628815,0.6318410933017731,0.2916456609964371,0.6447843553852163,0.019139230251312256,0.01836666464805603,0.0007725656032562256,0.967172384262085,0.9900610347588857,0.6294481560781395,0.4807899637526757,0.7458812678030247,0.018648501598473723,0.0008328139007865611
adl-11-cam0-rgb,adl,85,63526,0.6297978460788727,0.48189419507980347,0.6346966326236725,0.2873154282569885,1.4421949422539053,0.01821613311767578,0.015569180250167847,0.0026469528675079346,0.9684464335441589,0.9897148410479227,0.6302385623062835,0.48144167719723274,1.1135864912076867,0.01617801718381574,0.004850101032298359
adl-11-cam0-rgb,adl,87,63592,0.6311801671981812,0.48062920570373535,0.6366713047027588,0.27889566123485565,1.559192037737279,0.023117661476135254,0.014072418212890625,0.009045243263244629,0.9669516682624817,0.9899366398652395,0.6316007420872187,0.48058704954463094,1.3812566468606025,0.013944768931442504,0.011114300200433426
adl-11-cam0-rgb,adl,89,63658,0.633758544921875,0.47947897017002106,0.6385506391525269,0.271293967962265,1.3186266733967722,0.030040621757507324,0.011735379695892334,0.01830524206161499,0.967162549495697,0.9903887708981832,0.6338193090189062,0.47820272396653174,1.397646270303778,0.010871157114639929,0.01964359714355301
adl-11-cam0-rgb,adl,91,63724,0.6376313865184784,0.47569265961647034,0.6413408517837524,0.2658599019050598,1.0127807014151156,0.038274943828582764,0.007867962121963501,0.030406981706619263,0.9695435166358948,0.9911575615406036,0.6368172617701732,0.47476444957834235,1.1170362493125585,0.007691202483651948,0.02826967280664481
adl-11-cam0-rgb,adl,93,63790,0.6395076513290405,0.4701317846775055,0.6423534750938416,0.25939276814460754,0.7736762907831427,0.04083961248397827,0.006013333797454834,0.03482627868652344,0.9722694158554077,0.9919279019037882,0.6403041167176637,0.47148385592353226,0.6882818218274576,0.00559677112670171,0.03387924783673632
adl-11-cam0-rgb,adl,95,63856,0.6443346440792084,0.46771836280822754,0.6446824371814728,0.2540513724088669,0.09326222673533993,0.03868502378463745,0.001210719347000122,0.03747430443763733,0.9744570255279541,0.9924618502457937,0.6440068012450155,0.46919037691958465,0.2036350808242096,0.003812832620752833,0.0337923286539135
adl-11-cam0-rgb,adl,97,63922,0.6479945182800293,0.467379167675972,0.6465359926223755,0.24941964447498322,-0.3834020002480488,0.02849489450454712,0.002606689929962158,0.031101584434509277,0.9765115976333618,0.9927588502566019,0.6477424530755898,0.46812619217288376,-0.3448078657341195,0.002538482090095418,0.0285706943247741
adl-11-cam0-rgb,adl,99,63988,0.6515292823314667,0.46891099214553833,0.647893488407135,0.2453772947192192,-0.9318383858366481,0.013931453227996826,0.005275100469589233,0.01920655369758606,0.9747359752655029,0.9919839402039846,0.6516765940498986,0.4685042732076721,-1.0608289645248732,0.003362782460786559,0.02029748125509779
adl-11-cam0-rgb,adl,101,64054,0.6555911004543304,0.470021516084671,0.6483108401298523,0.24345369637012482,-1.840441046368377,0.005028784275054932,0.0026397407054901123,0.007668524980545044,0.9391899704933167,0.9841602146625519,0.6558499029188436,0.46941993937089777,-1.9161202045339953,0.004040403025490891,0.011638655807032713
adl-11-cam0-rgb,adl,103,64120,0.6594603657722473,0.4703492224216461,0.648349404335022,0.23743288218975067,-2.7311478243160705,0.007053852081298828,0.003545701503753662,0.003508150577545166,0.9076231122016907,0.9775205651919047,0.6596153363004897,0.4698319071299063,-2.801213925976792,0.0025132695833841932,0.005144519723338993
adl-11-cam0-rgb,adl,105,64186,0.6637632548809052,0.4694148749113083,0.6477192938327789,0.2332211658358574,-3.8859685214901694,0.010099351406097412,0.008021801710128784,0.002077549695968628,0.9062555432319641,0.9777137438456217,0.6630648088145557,0.4693567777995932,-3.6937527644064456,0.0021068794386727456,0.001250886813902751
adl-11-cam0-rgb,adl,107,64252,0.6666712760925293,0.4671257883310318,0.6470532417297363,0.226134292781353,-4.6539296543651165,0.0009534955024719238,0.0016428828239440918,0.000689387321472168,0.8993915915489197,0.9769768913586935,0.6664150469488902,0.4677865126561286,-4.547130738558715,0.0039023149323153764,0.0006741885240975919
adl-11-cam0-rgb,adl,109,64318,0.6692839860916138,0.46501587331295013,0.6466966867446899,0.21945878118276596,-5.255500298937181,0.005445241928100586,0.00128173828125,0.004163503646850586,0.8980807662010193,0.9770647585391998,0.6693434560453727,0.46460802853107386,-5.276665784041726,0.010585418253233926,0.001903776740614984
adl-11-cam0-rgb,adl,111,64384,0.6715641617774963,0.4612322896718979,0.6461554765701294,0.2115662693977356,-5.811024472203522,0.025273621082305908,0.023960411548614502,0.0013132095336914062,0.9044488072395325,0.9785928130149841,0.6719845274052052,0.4600333833333211,-5.932355822005917,0.022781403162778685,0.0036382439074578174
adl-11-cam0-rgb,adl,113,64450,0.6757486462593079,0.4557721018791199,0.6469725072383881,0.20579314231872559,-6.566656595861145,0.044293105602264404,0.03687024116516113,0.0074228644371032715,0.9116907119750977,0.9801960587501526,0.6748620528421352,0.45455789159644666,-6.530776410601642,0.0385025808047422,0.006373850169119889
adl-11-cam0-rgb,adl,115,64516,0.6782323122024536,0.44793601334095,0.6473057568073273,0.19965868443250656,-7.10044979792676,0.06813883781433105,0.057761311531066895,0.01037752628326416,0.9139246940612793,0.9798397521177927,0.6782036735897963,0.4486489988121629,-7.049917725914847,0.055962992694986766,0.009973595410714405
adl-11-cam0-rgb,adl,117,64582,0.682637095451355,0.44336436688899994,0.6487095355987549,0.1943291872739792,-7.757987079653548,0.08973872661590576,0.07460105419158936,0.015137672424316406,0.8951032161712646,0.9679465989271799,0.6826288131150322,0.4445402682214582,-7.489041259739574,0.07020420416609023,0.014634240370292149
adl-11-cam0-rgb,adl,119,64648,0.6894190013408661,0.4407871514558792,0.652917742729187,0.19152981042861938,-8.331180668595541,0.09866911172866821,0.07668527960777283,0.021983832120895386,0.8425890803337097,0.9599792857964834,0.6889897950025854,0.44270668188472784,-8.035963008937347,0.0763311885394058,0.022249863390282603
adl-11-cam0-rgb,adl,121,64714,0.6969620585441589,0.44107940793037415,0.658233255147934,0.1894615814089775,-8.750248201383585,0.10501039028167725,0.07532316446304321,0.029687225818634033,0.7781942486763,0.9497942825158437,0.697972992926964,0.4430911644196607,-9.018513068003159,0.07610272754838444,0.03239243358244623
adl-11-cam0-rgb,adl,123,64780,0.7099609076976776,0.4475298076868057,0.6636504232883453,0.1896800547838211,-10.18191707729176,0.11227267980575562,0.06966981291770935,0.042602866888046265,0.7259806990623474,0.9417025546232859,0.7116147328764835,0.4449333561447269,-10.714131507075132,0.0659743199100741,0.04683278288160045
adl-11-cam0-rgb,adl,125,64846,0.7268384993076324,0.44739483296871185,0.6671783328056335,0.18795114010572433,-12.950272114272241,0.11136513948440552,0.0525645911693573,0.05880054831504822,0.7052043080329895,0.9392951528231303,0.7292694125598633,0.4459856988547678,-13.241752748882304,0.049825611955675655,0.06104820179732838
adl-11-cam0-rgb,adl,127,64912,0.7471590936183929,0.4467994421720505,0.6715315580368042,0.19562611728906631,-16.75689074846322,0.10715359449386597,0.033646076917648315,0.07350751757621765,0.691908061504364,0.9379720091819763,0.7453928508283769,0.44538680814948406,-16.37485609109236,0.03792915370041157,0.06430233693742127
adl-11-cam0-rgb,adl,129,64978,0.7709438800811768,0.44444918632507324,0.6785663366317749,0.2010323330760002,-20.781928150014018,0.09005129337310791,0.011066675186157227,0.07898461818695068,0.6535057425498962,0.9322712520758311,0.7629154691706483,0.4440149139983826,-20.199842615344632,0.024451636571388734,0.06315058949705835
adl-11-cam0-rgb,adl,131,65044,0.786843866109848,0.44004157185554504,0.6828958094120026,0.21783871203660965,-25.07052281883073,0.05865758657455444,0.0031273066997528076,0.06178489327430725,0.6005685329437256,0.92269699772199,0.7818372675866787,0.44187001640146384,-24.716712321639132,0.009393060568607198,0.05759295947623965
adl-11-cam0-rgb,adl,133,65110,0.7946357131004333,0.4392354190349579,0.6818318665027618,0.23864256590604782,-29.351323342703072,0.030453383922576904,0.004314780235290527,0.03476816415786743,0.5456770062446594,0.9098007082939148,0.8021582460764676,0.4389521153587278,-29.925465209975858,-0.007246574307933018,0.04762944687496519
adl-12-cam0-rgb,adl,101,69410,0.25059447437524796,0.5023199319839478,0.253497876226902,0.3055909276008606,0.8455316321045337,0.065483957529068,0.050344787538051605,0.015139169991016388,0.5092298984527588,0.8466369211673737,0.24762133775335363,0.5023516811204675,1.3071671042424906,0.053999499299309445,0.012513724782250117
adl-12-cam0-rgb,adl,103,69476,0.252680167555809,0.5017184317111969,0.2575139179825783,0.30496928095817566,1.4073646344966482,0.0711590051651001,0.05320845544338226,0.017950549721717834,0.5444619655609131,0.857956995566686,0.2551634694590713,0.5010184617656647,0.7929830343804886,0.05102121676459454,0.020673247629945907
adl-12-cam0-rgb,adl,105,69542,0.2608167380094528,0.4982386827468872,0.2623446434736252,0.30374523997306824,0.45009606774556815,0.08009816706180573,0.05166952311992645,0.028428643941879272,0.5813363194465637,0.8693783183892568,0.26256569838756094,0.4994639596833293,0.43746575640480323,0.04762453378149954,0.02844289191615528
adl-12-cam0-rgb,adl,107,69608,0.26882152259349823,0.49768903851509094,0.26971013098955154,0.30274273455142975,0.2611650340965303,0.07916918396949768,0.0443432480096817,0.03482593595981598,0.6111899614334106,0.8798912167549133,0.26982802453882254,0.49768817487346123,0.24061527031543495,0.043809450350024454,0.03582265764087823
adl-12-cam0-rgb,adl,109,69674,0.27730100601911545,0.4962240606546402,0.2776716277003288,0.30052168667316437,0.10850677133432686,0.08023542165756226,0.03895846754312515,0.0412769541144371,0.6394391059875488,0.8885330855846405,0.2769504479128557,0.4956911073360601,0.20243157611238324,0.03957596647016924,0.04281254480411474
adl-12-cam0-rgb,adl,111,69740,0.28414401412010193,0.49387991428375244,0.2856815457344055,0.2954060882329941,0.44384850101256784,0.08341225981712341,0.03395095467567444,0.049461305141448975,0.6696211099624634,0.8983580668767294,0.2857186691714567,0.4933972984423362,0.067996074744227,0.03294124921937005,0.052076292566922755
adl-12-cam0-rgb,adl,113,69806,0.2932400405406952,0.4911740571260452,0.29474732279777527,0.29110123217105865,0.4316392198837759,0.08540037274360657,0.026865273714065552,0.058535099029541016,0.6981105804443359,0.9069205025831858,0.2921489377493978,0.4910856137673053,0.5331535386308489,0.028024071384043878,0.059209812674429416
adl-12-cam0-rgb,adl,115,69872,0.2996383160352707,0.4874386042356491,0.3017818406224251,0.2852855622768402,0.6075115585859646,0.08745826780796051,0.02271963655948639,0.06473863124847412,0.7220910787582397,0.9142539203166962,0.2958190464999248,0.48819047560939466,1.5745154952422653,0.025646961161068474,0.06101687626663216
adl-12-cam0-rgb,adl,117,69938,0.30112066864967346,0.4858987629413605,0.30831633508205414,0.2825109213590622,2.0262245223410376,0.0848315954208374,0.021571338176727295,0.06326025724411011,0.7423352599143982,0.9203681747118632,0.29979066205618143,0.48582149313125705,2.370879026590629,0.01988079979435187,0.05715237690127765
adl-12-cam0-rgb,adl,119,70004,0.30016545951366425,0.4831167906522751,0.3134870082139969,0.2795843034982681,3.7447652319525147,0.07332153618335724,0.022457465529441833,0.050864070653915405,0.7641063332557678,0.9267450074354807,0.30396485760872455,0.48386254010004326,2.8181669541488628,0.014714647745673257,0.048560566135815136
adl-12-cam0-rgb,adl,121,70070,0.30410072207450867,0.48098818957805634,0.3190661519765854,0.27896155416965485,4.2365341201479145,0.047858357429504395,0.01821500062942505,0.029643356800079346,0.7709970474243164,0.9298237462838491,0.3090727987872569,0.4809205028272804,2.718648552621252,0.018334113867767936,0.03686584274232124
adl-12-cam0-rgb,adl,123,70136,0.3201133757829666,0.4800563454627991,0.32410362362861633,0.2762722671031952,1.1217517612433565,0.027456939220428467,0.004796966910362244,0.022659972310066223,0.7516361474990845,0.9284903506437937,0.31659286195065506,0.47782988581822483,1.9449504344947666,0.02491978868777614,0.024584282399255957
adl-12-cam0-rgb,adl,125,70202,0.3255453556776047,0.4753325432538986,0.3270161747932434,0.2694523483514786,0.4093171475981355,0.04556310176849365,0.028680071234703064,0.01688303053379059,0.7300256490707397,0.9265574912230173,0.3257105960087338,0.4745311239065023,0.684051989127454,0.03152845890233006,0.015974449324401403
adl-12-cam0-rgb,adl,127,70268,0.33533915877342224,0.46835507452487946,0.33164137601852417,0.2658884823322296,-1.0463148062838117,0.06848466396331787,0.05772292613983154,0.010761737823486328,0.7272630929946899,0.9280109405517578,0.3349438692197134,0.4718381134849599,-0.696365545181138,0.03413246546214788,0.010916123142490124
adl-12-cam0-rgb,adl,129,70334,0.34346675872802734,0.46911874413490295,0.33732712268829346,0.2609807252883911,-1.689615661519408,0.047127485275268555,0.039670199155807495,0.00745728611946106,0.7013369202613831,0.9241265257199606,0.3418554782996441,0.4690868634553176,-1.5610495751782791,0.03519927687717201,0.008542339845653208
adl-12-cam0-rgb,adl,131,70400,0.34624408185482025,0.4679703563451767,0.34010154008865356,0.25704506039619446,-1.6680895273509553,0.0366915762424469,0.026961341500282288,0.009730234742164612,0.6653627157211304,0.9165781935056051,0.3460699350157852,0.4670590773160317,-1.80029396536166,0.03300793959206828,0.006474390496939283
adl-12-cam0-rgb,adl,133,70466,0.3497045934200287,0.4670315980911255,0.3419077545404434,0.25362592935562134,-2.0923874966935685,0.0097123384475708,0.01340535283088684,0.00369301438331604,0.634320855140686,0.9128544330596924,0.3500603899940263,0.4659086770954579,-2.175733425893171,0.02518666158248848,0.005199894696087026
adl-12-cam0-rgb,adl,135,70532,0.3513033986091614,0.4637419283390045,0.3440428823232651,0.24508177489042282,-1.9017829717375603,0.015816330909729004,0.020077139139175415,0.004260808229446411,0.6323703527450562,0.9146728416283926,0.3522380736870162,0.46501542569754895,-2.267614919073042,0.018082870613960966,0.004714849771875317
adl-12-cam0-rgb,adl,137,70598,0.3547564744949341,0.46405424177646637,0.34514598548412323,0.23829825967550278,-2.437623964975542,0.012352436780929565,0.018548250198364258,0.006195813417434692,0.623498260974884,0.9144087731838226,0.3544357670592018,0.4635409899217219,-2.2699833500765427,0.015082640178275809,0.005777182646127999
adl-12-cam0-rgb,adl,139,70664,0.3570668250322342,0.46160654723644257,0.34664180874824524,0.22820500284433365,-2.5574496395662214,0.01489943265914917,0.02031560242176056,0.005416169762611389,0.6262267231941223,0.9167738258838654,0.35706463985112785,0.4621096110189109,-2.1435598930608903,0.014091271600681963,0.006814963760830097
adl-12-cam0-rgb,adl,141,70730,0.35829153656959534,0.4606499522924423,0.3517009913921356,0.22498733550310135,-1.6019173166257845,0.004619330167770386,0.013031065464019775,0.00841173529624939,0.6200047135353088,0.916573166847229,0.35940952160399664,0.46043088264537513,-1.7633087363054925,0.014336567872014375,0.009178924676659806
adl-12-cam0-rgb,adl,143,70796,0.3624963015317917,0.4597928673028946,0.3581894487142563,0.22332129627466202,-1.0434117251722388,0.018355876207351685,0.004873320460319519,0.013482555747032166,0.6053404808044434,0.9120808144410452,0.3608859096899688,0.4581651951456476,-1.1838237775226732,0.01334096013983605,0.008929062521818899
adl-12-cam0-rgb,adl,145,70862,0.363303542137146,0.456515297293663,0.3619493991136551,0.21723557263612747,-0.32424749710242606,0.02995896339416504,0.020718872547149658,0.00924009084701538,0.5655665993690491,0.9003037611643473,0.362308808993467,0.45591336875766836,-0.3998814357826121,0.02207261827084922,0.008413802364687887
adl-12-cam0-rgb,adl,147,70928,0.3637514263391495,0.45436327159404755,0.36623162031173706,0.21509957313537598,0.5939035399015091,0.03506016731262207,0.025401845574378967,0.009658321738243103,0.5252543091773987,0.887207051118215,0.3644219262130327,0.4549186632230678,0.5711008108089072,0.028541319233514485,0.00967103042901851
adl-12-cam0-rgb,adl,149,70994,0.363967701792717,0.45344775915145874,0.37119629979133606,0.2137969732284546,1.7276914796947986,0.039033591747283936,0.03351898491382599,0.005514606833457947,0.5014200210571289,0.8819133440653483,0.3672612891955804,0.4558392540588001,1.6982078751312222,0.03110245702328615,0.012768373409390948
adl-12-cam0-rgb,adl,153,71126,0.37073570489883423,0.4594196677207947,0.3832789212465286,0.21346834301948547,2.91948526699462,0.06985679268836975,0.053264886140823364,0.016591906547546387,0.5018521547317505,0.883696029583613,0.37016966822859476,0.4597758060538917,3.122713096532885,0.028649587651867845,0.01861287724404105
adl-12-cam0-rgb,adl,157,71258,0.37459100782871246,0.4658040255308151,0.3969409167766571,0.22231045365333557,5.24439817810936,0.03747028112411499,0.010217294096946716,0.027252987027168274,0.5011348128318787,0.8846278091271719,0.37289184344795306,0.4659732622114604,5.038393324259031,0.020196163422101475,0.02470630149304605
adl-12-cam0-rgb,adl,159,71324,0.3766912817955017,0.4754825681447983,0.4080546796321869,0.23613191395998,7.4652399638120475,0.03294309973716736,3.56137752532959e-05,0.03290748596191406,0.5252517461776733,0.8848235209782919,0.374893031014508,0.47315061750349996,7.79983565427454,0.012372159274109496,0.027623180122602512
adl-12-cam0-rgb,adl,161,71390,0.3762587159872055,0.4852137863636017,0.4174240976572037,0.2570817321538925,10.228690917544785,0.034855395555496216,0.0020256787538528442,0.03282971680164337,0.5274509191513062,0.8784033457438151,0.37662386616845095,0.4755060074133267,8.964660787317554,0.0031484568660909464,0.027610225014356265
adl-12-cam0-rgb,adl,163,71456,0.3745284974575043,0.491890013217926,0.4281126856803894,0.28310419619083405,14.394104654030883,0.024246931076049805,0.004498928785324097,0.019748002290725708,0.5368859767913818,0.8826422095298767,0.37674264390489187,0.4936198800544195,13.716192552440202,-0.0002323744487968838,0.02349430896761094
adl-12-cam0-rgb,adl,165,71522,0.3761564642190933,0.5045647472143173,0.44063013792037964,0.31228016316890717,18.536477272129655,0.022490620613098145,0.008832857012748718,0.013657763600349426,0.5441647171974182,0.8850813408692678,0.3766209496048101,0.5223839286859926,20.60356595108429,0.007764409630845624,0.018396392658159302
adl-12-cam0-rgb,adl,167,71588,0.3789829909801483,0.5277268886566162,0.4464491009712219,0.3426956534385681,20.032872761924708,0.019306033849716187,0.00559660792350769,0.013709425926208496,0.517143726348877,0.8794057170550028,0.3764838721458008,0.55571342991802,28.235737744798598,0.01323766735467042,0.01460797968622924
adl-12-cam0-rgb,adl,187,72248,0.376043364405632,0.6269464790821075,0.4530973881483078,0.5473622977733612,44.074588834233545,0.0384058952331543,0.02381928265094757,0.014586612582206726,0.5311596989631653,0.8655108710130056,0.3763749075658388,0.5888252892406464,35.461690374881364,0.016935381022366587,0.012758313706426893
adl-12-cam0-rgb,adl,189,72314,0.37594182789325714,0.6294867694377899,0.4529522657394409,0.5512783527374268,44.5578000517237,0.03746366500854492,0.023003920912742615,0.014459744095802307,0.546011209487915,0.8725633720556895,0.3765600272716376,0.6166989351763861,41.54848740090625,0.01975997734121427,0.012819589797036453
adl-12-cam0-rgb,adl,191,72380,0.3758879005908966,0.6295181810855865,0.4524286538362503,0.5509538650512695,44.25253874349206,0.032936692237854004,0.01850774884223938,0.014428943395614624,0.5656306147575378,0.880349189043045,0.3768692586716118,0.6312517288959384,44.8882069114579,0.020614350396833347,0.013317220538725584
adl-12-cam0-rgb,adl,193,72446,0.3761376738548279,0.6296427845954895,0.45340023934841156,0.5524537861347198,45.02729062797984,0.03138670325279236,0.018802165985107422,0.012584537267684937,0.5476970672607422,0.8805692891279856,0.37723176027144173,0.6373686833363585,46.474549356008,0.02009541421354587,0.01459742998018925
adl-12-cam0-rgb,adl,195,72512,0.3784532696008682,0.6286638975143433,0.45496948063373566,0.554343581199646,45.834059326102064,0.032420992851257324,0.018459662795066833,0.01396133005619049,0.5257330536842346,0.878860076268514,0.3776475320711279,0.6350497984976473,46.307514734556605,0.018203168791351847,0.016660218121427473
adl-12-cam0-rgb,adl,197,72578,0.3785063624382019,0.6287754774093628,0.45717041194438934,0.5490758717060089,44.62534235649509,0.0368366539478302,0.015119343996047974,0.021717309951782227,0.5145537257194519,0.8786012629667918,0.3781165740706702,0.6242950743798046,44.38710304710368,0.014937614130251275,0.019505584962440252
adl-13-cam0-rgb,adl,101,76878,0.2697170525789261,0.4980255365371704,0.2720840871334076,0.3135130703449249,0.7349836768434536,0.04789175093173981,0.023839697241783142,0.024052053689956665,0.5190490484237671,0.8398950000603994,0.2697402061386542,0.4957787996891772,0.8497889127551895,0.019873306832530222,0.021584116012761095
adl-13-cam0-rgb,adl,103,76944,0.27110445499420166,0.491349995136261,0.27313870936632156,0.3076363801956177,0.6344082161551846,0.0484580397605896,0.03202319145202637,0.016434848308563232,0.5538544654846191,0.8521733780701956,0.27120583917606966,0.4930004451762545,0.5863200592991957,0.032729090050314366,0.01804573140812643
adl-13-cam0-rgb,adl,105,77010,0.27323615550994873,0.4884157329797745,0.27550478279590607,0.3061881363391876,0.7132621871697133,0.053532689809799194,0.04036298394203186,0.013169705867767334,0.5918080806732178,0.8646910190582275,0.27358225768198186,0.49066373631035604,0.4532874807810759,0.04396205961510729,0.016420337283637104
adl-13-cam0-rgb,adl,107,77076,0.27687037736177444,0.4885524660348892,0.27836304157972336,0.30399860441684723,0.463395858545135,0.06482720375061035,0.04868953675031662,0.01613766700029373,0.6251145601272583,0.8751556972662607,0.27686946165639087,0.4887686730914817,0.45069117720082985,0.053572215526908995,0.016707933639293106
adl-13-cam0-rgb,adl,109,77142,0.282159224152565,0.4876292049884796,0.2837458848953247,0.30289672315120697,0.49209932012576985,0.07960635423660278,0.058872148394584656,0.020734205842018127,0.648474395275116,0.883567084868749,0.28106745109929626,0.48731525551963095,0.5785311485584564,0.06155955778571941,0.018908520475094427
adl-13-cam0-rgb,adl,111,77208,0.2873387485742569,0.4877389073371887,0.2882624790072441,0.30158668756484985,0.28431259577899776,0.09993064403533936,0.07383935153484344,0.02609129250049591,0.6769603490829468,0.8934852182865143,0.28581925262233354,0.48740040759245484,0.8687837157766367,0.07057588644228963,0.02392602060393334
adl-13-cam0-rgb,adl,113,77274,0.2901173233985901,0.4871763288974762,0.29524488747119904,0.30123746395111084,1.5796231861885097,0.10569772124290466,0.07762232422828674,0.02807539701461792,0.6984151601791382,0.9012358884016672,0.2913405770734271,0.48675819954056687,1.4560626847075233,0.0760860615349434,0.029873378929637685
adl-13-cam0-rgb,adl,115,77340,0.2983953505754471,0.48530517518520355,0.3048557788133621,0.30012916028499603,1.9981270272604599,0.11440575122833252,0.0780935138463974,0.03631223738193512,0.7230385541915894,0.9096054633458456,0.2991400845187563,0.48540589148864016,1.8888075966700395,0.07637973352299096,0.03819684216599438
adl-13-cam0-rgb,adl,117,77406,0.3079919368028641,0.4848933219909668,0.31516681611537933,0.29978151619434357,2.2196565170951037,0.11856785416603088,0.07200886309146881,0.04655899107456207,0.7450850605964661,0.9168821175893148,0.30965134682077305,0.483996646873878,1.9489666818450826,0.07043471609875226,0.049384371800856086
adl-13-cam0-rgb,adl,119,77472,0.3195731192827225,0.4816678613424301,0.3274899274110794,0.29751990735530853,2.461719143542636,0.11686959862709045,0.06045006215572357,0.05641953647136688,0.7658507823944092,0.9237211644649506,0.3223283932709586,0.48270931414195395,1.535692817295601,0.05966854772784484,0.05918943965847866
adl-13-cam0-rgb,adl,121,77538,0.33690643310546875,0.48101773858070374,0.3387555778026581,0.2929597795009613,0.5633623434330142,0.11819347739219666,0.047281086444854736,0.07091239094734192,0.7864674925804138,0.9302497506141663,0.33506291653170683,0.48162389085406276,0.9111447541968909,0.048487929683743033,0.06484347491553326
adl-13-cam0-rgb,adl,123,77604,0.3487652540206909,0.4811583310365677,0.34858547151088715,0.2886321395635605,-0.053503245294221354,0.10743463039398193,0.035468339920043945,0.07196629047393799,0.8050900101661682,0.9363892177740732,0.34502979448605364,0.48087575586585185,0.6675764141800512,0.038776518656061784,0.06280911800923275
adl-13-cam0-rgb,adl,125,77670,0.35459044575691223,0.4812352955341339,0.3542725294828415,0.2846875935792923,-0.09267594927863544,0.08425238728523254,0.02974677085876465,0.054505616426467896,0.8199159502983093,0.9415626128514608,0.35235791366337643,0.480389367579381,0.6822280649601509,0.03183429672088453,0.05495590552107072
adl-13-cam0-rgb,adl,127,77736,0.3548821806907654,0.4799558073282242,0.36011597514152527,0.27987194061279297,1.4984014973481947,0.06841695308685303,0.02886807918548584,0.03954887390136719,0.8365797400474548,0.9470327695210775,0.3564032237509107,0.4806147626081063,1.0682959664516503,0.027869279895509955,0.043588518709331295
adl-13-cam0-rgb,adl,129,77802,0.3553501218557358,0.479976624250412,0.3640667200088501,0.27660706639289856,2.4542453870421364,0.05505448579788208,0.028777584433555603,0.026276901364326477,0.8521654009819031,0.9520813326040903,0.35766696297761114,0.48037063462651586,1.8137300082898646,0.02674574692011908,0.03153114220796721
adl-13-cam0-rgb,adl,131,77868,0.35906390845775604,0.4803714007139206,0.36697594821453094,0.2733787000179291,2.188994581741879,0.05041930079460144,0.026153072714805603,0.024266228079795837,0.8665944337844849,0.9567171633243561,0.35869437849624797,0.48000447445617533,2.2497504822441323,0.026709307517324136,0.024380602426343115
adl-13-cam0-rgb,adl,133,77934,0.3597244322299957,0.4803653359413147,0.36873677372932434,0.26847678422927856,2.4355165895808057,0.048910945653915405,0.025811880826950073,0.023099064826965332,0.8793350458145142,0.9607803324858347,0.3599652124173708,0.47948531716158826,2.393440261926953,0.02663899783964277,0.023245760630735555
adl-13-cam0-rgb,adl,135,78000,0.3615632653236389,0.47832493484020233,0.36915434896945953,0.26464366912841797,2.0345921381760825,0.05209159851074219,0.02775302529335022,0.024338573217391968,0.8909782767295837,0.9645480811595917,0.36228458331776847,0.47961806702665366,1.9876047706301254,0.02563081017304289,0.025353041175123894
adl-13-cam0-rgb,adl,137,78066,0.36312009394168854,0.47830910980701447,0.36891718208789825,0.2619011700153351,1.5344597357822882,0.05467072129249573,0.026177898049354553,0.028492823243141174,0.9014086127281189,0.9678753217061361,0.36311384461400775,0.4787245331517539,1.7011954995552574,0.025740873439487402,0.027347609271734782
adl-13-cam0-rgb,adl,139,78132,0.36217355728149414,0.4772185981273651,0.36805352568626404,0.26025697588920593,1.5524170766519525,0.055987268686294556,0.02701646089553833,0.028970807790756226,0.9101388454437256,0.970609982808431,0.3615327348440751,0.47731826296358326,1.5699204951156478,0.027865592406425603,0.02662689100096232
adl-13-cam0-rgb,adl,141,78198,0.3618268668651581,0.47703298926353455,0.3653135746717453,0.25742360949516296,0.9096007579388785,0.0547427237033844,0.0276755690574646,0.0270671546459198,0.917310893535614,0.9729575216770172,0.35823123711786176,0.47409301680145766,1.4512274816107558,0.030517887436982312,0.023769098636391837
adl-13-cam0-rgb,adl,143,78264,0.3521100729703903,0.4696614444255829,0.35885727405548096,0.24927636981010437,1.75359166520085,0.054276466369628906,0.0372326523065567,0.017043814063072205,0.9248130917549133,0.9751657346884409,0.3533482550284558,0.4700229146650852,1.3053163477783967,0.03644189793310119,0.01888176437580221
adl-13-cam0-rgb,adl,145,78330,0.3457695096731186,0.4663669764995575,0.35051845014095306,0.24119310826063156,1.2081948808183274,0.05478483438491821,0.0440470427274704,0.010737791657447815,0.9301775097846985,0.9768783152103424,0.34761531947753077,0.4656754043195148,1.0571154110071375,0.04335160579258222,0.012459990588617513
adl-13-cam0-rgb,adl,147,78396,0.3414832055568695,0.45817969739437103,0.3440195322036743,0.23547515273094177,0.6524991672572286,0.055481016635894775,0.04896944761276245,0.006511569023132324,0.9351718425750732,0.9785091082255045,0.34206976770580544,0.46142914717073497,0.47536710942025473,0.05178768726396347,0.006714336348302428
adl-13-cam0-rgb,adl,149,78462,0.3382294028997421,0.45841628313064575,0.336422860622406,0.2321326732635498,-0.4574129300641173,0.06625819206237793,0.0630245953798294,0.003233596682548523,0.931897759437561,0.9783710042635599,0.3373681221689492,0.45835398872951344,-0.27943269277080846,0.05927164807464128,0.0028970364110294322
adl-13-cam0-rgb,adl,151,78528,0.33475856482982635,0.4584854990243912,0.32996873557567596,0.231275737285614,-1.2076785574407654,0.06090018153190613,0.061006709933280945,0.0001065284013748169,0.9336268901824951,0.9788754185040792,0.33505060868861825,0.45777063749053193,-1.3431089794860303,0.06328987662410314,0.0008232556122205987
adl-13-cam0-rgb,adl,153,78594,0.33281055092811584,0.4564734548330307,0.3227597773075104,0.22733590751886368,-2.5115831865232057,0.06864941120147705,0.06949347257614136,0.0008440613746643066,0.9320115447044373,0.9789634943008423,0.3332492558213018,0.4575022412584967,-2.253184291124777,0.06635767531085314,0.0004885128308168222
adl-13-cam0-rgb,adl,155,78660,0.33202333748340607,0.4583807438611984,0.31955641508102417,0.22606907039880753,-3.0718108321144517,0.061600327491760254,0.06345076858997345,0.0018504410982131958,0.9352594017982483,0.980094830195109,0.33197543237890464,0.45758168767024876,-3.0457067292106963,0.06425167697590657,0.001858914762864379
adl-13-cam0-rgb,adl,157,78726,0.3326038122177124,0.4586849808692932,0.31682130694389343,0.22403763234615326,-3.8479488614111528,0.05691087245941162,0.05818447470664978,0.0012736022472381592,0.9375453591346741,0.9810423453648885,0.33135884458368425,0.45682524705862004,-3.7093865109002033,0.058175447183253876,0.0038234705016726486
adl-13-cam0-rgb,adl,159,78792,0.33142344653606415,0.45444606244564056,0.31401145458221436,0.22068040072917938,-4.25979935954268,0.04745188355445862,0.055674001574516296,0.008222118020057678,0.9292853474617004,0.979941854874293,0.3318004094031977,0.4556327017741795,-4.323422404534399,0.050937525960274,0.006054274512059752
adl-13-cam0-rgb,adl,161,78858,0.3325474262237549,0.45284269750118256,0.3125648945569992,0.21901138126850128,-4.884460421321114,0.026675313711166382,0.03616046905517578,0.0094851553440094,0.9104472994804382,0.9772261381149292,0.33289091676086524,0.45408355099556186,-4.86762633367349,0.04246567163890568,0.008238021106947024
adl-13-cam0-rgb,adl,163,78924,0.3350597321987152,0.45246821641921997,0.31064245104789734,0.2140822857618332,-5.848269687127881,0.026028096675872803,0.033659398555755615,0.0076313018798828125,0.8986406922340393,0.9756826062997183,0.3361306659457999,0.4506847757152658,-5.971943252457657,0.03392828871935472,0.008702961719913386
adl-13-cam0-rgb,adl,165,78990,0.33949799835681915,0.4484937787055969,0.31089164316654205,0.21009527891874313,-6.842426369206574,0.017633497714996338,0.026162192225456238,0.0085286945104599,0.877286970615387,0.9722808003425598,0.34013460266899703,0.44634090970346874,-7.1930290073071035,0.025079163573521003,0.007835958491672158
adl-13-cam0-rgb,adl,167,79056,0.3440421521663666,0.4451482594013214,0.3087557256221771,0.20788905024528503,-8.45931963607261,0.013897597789764404,0.021817117929458618,0.007919520139694214,0.8628886938095093,0.9702753722667694,0.34448662000301034,0.44308009524365977,-8.526551356609728,0.0175769059430985,0.003814783705261358
adl-13-cam0-rgb,adl,169,79122,0.35240256786346436,0.4400583356618881,0.30654942989349365,0.20849763602018356,-11.200686853871487,0.0075113773345947266,0.008181363344192505,0.0006699860095977783,0.8094161748886108,0.9605310459931692,0.3486309492742855,0.44325827275003643,-9.995388691070058,0.012583183390753592,0.0029550901739112193
adl-13-cam0-rgb,adl,171,79188,0.3511214703321457,0.4428666979074478,0.30474773049354553,0.21444609761238098,-11.47616287046996,0.004867494106292725,0.006319180130958557,0.0014516860246658325,0.7499333620071411,0.9479599595069885,0.3511839483852505,0.4477283400503581,-11.773786933476416,0.007818653147457987,0.004000673626924485
adl-13-cam0-rgb,adl,173,79254,0.3530851900577545,0.4562288969755173,0.299103781580925,0.22975602746009827,-13.406693686244054,0.003990828990936279,0.005779832601547241,0.001789003610610962,0.707022488117218,0.9391072392463684,0.3538865708943564,0.4578199441427786,-13.930411668568471,0.004568870578493384,0.007121931938897987
adl-13-cam0-rgb,adl,175,79320,0.35641616582870483,0.47598838806152344,0.2921747863292694,0.25882674008607864,-16.47942142378481,0.02289748191833496,0.0027938783168792725,0.02010360360145569,0.6646185517311096,0.9286312758922577,0.3569029617361171,0.47159040819256787,-16.853164309774655,0.002104428939489057,0.013715785303157112
adl-13-cam0-rgb,adl,177,79386,0.35736899077892303,0.4903080314397812,0.28243865072727203,0.2886989712715149,-20.388165760101842,0.026023775339126587,0.0043838173151016235,0.021639958024024963,0.6321544647216797,0.9191032151381174,0.36090618371963445,0.48989974762196076,-20.504566246967777,0.0020874999302290193,0.02328483521680292
adl-13-cam0-rgb,adl,179,79452,0.3679414987564087,0.5080533921718597,0.2827600836753845,0.3222348541021347,-24.62728117171346,0.030977994203567505,5.9664249420166016e-05,0.03091832995414734,0.596256673336029,0.9070486625035604,0.3648074602087337,0.5062755031825658,-24.32826594630998,0.0025293924398236446,0.02999929856041292
adl-13-cam0-rgb,adl,181,79518,0.3719364106655121,0.5233340263366699,0.275848388671875,0.3582250475883484,-30.198004449498193,0.03973659873008728,0.0011722445487976074,0.04090884327888489,0.609645426273346,0.9108437796433767,0.3691944201787311,0.5237374571172186,-28.644423408339605,0.0038836633101170187,0.03670235677456958
adl-13-cam0-rgb,adl,183,79584,0.3765624612569809,0.5468660891056061,0.27269353717565536,0.3929010182619095,-34.00464771823025,0.03866836428642273,0.007100895047187805,0.045769259333610535,0.5702651143074036,0.9009431699911753,0.37406706362962694,0.54228560942592,-33.45303863305666,0.0061503125411091425,0.04339400985927291
adl-13-cam0-rgb,adl,185,79650,0.37589140236377716,0.5579798221588135,0.26804594695568085,0.4176042526960373,-37.53376516941915,0.035602718591690063,0.010367974638938904,0.04597069323062897,0.5309833288192749,0.8923690319061279,0.3794253905614213,0.5619199601086697,-38.754111620461146,0.009329340132800016,0.050074257814522925
adl-14-cam0-rgb,adl,103,84016,0.26134370267391205,0.49669618904590607,0.262590616941452,0.30513596534729004,0.37294754917950673,0.062222614884376526,0.047276571393013,0.014946043491363525,0.5431966781616211,0.8525333603223165,0.2608000939091045,0.49625942508379595,0.02097670554817488,0.05081564951123609,0.01293854600552355
adl-14-cam0-rgb,adl,105,84082,0.2663204222917557,0.4951910525560379,0.26497240364551544,0.3022989481687546,-0.4004027124652673,0.07444141805171967,0.05545149743556976,0.018989920616149902,0.5852101445198059,0.8659871816635132,0.26604875152309726,0.4956884513298669,-0.017069018789131918,0.05296373098637116,0.018774756631164825
adl-14-cam0-rgb,adl,107,84148,0.2706006392836571,0.494509220123291,0.2699255496263504,0.3010741323232651,-0.19996181435268987,0.07787124812602997,0.05637610703706741,0.021495141088962555,0.6225387454032898,0.8778597414493561,0.2714531450754119,0.4949898406153632,0.03767754635270448,0.05373111979398891,0.024232765432302038
adl-14-cam0-rgb,adl,109,84214,0.27575525641441345,0.49437761306762695,0.2773290202021599,0.29990050196647644,0.46364353261223445,0.08067962527275085,0.05418774485588074,0.026491880416870117,0.6575050950050354,0.8891198337078094,0.2770132745660486,0.49416359294028495,0.18521640097368408,0.05311781593408934,0.029312572408935193
adl-14-cam0-rgb,adl,111,84280,0.28223074972629547,0.49378399550914764,0.28349918872117996,0.29714028537273407,0.36957801994205675,0.08604782819747925,0.052350565791130066,0.03369726240634918,0.6845217347145081,0.8979112307230631,0.2827291399950069,0.49320970830463157,0.425547545073806,0.051123819406672405,0.03401417756106426
adl-14-cam0-rgb,adl,113,84346,0.2904137670993805,0.4921569377183914,0.2921646907925606,0.2948770374059677,0.5085054468467137,0.0864943414926529,0.04585352540016174,0.04064081609249115,0.7108612060546875,0.9063678284486135,0.2891241093992667,0.49271418102633835,0.9213595772509782,0.0458356949674102,0.04036465867773273
adl-14-cam0-rgb,adl,115,84412,0.2966209799051285,0.49067214131355286,0.3009869009256363,0.28994928300380707,1.2460434876379831,0.08361455798149109,0.03779707849025726,0.045817479491233826,0.7282480597496033,0.9115587770938873,0.2952414179841673,0.4911849009784262,1.3682239804548746,0.04114363523143705,0.044295753848243004
adl-14-cam0-rgb,adl,117,84478,0.2985343933105469,0.4894939064979553,0.30729544162750244,0.28523559868335724,2.456025451064002,0.083810955286026,0.03770953416824341,0.04610142111778259,0.7323177456855774,0.9116873343785604,0.30112295194621685,0.48881147330973496,1.7383943704520197,0.036329677481671895,0.045398877490134396
adl-14-cam0-rgb,adl,119,84544,0.3074144273996353,0.48817721009254456,0.3138943016529083,0.2816763371229172,1.7973176295740154,0.07829254865646362,0.031690970063209534,0.04660157859325409,0.7527381777763367,0.9180242419242859,0.3062192380299295,0.4859597330743609,2.059954543965067,0.031166650322608572,0.0434487369798478
adl-14-cam0-rgb,adl,121,84610,0.3095959424972534,0.48145247995853424,0.31810519099235535,0.27283303439617157,2.33570710316878,0.06622901558876038,0.030368417501449585,0.03586059808731079,0.7754413485527039,0.9254653851191202,0.3100525978065668,0.4830850071205198,2.3089933747296367,0.025486575318621314,0.038824904081109224
adl-14-cam0-rgb,adl,123,84676,0.3148350566625595,0.47945259511470795,0.3226786106824875,0.27186334133148193,2.163834862200508,0.05828312039375305,0.024560049176216125,0.033723071217536926,0.7959029078483582,0.9322637220223745,0.3132414785556458,0.48050775601492235,2.370371339987125,0.025071227705323815,0.03354000903311225
adl-14-cam0-rgb,adl,125,84742,0.3162132799625397,0.47793832421302795,0.3239475041627884,0.2681262493133545,2.111117046835719,0.05195742845535278,0.023643970489501953,0.02831345796585083,0.8139614462852478,0.9383267859617869,0.3163984670138458,0.47856904392118504,2.159303984249072,0.032065737105551176,0.029310960080716476
adl-14-cam0-rgb,adl,127,84808,0.3167887479066849,0.4773141145706177,0.32575058937072754,0.2653631120920181,2.421172883522758,0.054790198802948,0.031048163771629333,0.023742035031318665,0.8300869464874268,0.9437145789464315,0.3183540000672975,0.4769031018405759,1.9894502266911152,0.04257549590620638,0.025516592127420135
adl-14-cam0-rgb,adl,129,84874,0.31950899958610535,0.4767351448535919,0.3261431157588959,0.2617207467556,1.7672598243235176,0.08775708079338074,0.06359946727752686,0.024157613515853882,0.8407160043716431,0.9473414619763693,0.32092320499740074,0.4758847385515892,1.5044750578040895,0.05432458854082851,0.023577182001365694
adl-14-cam0-rgb,adl,131,84940,0.3227464556694031,0.4749889671802521,0.3259317874908447,0.2587065100669861,0.8437710504213294,0.10085001587867737,0.07836532592773438,0.022484689950942993,0.8436169624328613,0.9486883481343588,0.32150366812041264,0.47455882768094215,1.2568320410910676,0.06438510874649138,0.020319941368969974
adl-14-cam0-rgb,adl,133,85006,0.32211171090602875,0.4708850532770157,0.32550638914108276,0.2531956434249878,0.8934057566960837,0.08318352699279785,0.06687085330486298,0.016312673687934875,0.8523686528205872,0.9512201050917307,0.3205652541412415,0.47173690086319264,1.2686181680495736,0.0716859537027614,0.016410819379798238
adl-14-cam0-rgb,adl,135,85072,0.3206499218940735,0.46921469271183014,0.3238391876220703,0.24969004839658737,0.8323375816237444,0.08103606104850769,0.06752270460128784,0.013513356447219849,0.8480358123779297,0.9503383040428162,0.3175595147269108,0.4681710529249977,1.3801240401218802,0.07097957725132688,0.011627896136535695
adl-14-cam0-rgb,adl,137,85138,0.31155338883399963,0.4665389060974121,0.3195337504148483,0.2439235970377922,2.053072290478978,0.06748032569885254,0.06158176064491272,0.005898565053939819,0.8517411947250366,0.9514514108498892,0.3135303909128358,0.46513843658940546,1.4650264238735002,0.06264597538745756,0.007254134137909124
adl-14-cam0-rgb,adl,139,85204,0.3075960576534271,0.4591214656829834,0.31556250154972076,0.23565322905778885,2.0416789816565974,0.06473734974861145,0.06274545192718506,0.0019918978214263916,0.8526437282562256,0.9512209892272949,0.3095821306044917,0.46233888209124085,1.3166034680255723,0.0547532400527557,0.004532959425088125
adl-14-cam0-rgb,adl,141,85270,0.30522681772708893,0.4599558562040329,0.30857861042022705,0.22698244452476501,0.8242585505861528,0.048374295234680176,0.045834943652153015,0.0025393515825271606,0.8596256375312805,0.9541974067687988,0.3068235786833284,0.4603529715047764,0.8023871535137032,0.05013167851673053,0.0037392866172831765
adl-14-cam0-rgb,adl,143,85336,0.3074813634157181,0.46083009243011475,0.30496691167354584,0.2211400717496872,-0.6010354028144729,0.04989531636238098,0.043209001421928406,0.006686314940452576,0.8696557879447937,0.9576378564039866,0.30606485619431406,0.4588547077400853,-0.1104671533448035,0.047361765266496825,0.004393117961945466
adl-14-cam0-rgb,adl,145,85402,0.3076721727848053,0.45722825825214386,0.30186115205287933,0.2146540954709053,-1.372294934270075,0.052593767642974854,0.04564580321311951,0.006947964429855347,0.8795053362846375,0.9609831968943278,0.30733813048699155,0.4578719708052542,-1.2851610976438788,0.04857704153050585,0.006441932542499517
adl-14-cam0-rgb,adl,147,85468,0.3084402531385422,0.4575793594121933,0.2994485944509506,0.2101358026266098,-2.081111016665409,0.06047126650810242,0.052503958344459534,0.007967308163642883,0.8899746537208557,0.9644607305526733,0.3088557072532121,0.45719271459620686,-2.291915368224283,0.05175218889207543,0.008285707596576562
adl-14-cam0-rgb,adl,149,85534,0.31138236820697784,0.45650920271873474,0.29705172777175903,0.20550034195184708,-3.267593181364849,0.07224726676940918,0.0620640367269516,0.01018323004245758,0.8996874094009399,0.9676382740338644,0.3106745300870949,0.4542898727959878,-3.0752751540933474,0.05824785960185055,0.009750996575211019
adl-14-cam0-rgb,adl,151,85600,0.31189678609371185,0.4543798714876175,0.2959892526268959,0.20139384269714355,-3.5979701006752642,0.07515648007392883,0.06459595263004303,0.010560527443885803,0.9087241888046265,0.970599373181661,0.31215615241558475,0.45343337791822624,-3.60855558663018,0.06310276151735536,0.011278975835610244
adl-14-cam0-rgb,adl,153,85666,0.31406448781490326,0.4540948271751404,0.2953198626637459,0.201491080224514,-4.243892313561936,0.07614821195602417,0.06371088325977325,0.012437328696250916,0.9170584678649902,0.9732644955317179,0.31354518686280064,0.45581444878598765,-3.9344638059197505,0.06619267810732762,0.012367010697141852
adl-14-cam0-rgb,adl,155,85732,0.31655050814151764,0.4559921622276306,0.2957586571574211,0.20236913859844208,-4.6865906714421,0.08101511001586914,0.065699502825737,0.015315607190132141,0.9243040084838867,0.9755325615406036,0.3158807730003864,0.46069484084715506,-4.422654151296708,0.06582193728133187,0.014112011307761761
adl-14-cam0-rgb,adl,157,85798,0.3180169612169266,0.4741390347480774,0.2967834621667862,0.21779465675354004,-4.735110224224184,0.08174163103103638,0.06461970508098602,0.017121925950050354,0.9305100440979004,0.9774840176105499,0.3185048122684672,0.47151856833980127,-4.92710468191026,0.0632639347990869,0.01597731750764886
adl-14-cam0-rgb,adl,159,85864,0.3211975395679474,0.48709139227867126,0.2968253344297409,0.245848149061203,-5.7688765119201335,0.07696521282196045,0.060596764087677,0.016368448734283447,0.9365278482437134,0.9794410963853201,0.32345237192653425,0.48676144721962084,-6.407789304555266,0.05854205729125373,0.020013784304325686
adl-14-cam0-rgb,adl,161,85930,0.3303527534008026,0.5036869198083878,0.29721252620220184,0.28636792302131653,-8.67056445835841,0.07637766003608704,0.050947725772857666,0.02542993426322937,0.9407060742378235,0.9807914098103842,0.3302487259432346,0.5036486267914496,-9.159060964383634,0.05104117366400624,0.026274049501398385
adl-14-cam0-rgb,adl,163,85996,0.33514975011348724,0.5313626825809479,0.2973899245262146,0.33490920066833496,-10.879989104922188,0.07546663284301758,0.04587392508983612,0.029592707753181458,0.9330472946166992,0.9797119398911794,0.33728721028282477,0.5268352342632419,-12.147338988634512,0.0434587428838143,0.031191270717810714
adl-14-cam0-rgb,adl,165,86062,0.34660370647907257,0.5498626828193665,0.297703392803669,0.3832748383283615,-16.359111227814854,0.0756668746471405,0.03492911159992218,0.04073776304721832,0.8800560235977173,0.9699362814426422,0.3439368070204016,0.5556350919978434,-15.084792212572614,0.03967182551111488,0.03625121880403323
adl-14-cam0-rgb,adl,167,86128,0.35052160918712616,0.5771126747131348,0.2989695221185684,0.4294121265411377,-19.240576497799108,0.07537633180618286,0.03183065354824066,0.0435456782579422,0.8433560729026794,0.9629387756188711,0.3486916094502324,0.5886648034120526,-17.461800871157592,0.03719332046581032,0.04215007923640208
adl-14-cam0-rgb,adl,169,86194,0.3480938971042633,0.6302266120910645,0.29783789813518524,0.46891671419143677,-17.30439057114799,0.07652783393859863,0.04165330529212952,0.034874528646469116,0.7617614269256592,0.9448760946591696,0.3485913857882152,0.6236151556819023,-18.122124945529183,0.03873052851204227,0.03978759108425729
adl-14-cam0-rgb,adl,171,86260,0.34719888865947723,0.6634466648101807,0.2960781306028366,0.5038550198078156,-17.761419632531677,0.08926469087600708,0.04846395552158356,0.04080073535442352,0.694287896156311,0.9235579073429108,0.34521686379269556,0.6555243835046685,-17.515643978091155,0.04255437625176972,0.03521895286066702
adl-14-cam0-rgb,adl,173,86326,0.34119442105293274,0.6819572448730469,0.29472703486680984,0.5268022418022156,-16.672437207053072,0.07836195826530457,0.04161664843559265,0.036745309829711914,0.6273410320281982,0.8997444609800974,0.33939628296600227,0.6825678734294254,-15.894503511995074,0.048097672529550786,0.029033894533718775
adl-14-cam0-rgb,adl,175,86392,0.32927584648132324,0.7028839886188507,0.2917228937149048,0.5383648872375488,-12.857984123946144,0.04460465908050537,0.05354040861129761,0.008935749530792236,0.6368115544319153,0.8965201179186503,0.33370058651352297,0.7008516545935617,-14.326299031877204,0.051662607561974216,0.024624559334862246
adl-14-cam0-rgb,adl,177,86458,0.3275482952594757,0.7076894640922546,0.2906055748462677,0.5466573238372803,-12.920768231277412,0.07630783319473267,0.0549468994140625,0.021360933780670166,0.6074532270431519,0.8860643903414408,0.3289150513095769,0.708973560756418,-13.203025269290984,0.05213261592439751,0.019822993448802374
adl-14-cam0-rgb,adl,179,86524,0.3272996246814728,0.7115301191806793,0.28928640484809875,0.5448818802833557,-12.849576422626395,0.07543429732322693,0.05477491021156311,0.02065938711166382,0.6210575699806213,0.8856926560401917,0.3253859336371025,0.7134183851671414,-12.19378459580258,0.05285280652634501,0.014741625556182017
adl-14-cam0-rgb,adl,181,86590,0.3247823864221573,0.7150839865207672,0.28777530044317245,0.5395402312278748,-11.90444215197628,0.0706145167350769,0.052353814244270325,0.01826070249080658,0.6552448272705078,0.8920648694038391,0.32418322214832507,0.7156367367738242,-11.72070726422169,0.056229901778233435,0.014153185860935209
adl-14-cam0-rgb,adl,183,86656,0.32472868263721466,0.712067723274231,0.2876027151942253,0.5330026745796204,-11.713308497150154,0.06267985701560974,0.053010717034339905,0.009669139981269836,0.6784017086029053,0.8963052133719126,0.32561574573124596,0.7132047732155034,-12.10279182404716,0.05728115973534513,0.01820142767130036
adl-14-cam0-rgb,adl,185,86722,0.32719798386096954,0.7079142034053802,0.2876299023628235,0.530749499797821,-12.589859275125951,0.07894298434257507,0.05995400249958038,0.01898898184299469,0.6673544049263,0.8920769393444061,0.32831465552895567,0.708138803511986,-12.700518959589987,0.058006299651546314,0.021697097397469826
adl-14-cam0-rgb,adl,187,86788,0.33070845901966095,0.7009206414222717,0.2885251045227051,0.520858883857727,-13.18499422335015,0.09423390030860901,0.06555713713169098,0.02867676317691803,0.6321983933448792,0.8811489442984263,0.3319044324097691,0.7036957640152463,-13.945962735798483,0.06059578325583296,0.027677997430681625
adl-14-cam0-rgb,adl,189,86854,0.33786511421203613,0.6806122958660126,0.2893158048391342,0.5084253251552582,-15.746165850623091,0.09376424551010132,0.0568925142288208,0.03687173128128052,0.6133918166160583,0.876054455836614,0.3370299032240198,0.6810875434380063,-15.705415869973425,0.058776677428901886,0.033821721484650735
adl-14-cam0-rgb,adl,191,86920,0.3434288203716278,0.660230278968811,0.290695957839489,0.4916159212589264,-17.36667775130024,0.09637182950973511,0.05212664604187012,0.04424518346786499,0.5722036957740784,0.8677451411883036,0.3414383210661086,0.6465823068505232,-17.050287805246278,0.05321053109127714,0.038710918390389586
adl-14-cam0-rgb,adl,193,86986,0.34345418214797974,0.6315984725952148,0.2921675369143486,0.4761994183063507,-18.26453819779425,0.09205177426338196,0.054468512535095215,0.03758326172828674,0.5186908841133118,0.8541824420293173,0.34440980174324676,0.6071452586165745,-17.512260209751574,0.04526483909392247,0.03971238685892768
adl-14-cam0-rgb,adl,201,87250,0.3474021404981613,0.5339081585407257,0.2948981747031212,0.37009061872959137,-17.770795605231026,0.0662367045879364,0.029788270592689514,0.03644843399524689,0.5090886354446411,0.85356338818868,0.3458722231837057,0.5677295796798929,-17.0814456381878,0.0379108409215877,0.03939741637025555
adl-14-cam0-rgb,adl,203,87316,0.3442087173461914,0.5235688388347626,0.2950102984905243,0.34115223586559296,-15.093746644749494,0.06787106394767761,0.03125733137130737,0.03661373257637024,0.5272551774978638,0.8590746621290842,0.34491469243388106,0.5360648318544603,-15.397374857467696,0.034324237665572674,0.03793873079927447
adl-14-cam0-rgb,adl,205,87382,0.34323786199092865,0.5189580321311951,0.2969875633716583,0.31745143234729767,-12.926777651529674,0.07064864039421082,0.03235901892185211,0.038289621472358704,0.5553056597709656,0.8684274852275848,0.34326801058791884,0.5136520142679083,-13.3643735032745,0.032372888355028016,0.03687641031040252
adl-14-cam0-rgb,adl,207,87448,0.34166546165943146,0.5082094371318817,0.2997701093554497,0.29516714811325073,-11.125407393339678,0.07316696643829346,0.03478600084781647,0.03838096559047699,0.5860380530357361,0.8780560493469238,0.3410738216979158,0.502807699692197,-11.1714024080467,0.03303828867740957,0.036592513774380483
adl-14-cam0-rgb,adl,209,87514,0.337266206741333,0.5069808661937714,0.301229752600193,0.2741640657186508,-8.798680343814095,0.07416737079620361,0.0395733118057251,0.034594058990478516,0.6253904104232788,0.8895072241624197,0.3383801532385148,0.5033283254929943,-9.315687678443172,0.0381659159025588,0.03541634112467493
adl-14-cam0-rgb,adl,211,87580,0.33722902834415436,0.49595075845718384,0.3016241267323494,0.25040214508771896,-8.250467826333017,0.07454696297645569,0.04005809128284454,0.034488871693611145,0.6604413986206055,0.8998983403046926,0.336553736489056,0.4952503756269225,-7.858895903961315,0.0412550716302095,0.03383408693266117
adl-14-cam0-rgb,adl,213,87646,0.3339502066373825,0.4855457544326782,0.3055424988269806,0.23164401948451996,-6.383968276851835,0.07486039400100708,0.044342830777168274,0.030517563223838806,0.6931052207946777,0.9094805816809336,0.3347560104740641,0.48617472799567363,-6.487742892670893,0.044335419416943606,0.032198974515968544
adl-14-cam0-rgb,adl,215,87712,0.3342807739973068,0.4765014201402664,0.30951616913080215,0.2159421369433403,-5.4293127745005725,0.07851311564445496,0.04667492210865021,0.03183819353580475,0.7227728962898254,0.9181824326515198,0.33336965268824476,0.47706743532960993,-5.106824402436502,0.04679879739687033,0.03133750581122059
adl-14-cam0-rgb,adl,217,87778,0.33366361260414124,0.4682018309831619,0.3157648593187332,0.20190539956092834,-3.8452744663575906,0.08038979768753052,0.04842618107795715,0.031963616609573364,0.749591052532196,0.9260626236597697,0.3334045881703813,0.46797196347734044,-3.901981752151712,0.04786900195466485,0.03159052875392876
adl-14-cam0-rgb,adl,219,87844,0.3337346017360687,0.4611291140317917,0.3215078115463257,0.19241546094417572,-2.605229052904471,0.08118778467178345,0.048406779766082764,0.032781004905700684,0.7738723158836365,0.9332024157047272,0.33483934602438065,0.4615868615768682,-2.7794835000999685,0.047541903146417555,0.03314603903850947
adl-14-cam0-rgb,adl,221,87910,0.33570580184459686,0.45514291524887085,0.32879525423049927,0.1832476258277893,-1.4559280825849665,0.08131605386734009,0.046450838446617126,0.03486521542072296,0.7957355976104736,0.9396472871303558,0.33752686082026606,0.4569666097948555,-1.870764650870889,0.04557665434234579,0.03613743611744466
adl-14-cam0-rgb,adl,223,87976,0.34188272058963776,0.4541345536708832,0.3358340710401535,0.1778266653418541,-1.254060279320222,0.08001023530960083,0.04175175726413727,0.03825847804546356,0.8151910305023193,0.945373922586441,0.34107343723505557,0.453897425816172,-0.9832670294354999,0.042388190374229834,0.03887908767054085
adl-14-cam0-rgb,adl,225,88042,0.3468610495328903,0.45218512415885925,0.3437778353691101,0.1758795604109764,-0.6393205583337127,0.0813744068145752,0.03757469356060028,0.043799713253974915,0.8328567147254944,0.9505856434504191,0.34499642749627385,0.45143809637207943,-0.20506422035310692,0.03922905724544024,0.04153882160589287
adl-14-cam0-rgb,adl,227,88108,0.3480154871940613,0.44993992149829865,0.35179369151592255,0.17224624007940292,0.779498491438881,0.08035677671432495,0.03578311204910278,0.04457366466522217,0.8485440015792847,0.9552148580551147,0.3487938224495226,0.4486336723550567,0.6273810180124646,0.03499393158660817,0.0438241850246082
adl-14-cam0-rgb,adl,229,88174,0.35242514312267303,0.4470091611146927,0.359754353761673,0.17073293775320053,1.519618163171122,0.07558569312095642,0.03134287893772125,0.04424281418323517,0.8625110983848572,0.9592673579851786,0.35158269776281326,0.4459213493512821,1.3989615359483945,0.03158515562097747,0.04503467204895885
adl-14-cam0-rgb,adl,231,88240,0.35311077535152435,0.44178399443626404,0.36446183919906616,0.17017126083374023,2.393075658706786,0.07467937469482422,0.029955223202705383,0.044724151492118835,0.875622570514679,0.9631121158599854,0.35388824807488023,0.4432763870789373,2.1537364507709076,0.028211509658918745,0.04555203630165618
adl-14-cam0-rgb,adl,233,88306,0.3557684123516083,0.43853427469730377,0.37003907561302185,0.1716998592019081,3.0613388015184846,0.0674595832824707,0.02171194553375244,0.04574763774871826,0.8867616057395935,0.9664776424566904,0.3557104733857239,0.44069878553802283,2.891705762480005,0.024872993700432045,0.04537627778270025
adl-14-cam0-rgb,adl,235,88372,0.3571406602859497,0.4398648142814636,0.3727564960718155,0.1725497767329216,3.343267927017794,0.0676533579826355,0.023022055625915527,0.04463130235671997,0.8968151807785034,0.9693975448608398,0.3570493736953444,0.4381885447285387,3.6128694710756846,0.02156960774551737,0.04450739649209105
adl-15-cam0-rgb,adl,105,92804,0.26019447296857834,0.5008383691310883,0.2623152658343315,0.30830082297325134,0.6310850474140107,0.05571974813938141,0.032185085117816925,0.023534663021564484,0.5389621257781982,0.8551918864250183,0.2584600046728593,0.5008509719010555,0.7340248099611043,0.032308190790089654,0.01980148951212562
adl-15-cam0-rgb,adl,107,92870,0.26208600401878357,0.5005595684051514,0.2643577829003334,0.3054482340812683,0.6670932813825892,0.0645563006401062,0.040667980909347534,0.023888319730758667,0.5819929242134094,0.8687294820944468,0.2629825744890802,0.49916293381741556,0.6672795063804957,0.04368714335741414,0.025487572203079834
adl-15-cam0-rgb,adl,109,92936,0.2659946605563164,0.496070921421051,0.26927660405635834,0.3035324960947037,0.9765494961118492,0.08084699511528015,0.053976066410541534,0.026870928704738617,0.6148954629898071,0.8794783453146616,0.2682828755476771,0.49737686199414266,0.6906021414187401,0.051960342206480124,0.031469771124067736
adl-15-cam0-rgb,adl,111,93002,0.27430756390094757,0.4938373416662216,0.2767331898212433,0.30456653237342834,0.7342416961445541,0.09704597294330597,0.06047244369983673,0.03657352924346924,0.6468134522438049,0.8891813457012177,0.27436090784864997,0.4954927564312369,0.8039927150758377,0.057127787337287614,0.037748086275089326
adl-15-cam0-rgb,adl,113,93068,0.28077955543994904,0.4938163757324219,0.28448787331581116,0.30286845564842224,1.1125769664171463,0.10631024837493896,0.06258173286914825,0.04372851550579071,0.6748587489128113,0.8980298638343811,0.28121667139199863,0.49351061712869765,1.0074512273517875,0.059189478749836585,0.044322517656144575
adl-15-cam0-rgb,adl,115,93134,0.29108498990535736,0.4926534742116928,0.29392003268003464,0.3017876595258713,0.8509855027610331,0.10755112767219543,0.052945926785469055,0.05460520088672638,0.6962596774101257,0.9057004054387411,0.288439995024627,0.491115848352382,1.6413356508073695,0.05768218649414186,0.05323758618140109
adl-15-cam0-rgb,adl,117,93200,0.2982991486787796,0.4909154027700424,0.3039800077676773,0.2993176579475403,1.6983181050156388,0.11387847363948822,0.052407488226890564,0.061470985412597656,0.7239392995834351,0.9140934546788534,0.2979566476497295,0.4892958151700686,1.8526301604051698,0.05204658916631294,0.06197939171290492
adl-15-cam0-rgb,adl,119,93266,0.30581508576869965,0.4851946383714676,0.31410349905490875,0.29672567546367645,2.5181085334370876,0.11178188025951385,0.04524706304073334,0.06653481721878052,0.7504301071166992,0.922311931848526,0.3098225994156548,0.4877074717572234,1.39709873768233,0.042826322185528676,0.06829840144811761
adl-15-cam0-rgb,adl,121,93332,0.31572049856185913,0.48476845026016235,0.32434266805648804,0.29343006014823914,2.580140576047781,0.1096280962228775,0.03904891014099121,0.07057918608188629,0.7722026705741882,0.9291813969612122,0.32088240374734345,0.48611077969466376,1.0993494566540292,0.03633503248165175,0.07062990041006167
adl-15-cam0-rgb,adl,123,93398,0.3371245265007019,0.4855503588914871,0.334779292345047,0.2912963032722473,-0.6916997981593853,0.09849977493286133,0.027620255947113037,0.07087951898574829,0.7735108733177185,0.930826872587204,0.3301665559088508,0.4846993575751516,1.0023272074090661,0.031873432524276456,0.06614113008821156
adl-15-cam0-rgb,adl,125,93464,0.34485389292240143,0.48567715287208557,0.34127822518348694,0.2876347005367279,-1.034366171114191,0.0802028477191925,0.020718887448310852,0.05948396027088165,0.790873110294342,0.9362084666887919,0.338225791529143,0.4837877531717343,0.8308371482526541,0.030125021740987662,0.053998445600142136
adl-15-cam0-rgb,adl,127,93530,0.339510053396225,0.48310764133930206,0.34756501019001007,0.2844645529985428,2.3220658019173364,0.07637512683868408,0.03589096665382385,0.04048416018486023,0.7932876348495483,0.938236395517985,0.343892889169903,0.4834121263775467,0.9808767786990406,0.030247109986486845,0.03927390903105462
adl-15-cam0-rgb,adl,129,93596,0.34463532269001007,0.4813142716884613,0.3518991768360138,0.2821212708950043,2.0884461236965475,0.04885673522949219,0.029845580458641052,0.019011154770851135,0.7723983526229858,0.9331958293914795,0.34718836315008417,0.482627094824076,1.4841906823233773,0.027720777180803763,0.02492045659523502
adl-15-cam0-rgb,adl,131,93662,0.3499460965394974,0.4816792160272598,0.3558366149663925,0.2794361263513565,1.6683213136346173,0.02942255139350891,0.033254995942115784,0.0038324445486068726,0.7292664647102356,0.9224283198515574,0.3497813071781417,0.4818738342879648,1.876025593894418,0.024848861224723545,0.013231915828985552
adl-15-cam0-rgb,adl,133,93728,0.35355907678604126,0.4815118908882141,0.3604036569595337,0.27626053988933563,1.9099522764063335,0.006698638200759888,0.018023669719696045,0.011325031518936157,0.6662156581878662,0.9102099339167277,0.3543799684677284,0.4813429856455165,1.531552261898924,0.02020528551303976,0.007732434964283196
adl-15-cam0-rgb,adl,135,93794,0.3603716641664505,0.48159416019916534,0.36304494738578796,0.2728612869977951,0.7337582718478209,0.014388173818588257,0.003996595740318298,0.010391578078269958,0.619557797908783,0.9038603603839874,0.36088542962745107,0.48101347865480293,0.46896482878858664,0.012761320967178823,0.006749659712180423
adl-15-cam0-rgb,adl,137,93860,0.3684060126543045,0.4804491400718689,0.3642769902944565,0.2699202448129654,-1.1235760684652674,0.019054889678955078,0.010706678032875061,0.008348211646080017,0.5715357065200806,0.8962613344192505,0.365318992179193,0.4801238907493031,-0.11796761544178072,0.010537885742270055,0.009739660726481171
adl-15-cam0-rgb,adl,139,93926,0.3691069483757019,0.4786386489868164,0.36634591221809387,0.2646769732236862,-0.7393237045494042,0.022641658782958984,0.010592609643936157,0.012049049139022827,0.5608419179916382,0.8960902492205302,0.3693319588770593,0.4786154455565781,-0.7919270514425943,0.00533854716267936,0.011941264589111506
adl-15-cam0-rgb,adl,141,93992,0.37346144020557404,0.476654052734375,0.3680359572172165,0.2582182437181473,-1.4228133078122682,0.019436746835708618,0.009751096367835999,0.00968565046787262,0.5622895359992981,0.8983557323614756,0.37319084556845816,0.4767626207241241,-1.4770721121091055,0.008110754869200957,0.01026348976087775
adl-15-cam0-rgb,adl,143,94058,0.3738200515508652,0.47450144588947296,0.36905859410762787,0.2523801028728485,-1.2280208498040712,0.03034883737564087,0.016670122742652893,0.013678714632987976,0.5471557378768921,0.8978383839130402,0.3765381816532699,0.4745057701935493,-1.9595908383746001,0.01514646727027313,0.008608118602723773
adl-15-cam0-rgb,adl,145,94124,0.3803950995206833,0.47323112189769745,0.3695856183767319,0.24930011481046677,-2.7636068841483907,0.012404054403305054,0.0066985636949539185,0.005705490708351135,0.5256776213645935,0.8941970467567444,0.3798330735205566,0.47295542229047516,-2.3612730344285056,0.024774622414019162,0.0066083298746125434
adl-15-cam0-rgb,adl,149,94256,0.3848779648542404,0.4715215265750885,0.37251248955726624,0.24090001732110977,-3.069148982817702,0.046343594789505005,0.045249417424201965,0.0010941773653030396,0.534041702747345,0.8969115217526754,0.3840791582416141,0.47203555329021374,-2.968521382415924,0.03809759323989152,0.0044208083188894964
adl-15-cam0-rgb,adl,151,94322,0.3884378671646118,0.47073280811309814,0.3742382079362869,0.2382010594010353,-3.494454100421507,0.05831548571586609,0.05541282892227173,0.0029026567935943604,0.576957643032074,0.9059292376041412,0.38779279970245384,0.471509226730891,-3.3392592874389204,0.051351031506216296,0.0035162600991013723
adl-15-cam0-rgb,adl,153,94388,0.3912732005119324,0.47323183715343475,0.3767069876194,0.23811092972755432,-3.5450579866818437,0.07114923000335693,0.06631278991699219,0.004836440086364746,0.6176352500915527,0.9147981703281403,0.39168413770405186,0.47197471823527115,-3.6410835512038693,0.06112031793439534,0.004056125943794906
adl-15-cam0-rgb,adl,155,94454,0.3949729800224304,0.47323888540267944,0.37972307205200195,0.23773804306983948,-3.705027682568061,0.0747154951095581,0.06710290908813477,0.00761258602142334,0.6528986096382141,0.9223278860251108,0.39464719387101865,0.4732279023437782,-3.614875694838239,0.06750963860517963,0.007183735311289361
adl-15-cam0-rgb,adl,157,94520,0.3975222557783127,0.47439509630203247,0.3828437328338623,0.24139781296253204,-3.604794976556065,0.07297417521476746,0.06252531707286835,0.010448858141899109,0.6848705410957336,0.9292171200116476,0.39822271363043626,0.47511242929991115,-3.7188331893875874,0.06573381542643418,0.01323474511439664
adl-15-cam0-rgb,adl,159,94586,0.4021579772233963,0.47897298634052277,0.38609184324741364,0.24367578327655792,-3.906103004113262,0.07366165518760681,0.05780230462551117,0.015859350562095642,0.7117787599563599,0.9346673885981241,0.40265223364551284,0.4790289216872411,-3.969723779773662,0.05867497571361005,0.014743933107429746
adl-15-cam0-rgb,adl,161,94652,0.4061618745326996,0.48219358921051025,0.38994884490966797,0.2522900924086571,-4.033878674901187,0.07365268468856812,0.05550786852836609,0.018144816160202026,0.7356210947036743,0.9397677481174469,0.40686692987685535,0.4833328194303423,-4.290831032621112,0.049990758751377845,0.01484944564955573
adl-15-cam0-rgb,adl,163,94718,0.4121122509241104,0.48714224994182587,0.39384832978248596,0.26718951761722565,-4.7467036903110715,0.07158476114273071,0.047948822379112244,0.02363593876361847,0.7574275732040405,0.9438016613324484,0.4108888764273031,0.48926820918853076,-4.538945932040584,0.04380560701801657,0.015387065418354856
adl-15-cam0-rgb,adl,165,94784,0.415936678647995,0.49655576050281525,0.39637213945388794,0.28534363210201263,-5.292195437232759,0.020267724990844727,0.02367594838142395,0.0034082233905792236,0.7513853311538696,0.9377622207005819,0.4143409496778011,0.49072267598919983,-4.854568004477822,0.038596257115855306,0.016375099038664888
adl-15-cam0-rgb,adl,167,94850,0.41588880121707916,0.4955245703458786,0.39904560148715973,0.30464643239974976,-5.042752221995035,0.05526059865951538,0.038733288645744324,0.016527310013771057,0.7345805764198303,0.930039256811142,0.4174653473612544,0.49549903027164915,-5.226567913447337,0.0365901813878641,0.01884390562127676
adl-15-cam0-rgb,adl,169,94916,0.41943372786045074,0.49817459285259247,0.40417492389678955,0.33031344413757324,-5.193988660187362,0.06850165128707886,0.04231654107570648,0.026185110211372375,0.6883299946784973,0.9122220377127329,0.4199182723378716,0.49798058863584027,-5.741092763106505,0.03705986115065483,0.02274445724951753
adl-15-cam0-rgb,adl,171,94982,0.4209233224391937,0.4883935749530792,0.40613673627376556,0.35159219801425934,-6.169035851471996,0.06806609034538269,0.03853926062583923,0.029526829719543457,0.6496447324752808,0.899305651585261,0.4214010965643501,0.5005604484122546,-6.190812308121974,0.04055596268796296,0.027327179973259594
adl-15-cam0-rgb,adl,173,95048,0.42442670464515686,0.5151930451393127,0.4066886752843857,0.36841239035129547,-6.890619836469223,0.08309438824653625,0.048232465982437134,0.03486192226409912,0.6036751866340637,0.8850756386915842,0.42286439207725135,0.5014637715114653,-6.66550582828018,0.04664987841725859,0.03368516750149908
adl-15-cam0-rgb,adl,175,95114,0.423059806227684,0.4972376227378845,0.40830302238464355,0.3818662464618683,-7.2889425025906736,0.081461101770401,0.04800371825695038,0.03345738351345062,0.5827497839927673,0.8772802650928497,0.4233652538422376,0.5030493226660271,-6.8355503904766035,0.05009436317078472,0.03301116482261966
adl-15-cam0-rgb,adl,177,95180,0.4224050045013428,0.5049438625574112,0.40923409163951874,0.3958825170993805,-6.886040421083149,0.08473050594329834,0.05193638801574707,0.03279411792755127,0.6145943403244019,0.8860958317915598,0.4224853141483284,0.5008218477427694,-7.030055347397041,0.05399289236956337,0.03308545704527846
adl-15-cam0-rgb,adl,179,95246,0.4219384789466858,0.49601632356643677,0.41047021746635437,0.3966204524040222,-6.581664269469433,0.09120720624923706,0.0585440993309021,0.03266310691833496,0.6443437933921814,0.8942219614982605,0.42059123361265444,0.4977186848590893,-6.587536798799388,0.05778972307840974,0.03424624937437308
adl-15-cam0-rgb,adl,181,95312,0.41720058023929596,0.4932316392660141,0.40969841182231903,0.41583943367004395,-5.536781714595668,0.08940368890762329,0.06111748516559601,0.028286203742027283,0.6725730299949646,0.9013476471106211,0.41868908800087906,0.4868504143122464,-6.333844515252151,0.05485125782685871,0.034430158860755636
adl-15-cam0-rgb,adl,183,95378,0.41632823646068573,0.48027031123638153,0.4097626954317093,0.42268164455890656,-6.504067364874407,0.09205871820449829,0.05192704498767853,0.04013167321681976,0.6941664218902588,0.906611571709315,0.41659911480042777,0.487953432323612,-5.350381733757376,0.05072322429774637,0.033439106690935194
adl-15-cam0-rgb,adl,185,95444,0.41402727365493774,0.4840830862522125,0.41023190319538116,0.43004216253757477,-4.017367092518025,0.08279654383659363,0.04704761505126953,0.0357489287853241,0.7207093238830566,0.9138441383838654,0.4135066320498778,0.48254476958538994,-2.3959566346170074,0.04025612139340597,0.029984786719470788
adl-15-cam0-rgb,adl,187,95510,0.41483792662620544,0.4785635322332382,0.4112234264612198,0.43451839685440063,-4.691382650416174,0.056405723094940186,0.03007054328918457,0.026335179805755615,0.7133808135986328,0.9093085924784342,0.41269839867884917,0.4883257182903613,-3.0806500896227567,0.03702779868980502,0.02831553006585022
adl-15-cam0-rgb,adl,189,95576,0.4096439927816391,0.512948215007782,0.40854933857917786,0.44151194393634796,-0.8779035713881386,0.06027993559837341,0.04006032645702362,0.020219609141349792,0.7274699211120605,0.9106330275535583,0.41355692501707964,0.5022796250524968,-1.3461862294385034,0.051624345185952714,0.027936244036728126
adl-15-cam0-rgb,adl,191,95642,0.4101897329092026,0.4862292408943176,0.4081564396619797,0.44479815661907196,-2.8096229918812563,0.06500694155693054,0.04397110641002655,0.02103583514690399,0.7276076674461365,0.9106554090976715,0.41215305230318156,0.504070225603136,-11.84394440663688,0.07254343412139189,0.024388078745309374
adl-15-cam0-rgb,adl,195,95774,0.4198465794324875,0.5361294746398926,0.3907751590013504,0.47380682826042175,-25.007470269393224,0.13913071155548096,0.10452373325824738,0.03460697829723358,0.6597590446472168,0.8874660034974416,0.4134768008927756,0.5092685161343893,-23.57284437737014,0.08332576418851864,0.026300829210322618
adl-15-cam0-rgb,adl,197,95840,0.4148813784122467,0.5218996703624725,0.3879659175872803,0.458365261554718,-22.959263026337467,0.16044998168945312,0.13114991784095764,0.029300063848495483,0.6872276067733765,0.8960533638795217,0.4147241969000204,0.514725500951597,-38.939230941551685,0.08657068652766078,0.025906521069022963
adl-15-cam0-rgb,adl,199,95906,0.4088401049375534,0.4665222018957138,0.392831414937973,0.46221934258937836,-74.95545061812683,0.09748148918151855,0.07749892771244049,0.019982561469078064,0.6191146373748779,0.8732901612917582,0.417099620163182,0.5098524214901442,-46.163947833697385,0.0789339235979756,0.0260879149039586
adl-15-cam0-rgb,adl,207,96170,0.4248872995376587,0.5303981304168701,0.3832872360944748,0.48365533351898193,-41.66838098429154,0.0600208044052124,0.027861088514328003,0.0321597158908844,0.5572105646133423,0.8526290754477183,0.4187472246555017,0.5044731175228624,-44.151756961614105,0.06397493828684726,0.026152044728204767
adl-15-cam0-rgb,adl,209,96236,0.4187670201063156,0.5042208433151245,0.38625025749206543,0.4716394990682602,-44.94315881141022,0.05255153775215149,0.03728751838207245,0.01526401937007904,0.5014897584915161,0.8340293268362681,0.4195244230362238,0.4888951648752404,-33.595085030790806,0.04209124390439032,0.026099444274262397
adl-15-cam0-rgb,adl,261,97952,0.4228549897670746,0.4701276421546936,0.415796160697937,0.2292521968483925,-1.6785662739389235,0.07297977805137634,0.039146870374679565,0.03383290767669678,0.5208051800727844,0.8407060106595358,0.42188799129677995,0.481091279294583,-20.691714276383102,0.030160202414958467,0.029430429850305785
adl-15-cam0-rgb,adl,263,98018,0.4230997711420059,0.4649394303560257,0.4188848286867142,0.22191009670495987,-0.9936010634763628,0.07325375080108643,0.03706277906894684,0.03619097173213959,0.5606269240379333,0.853830466667811,0.42353627021178475,0.474948490594888,-3.8834471696265,0.03323192165527504,0.033354498349226866
adl-15-cam0-rgb,adl,265,98084,0.42321473360061646,0.46064475178718567,0.4232565611600876,0.2189328595995903,0.009914872534473778,0.0731273889541626,0.03640258312225342,0.03672480583190918,0.5931572318077087,0.8644992609818777,0.4235846038375576,0.45881976542018643,0.7150008761459081,0.037073397726723585,0.03612889646193676
adl-15-cam0-rgb,adl,267,98150,0.4255913645029068,0.4603116661310196,0.42758017778396606,0.21948207914829254,0.4731479150729095,0.07321599125862122,0.03399805724620819,0.039217934012413025,0.6254884004592896,0.8753126660982767,0.4265623297139157,0.45653222598038645,4.152299873876961,0.03401185056089834,0.0413264380001918
adl-15-cam0-rgb,adl,269,98216,0.4285064786672592,0.45745493471622467,0.43145662546157837,0.21887784451246262,0.7084600852398945,0.0736643373966217,0.03193654119968414,0.04172779619693756,0.6481598615646362,0.8828863799571991,0.4292062925763456,0.45459501999410185,6.126003503267633,0.03164306688747363,0.044557922749550304
adl-15-cam0-rgb,adl,271,98282,0.4336009919643402,0.45856089890003204,0.43649783730506897,0.22052019089460373,0.6972287237886424,0.07427188754081726,0.027601301670074463,0.0466705858707428,0.6677809953689575,0.8896280030409495,0.43224146836376764,0.45570690173865375,5.42196441304209,0.02875277143923233,0.04705856079275988
adl-15-cam0-rgb,adl,273,98348,0.43640777468681335,0.4605018049478531,0.4413936585187912,0.22128311544656754,1.1940068171523772,0.07373160123825073,0.024604588747024536,0.049127012491226196,0.6955167055130005,0.898865133523941,0.43566785707618205,0.4598678712140427,2.04018260320035,0.02534096421617448,0.04882835212982059
adl-15-cam0-rgb,adl,275,98414,0.43875423073768616,0.4635006934404373,0.4453934133052826,0.22142212092876434,1.5709850114437878,0.07367756962776184,0.022421061992645264,0.05125650763511658,0.719548225402832,0.9073067804177603,0.4394854587135888,0.4670779284202688,-4.01934192625761,0.02140764521830008,0.04986729676073243
adl-16-cam0-rgb,adl,103,102780,0.2747320532798767,0.4971979558467865,0.27212461084127426,0.31194086372852325,-0.8063690385449488,0.043236032128334045,0.014035731554031372,0.029200300574302673,0.5189224481582642,0.8410893281300863,0.27421623314871907,0.49752079582575576,-0.4956691361465105,0.0031350582838058205,0.029405383810852507
adl-16-cam0-rgb,adl,105,102846,0.2738407775759697,0.4941546618938446,0.2722686529159546,0.3077310025691986,-0.48316813969875877,0.037743330001831055,0.009397782385349274,0.02834554761648178,0.5633981227874756,0.856153537829717,0.27316534381472685,0.49440628696571676,-0.4051880771878829,0.0131154306232929,0.027060938761992885
adl-16-cam0-rgb,adl,107,102912,0.27352070808410645,0.49274879693984985,0.2733169049024582,0.3022328019142151,-0.06129174458028009,0.03755694627761841,0.010228186845779419,0.02732875943183899,0.6044938564300537,0.8698476652304331,0.27388020137816776,0.49170620842671475,-0.21490342994549338,0.022134389267081285,0.026570322600019954
adl-16-cam0-rgb,adl,109,102978,0.2734532281756401,0.48892584443092346,0.2767970561981201,0.302194282412529,1.0258938365547567,0.047993600368499756,0.02315220981836319,0.024841390550136566,0.6373701095581055,0.8811954061190287,0.276360805839042,0.48942056020874974,0.07518480558065804,0.030191934215170975,0.02793353532493372
adl-16-cam0-rgb,adl,111,103044,0.28058262169361115,0.4888020008802414,0.2825651913881302,0.2980607599020004,0.5955124600728217,0.06364068388938904,0.03368516266345978,0.02995552122592926,0.669662594795227,0.892021894454956,0.2806071571973491,0.4875493423118213,0.4650766293905715,0.03728806546756194,0.03115057693673414
adl-16-cam0-rgb,adl,113,103110,0.28752171993255615,0.4847894310951233,0.2891649752855301,0.2938064634799957,0.49297209195661756,0.09038564562797546,0.05363994836807251,0.036745697259902954,0.6991147994995117,0.9019155204296112,0.2865804502845323,0.4859509894471141,1.063842474444988,0.04837575083945213,0.03610142710663018
adl-16-cam0-rgb,adl,115,103176,0.29767802357673645,0.48507559299468994,0.29988932609558105,0.29681655764579773,0.6729688960165309,0.10845822095870972,0.06140404939651489,0.047054171562194824,0.7252365946769714,0.910705437262853,0.2949731580235737,0.48481462618489213,1.4989191268312334,0.05479185644424314,0.04387061065667629
adl-16-cam0-rgb,adl,117,103242,0.302609845995903,0.48383235931396484,0.30981315672397614,0.2959897518157959,2.1960788377689404,0.10728076100349426,0.05640615522861481,0.050874605774879456,0.7449424862861633,0.9179757734139761,0.3043032693979023,0.4844323988213677,2.1017890483076176,0.05373365444925432,0.05328347972590162
adl-16-cam0-rgb,adl,119,103308,0.31449784338474274,0.48485034704208374,0.32618965208530426,0.296240970492363,3.547200113482323,0.10642501711845398,0.044800952076911926,0.06162406504154205,0.7600234150886536,0.9239079256852468,0.31607920615187923,0.4844747179901438,2.322145879305669,0.0500052349391953,0.06445263087491443
adl-16-cam0-rgb,adl,121,103374,0.3303731232881546,0.48495228588581085,0.3361276835203171,0.2950107157230377,1.7353294025904573,0.11384302377700806,0.03812412917613983,0.07571889460086823,0.7691353559494019,0.9284417827924093,0.330559334133094,0.4854290989828309,1.8771330625642033,0.03958121129186633,0.07671640542420463
adl-16-cam0-rgb,adl,123,103440,0.3432895541191101,0.4853270798921585,0.34965625405311584,0.29471355676651,1.913030434524262,0.11388429999351501,0.029164046049118042,0.08472025394439697,0.7813688516616821,0.933540811141332,0.3464299739052202,0.48558689415196765,1.0394887494252687,0.02958721174048135,0.08746786286562538
adl-16-cam0-rgb,adl,125,103506,0.36700066924095154,0.4861198663711548,0.36253097653388977,0.2911292165517807,-1.3131382844623616,0.1264144778251648,0.029669076204299927,0.09674540162086487,0.7988443970680237,0.9391409059365591,0.363232842642507,0.484891783752482,-0.2274042652935914,0.02385560787601385,0.09139109625444769
adl-16-cam0-rgb,adl,127,103572,0.38052240014076233,0.48478446900844574,0.3742687255144119,0.28667542338371277,-1.8080457576316502,0.10238566994667053,0.008941709995269775,0.09344395995140076,0.8031989336013794,0.9413646658261617,0.3787746921633224,0.4828998928333251,-1.369152743983174,0.018744929334818,0.08444516618788488
adl-16-cam0-rgb,adl,129,103638,0.39166606962680817,0.48063065111637115,0.3870849609375,0.2851322591304779,-1.3423648343753871,0.061214447021484375,0.015024259686470032,0.0762387067079544,0.8039160370826721,0.9434584279855093,0.392746664615936,0.48106730126199204,-1.9289252415795985,0.011933699314728426,0.07016827907913165
adl-16-cam0-rgb,adl,131,103704,0.4029218256473541,0.4777749478816986,0.39671429991722107,0.28538283705711365,-1.848005523430953,0.028201043605804443,0.016827166080474854,0.0450282096862793,0.7408555150032043,0.9288984139760336,0.4044074121362713,0.4795086411557665,-1.8759874142096593,0.0076099420651728885,0.05038187933432584
adl-16-cam0-rgb,adl,133,103770,0.4133664518594742,0.4776715636253357,0.4091597646474838,0.2850940078496933,-1.2513768628714017,0.02476295828819275,0.0023139268159866333,0.027076885104179382,0.6882655024528503,0.9150650203227997,0.41226511555058554,0.47740048563583515,-0.7711546916419969,0.0056680051924346275,0.040912732352942044
adl-16-cam0-rgb,adl,135,103836,0.4205721318721771,0.4815615266561508,0.4207403361797333,0.28363366425037384,0.048691449913570474,0.027743816375732422,0.0014234483242034912,0.02632036805152893,0.6529309749603271,0.9074504176775614,0.4184765174533375,0.4805512890155174,0.36330066756438606,0.01473066701001417,0.03203122737087724
adl-16-cam0-rgb,adl,137,103902,0.42287392914295197,0.48329421877861023,0.43293678760528564,0.28153619170188904,2.8553111705272802,0.04554623365402222,0.01886768639087677,0.026678547263145447,0.6699419021606445,0.91197336713473,0.42206878166694084,0.4867854534418545,2.1137931551883025,0.012082066757854431,0.025999623072611784
adl-16-cam0-rgb,adl,139,103968,0.4246610552072525,0.48752227425575256,0.4414360523223877,0.2800225168466568,4.621937067979689,0.08855190873146057,0.030594244599342346,0.057957664132118225,0.6746567487716675,0.9155805309613546,0.42436295541333885,0.49387003178204225,4.466795316178639,0.022462329436174173,0.022688680654996372
adl-16-cam0-rgb,adl,141,104034,0.42650794982910156,0.5097203254699707,0.452141597867012,0.27897171676158905,6.3389442056407725,0.055535465478897095,0.050713539123535156,0.0048219263553619385,0.617353081703186,0.8988366623719534,0.4269291545663555,0.49865495294203416,7.381873486354928,0.04508944571792299,0.021807819862902394
adl-16-cam0-rgb,adl,143,104100,0.4305647164583206,0.5060936212539673,0.4730533957481384,0.2780798673629761,10.555580776015505,0.007692307233810425,0.019380703568458557,0.011688396334648132,0.5696116089820862,0.8833364049593607,0.4326834450294439,0.5038930289286032,10.397536502896825,0.06704084375203936,0.0249029094780678
adl-16-cam0-rgb,adl,145,104166,0.4425329118967056,0.5041259229183197,0.49518151581287384,0.28272370994091034,13.37628198118664,0.1365177035331726,0.11003158986568451,0.026486113667488098,0.5820774435997009,0.8867922723293304,0.44551448556251794,0.5086091887125198,13.006936852245055,0.07748223305780638,0.035391969340188116
adl-16-cam0-rgb,adl,147,104232,0.4575881361961365,0.5015744715929031,0.521325021982193,0.2946256995201111,17.117988749824136,0.1700262427330017,0.11449891328811646,0.055527329444885254,0.6129947900772095,0.8926375210285187,0.46167817918253085,0.5100922002678818,15.597667178990537,0.09395948155617803,0.0486286156105272
adl-16-cam0-rgb,adl,149,104298,0.4804733842611313,0.5134119093418121,0.544831395149231,0.32080836594104767,18.476926961620265,0.16832980513572693,0.08935602009296417,0.07897378504276276,0.6460906863212585,0.8982681334018707,0.47900802987220414,0.5044854572970107,18.7165651400852,0.09779658894260193,0.0703181302521651
adl-16-cam0-rgb,adl,151,104364,0.5049626231193542,0.5058951526880264,0.5723420679569244,0.32593441009521484,20.52649847622165,0.16481587290763855,0.07053029537200928,0.09428557753562927,0.6487428545951843,0.8953617215156555,0.495461328398613,0.49995953754171074,21.85999700712039,0.0991658023296495,0.08608080872467573
adl-16-cam0-rgb,adl,153,104430,0.5077381283044815,0.4918860197067261,0.5874687731266022,0.32593800127506256,25.662215094174602,0.19815123081207275,0.10977153480052948,0.08837969601154327,0.6770578026771545,0.9027496079603831,0.5088087487401377,0.4909881088898804,26.68491013021198,0.06898197396235023,0.09487312806375084
adl-16-cam0-rgb,adl,155,104496,0.5161671340465546,0.47432008385658264,0.6080265641212463,0.3321276158094406,32.86334016245089,0.13747623562812805,0.04421749711036682,0.09325873851776123,0.6735783219337463,0.9004561205705007,0.5192556536042837,0.48252596419094895,32.11486788909504,0.051232529021960765,0.09886580112176525
adl-16-cam0-rgb,adl,157,104562,0.5253793001174927,0.4773644059896469,0.6181416511535645,0.3583616614341736,37.93632877816866,0.16304337978363037,0.050965845584869385,0.11207753419876099,0.7009337544441223,0.9089396893978119,0.5261043601737903,0.47568664490144424,38.638389423223245,0.04839536741182395,0.10519841106939094
adl-16-cam0-rgb,adl,159,104628,0.5328579545021057,0.4674302488565445,0.6432874798774719,0.3651200532913208,47.185664494216965,0.10743552446365356,0.002084970474243164,0.1053505539894104,0.6413670778274536,0.8905026912689209,0.5269637994177923,0.4719482171974134,52.81648900329033,0.05202403961322001,0.12195706741634366
adl-16-cam0-rgb,adl,161,104694,0.5411449670791626,0.4835401326417923,0.6415213644504547,0.39965125918388367,50.11304450614604,0.04957413673400879,0.07295852899551392,0.1225326657295227,0.6530671715736389,0.8958242535591125,0.5389330934781524,0.47771251220981725,54.04721598377461,0.05693243740698985,0.12696577466669517
adl-16-cam0-rgb,adl,163,104760,0.545831173658371,0.48785074055194855,0.6466827690601349,0.42227113246917725,56.965721379033404,0.036948710680007935,0.10256469249725342,0.13951340317726135,0.6646305918693542,0.9001085658868154,0.555039730164911,0.48911062115198534,45.46379781330948,0.07934537633156868,0.12029969705131645
adl-16-cam0-rgb,adl,165,104826,0.5543923377990723,0.4908483475446701,0.6616705060005188,0.4321421980857849,61.31106803807063,0.04169750213623047,0.09530067443847656,0.13699817657470703,0.662799596786499,0.9017263750235239,0.5753442290283377,0.5011788044786033,29.896447579693938,0.09224953344373979,0.10069883218059276
adl-16-cam0-rgb,adl,169,104958,0.6183732151985168,0.5288731753826141,0.5974266827106476,0.4633115828037262,-17.718366727601204,0.045038044452667236,0.09103602170944214,0.0459979772567749,0.6738116145133972,0.9015329778194427,0.59730855714191,0.5198812317022505,11.03364816363025,0.10019094835628148,0.07901168114695187
adl-16-cam0-rgb,adl,171,105024,0.6197799742221832,0.5351355969905853,0.5924665331840515,0.4466635286808014,-17.156706775726498,0.05554395914077759,0.09985634684562683,0.04431238770484924,0.695613443851471,0.9018072187900543,0.6172871518702725,0.5361807183785865,-6.452613014057813,0.08791671519155614,0.04357321308804791
adl-16-cam0-rgb,adl,173,105090,0.6304576992988586,0.5469395220279694,0.6024492383003235,0.45981496572494507,-17.82135612395706,0.04918330907821655,0.07729494571685791,0.028111636638641357,0.6382163166999817,0.8819493850072225,0.628568263151944,0.5568205976124958,-20.61017481454666,0.08181256804115317,0.030367562007078328
adl-16-cam0-rgb,adl,175,105156,0.6286283135414124,0.5712246596813202,0.6035094857215881,0.4610176384449005,-12.839744817016417,0.11472517251968384,0.07373106479644775,0.040994107723236084,0.6005843281745911,0.8701926569143931,0.6261330814588628,0.561403127524243,-17.575292501394365,0.08615135811108002,0.04659850179374986
adl-16-cam0-rgb,adl,177,105222,0.6177677512168884,0.5629322826862335,0.6046526730060577,0.4598484933376312,-7.2506365877734895,0.12653493881225586,0.08523291349411011,0.04130202531814575,0.5607306957244873,0.8544731140136719,0.6121706127862385,0.5521597455203267,-0.5534529341409629,0.09376608615829818,0.08609709014624216
adl-16-cam0-rgb,adl,179,105288,0.594033420085907,0.5612669885158539,0.601244330406189,0.4683421552181244,4.437225265001632,0.27679893374443054,0.11247193813323975,0.1643269956111908,0.5772762894630432,0.8606115778287252,0.602676171890068,0.5422645840809968,9.643751286036425,0.10464823620143893,0.12883022143727238
adl-16-cam0-rgb,adl,181,105354,0.5827041268348694,0.4977376013994217,0.6015137732028961,0.475324422121048,40.00413394392382,0.3146936595439911,0.12689834833145142,0.18779531121253967,0.6150109767913818,0.873017301162084,0.5923803914418975,0.5299940722716312,20.057238456788244,0.11562081500565319,0.168047300922922
adl-16-cam0-rgb,adl,183,105420,0.5889556705951691,0.513126015663147,0.6046327352523804,0.47566352784633636,22.70802621406908,0.3091457188129425,0.1217258870601654,0.1874198317527771,0.6015182137489319,0.8720743457476298,0.5843384468452231,0.5223727815853045,27.447609216562817,0.12390280660096681,0.19371838654790574
adl-16-cam0-rgb,adl,185,105486,0.5862091481685638,0.5300183892250061,0.6103760600090027,0.482023149728775,26.726501033059684,0.32914605736732483,0.12274625897407532,0.2063997983932495,0.5726010799407959,0.8677361110846201,0.5799566560235366,0.5247991765603351,31.305836719827994,0.12191284438232305,0.2000009860053204
adl-16-cam0-rgb,adl,187,105552,0.5789994895458221,0.5360498428344727,0.6100760400295258,0.48637251555919647,32.02878315693065,0.2767198085784912,0.10683831572532654,0.16988149285316467,0.5187248587608337,0.8515055278937022,0.5773076424092949,0.5354080796241752,33.43831129534577,0.11827797484604294,0.17639075097067503
adl-16-cam0-rgb,adl,193,105750,0.5734933614730835,0.5522047281265259,0.6122502386569977,0.48037122189998627,28.34852989387104,0.2723263204097748,0.11624962091445923,0.15607669949531555,0.5014549493789673,0.8414230346679688,0.5847110612825905,0.5514589080433817,25.2042393361809,0.10613829981196995,0.1529589005104905
adl-16-cam0-rgb,adl,195,105816,0.5767745077610016,0.548414409160614,0.6136146485805511,0.479406476020813,28.095694393296895,0.20945268869400024,0.08888527750968933,0.12056741118431091,0.5233355164527893,0.842009445031484,0.5836645378952925,0.5417225698242965,24.540887122403582,0.09212487768301186,0.1188456261312805
adl-16-cam0-rgb,adl,197,105882,0.5807533860206604,0.5409373342990875,0.6194047927856445,0.4662316292524338,27.356243711316733,0.17801567912101746,0.09211951494216919,0.08589616417884827,0.5616904497146606,0.8544646700223287,0.5782785552404652,0.5218274865573611,22.50128666369548,0.0718884722236946,0.08639535436898586
adl-16-cam0-rgb,adl,201,106014,0.6049533486366272,0.5020305514335632,0.6035793721675873,0.4456024169921875,-1.3948272674338207,0.09752345085144043,0.03834289312362671,0.05918055772781372,0.5056008100509644,0.8357063631216685,0.5669529459951236,0.49748186167184333,20.993584634714487,0.05896476840043988,0.061377711239315125
adl-16-cam0-rgb,adl,221,106674,0.5318632125854492,0.44195792078971863,0.6214324533939362,0.29664428532123566,31.649084869240767,0.06348684430122375,0.04122462868690491,0.022262215614318848,0.5051994919776917,0.8542547722657522,0.5517483134290349,0.47309177062470087,20.94510174856004,0.04644977723881273,0.04179390168293208
adl-16-cam0-rgb,adl,223,106740,0.5234103202819824,0.45549358427524567,0.6004130244255066,0.2927936017513275,25.327273830312055,0.07344180345535278,0.029368281364440918,0.044073522090911865,0.5211782455444336,0.8557597001393636,0.5394818626182932,0.46387714967454113,19.491696529510047,0.03692866140629825,0.027147128300749418
adl-16-cam0-rgb,adl,225,106806,0.5108409225940704,0.45813077688217163,0.5808648765087128,0.27512285113334656,20.938249349482565,0.0763324499130249,0.05570724606513977,0.020625203847885132,0.5543777346611023,0.8673681219418844,0.5256577304689395,0.4609707114758425,18.043431439159924,0.030387515526313316,0.017873125855540822
adl-16-cam0-rgb,adl,227,106872,0.5112529695034027,0.46751897037029266,0.5705739557743073,0.27255092561244965,16.9229098945053,0.006493687629699707,0.029411107301712036,0.02291741967201233,0.5601043105125427,0.872391810019811,0.5102759169809743,0.46437245602860544,16.600306477509697,0.026826339598858037,0.013971894347306474
adl-16-cam0-rgb,adl,229,106938,0.505662351846695,0.48038314282894135,0.5488989651203156,0.26628056168556213,11.416960923445918,0.021867573261260986,0.016138523817062378,0.005729049444198608,0.5348503589630127,0.8682603140672048,0.4933364221543973,0.4740823833328298,15.16232164455936,0.026245133623932396,0.015443433776046317
adl-17-cam0-rgb,adl,69,110182,0.252663791179657,0.5303732454776764,0.24935677647590637,0.36571261286735535,-1.150563510745266,0.03961554169654846,0.03525727987289429,0.004358261823654175,0.6020212769508362,0.875604381163915,0.25169391650142087,0.524873800711198,-0.8206535017696512,0.03309219190568633,0.005474830667177799
adl-17-cam0-rgb,adl,71,110248,0.2566264420747757,0.5288207232952118,0.25582899153232574,0.3641742169857025,-0.27750478405438317,0.04416196048259735,0.03129057586193085,0.012871384620666504,0.5930996537208557,0.8723117510477701,0.25838964064464415,0.532195343483578,-0.6720508852898407,0.029929732305533942,0.01818450167775151
adl-17-cam0-rgb,adl,73,110314,0.26674259454011917,0.5310070812702179,0.2641346603631973,0.362386018037796,-0.886079746838046,0.05157506465911865,0.023748986423015594,0.027826078236103058,0.5995160341262817,0.87303426861763,0.26421172173766333,0.5368054057483549,-0.5025847232650598,0.02699026519601994,0.02730245107696167
adl-17-cam0-rgb,adl,75,110380,0.2666199505329132,0.5338161587715149,0.26779138296842575,0.35958877205848694,0.3852271703060493,0.06711609661579132,0.023468852043151855,0.043647244572639465,0.5975308418273926,0.8705109357833862,0.26916015978047847,0.5387039875055288,-0.31225501569530845,0.024273790577144322,0.03282867886480828
adl-17-cam0-rgb,adl,77,110446,0.2721604183316231,0.5424182116985321,0.27318771183490753,0.35790014266967773,0.3189875887787984,0.06097991764545441,0.014943383634090424,0.04603653401136398,0.5687357187271118,0.8618936836719513,0.2732349547730892,0.537891088755099,-0.10106176258058643,0.02178030844890707,0.03476318504129132
adl-17-cam0-rgb,adl,79,110512,0.2771328538656235,0.5416886210441589,0.2749449461698532,0.35642437636852264,-0.6766122077799525,0.04153650999069214,0.017392709851264954,0.024143800139427185,0.5382348299026489,0.8527838091055552,0.27685769386105685,0.5349556714683377,0.1284073297440882,0.02015129350996634,0.03057969248656066
adl-17-cam0-rgb,adl,81,110578,0.28043027222156525,0.5317381024360657,0.2804795950651169,0.35573653876781464,0.016056622658420432,0.04620635509490967,0.032303586602211,0.01390276849269867,0.5083973407745361,0.8509365618228912,0.2789106941197338,0.5281399402009452,0.40627816052270993,0.01866010805487114,0.02349717779593031
adl-17-cam0-rgb,adl,87,110776,0.28119127452373505,0.5107506513595581,0.2836131528019905,0.3429827094078064,0.827057686011563,0.03388786315917969,0.016280069947242737,0.01760779321193695,0.5013327598571777,0.8460915784041086,0.28046902288477105,0.5193636052278205,0.40393422551731467,0.016691167665508377,0.016261326576466145
adl-17-cam0-rgb,adl,91,110908,0.27933770418167114,0.5090625882148743,0.2828378975391388,0.33616891503334045,1.1597816847866453,0.022750258445739746,0.008027106523513794,0.014723151922225952,0.520445704460144,0.8484345972537994,0.2801383320580825,0.5106876538300403,0.49298720127104745,0.01570612840451201,0.012518157464859273
adl-17-cam0-rgb,adl,93,110974,0.27891500294208527,0.5039597749710083,0.27971014380455017,0.3283740282058716,0.25946242764369165,0.02724584937095642,0.012406125664710999,0.014839723706245422,0.5271373391151428,0.849494864543279,0.27849166385539126,0.504966614759845,0.6365618051385755,0.013073811541388028,0.012983749181161177
adl-17-cam0-rgb,adl,95,111040,0.27670668065547943,0.5042575299739838,0.2767872288823128,0.3201708197593689,0.02507010497882249,0.02686789631843567,0.014910802245140076,0.011957094073295593,0.524103045463562,0.846271018187205,0.27697275069368826,0.5027542076198562,0.3739560659228726,0.012127313779029996,0.013209580213992607
adl-17-cam0-rgb,adl,97,111106,0.2762094512581825,0.5041972100734711,0.2761218100786209,0.31553442776203156,-0.026616109853265374,0.02923610806465149,0.017618529498577118,0.011617578566074371,0.5473706126213074,0.8520787159601847,0.276338113850845,0.5025549629033895,-0.1043774720727704,0.016810542319244098,0.01279428214221804
adl-17-cam0-rgb,adl,99,111172,0.27497492730617523,0.5007455497980118,0.2747000902891159,0.3085786700248718,-0.08194435177064963,0.03256237506866455,0.01963074505329132,0.01293163001537323,0.5774913430213928,0.8596904973189036,0.27679266564515725,0.5006236893274043,-0.6277391935849914,0.02162365047704603,0.013276320579764111
adl-17-cam0-rgb,adl,101,111238,0.27834851294755936,0.4984715133905411,0.2746124714612961,0.30516695976257324,-1.107230832510321,0.04571044445037842,0.03021129220724106,0.01549915224313736,0.6175944209098816,0.8725704848766327,0.2777859173166799,0.49854693029607977,-1.0598726009819042,0.028229997852147876,0.013912479792322411
adl-17-cam0-rgb,adl,103,111304,0.28021062910556793,0.49526557326316833,0.2746010199189186,0.29999150335788727,-1.6454748101397991,0.05160212516784668,0.035753294825553894,0.015848830342292786,0.6529103517532349,0.8843335012594858,0.278907273883943,0.4955127306314766,-1.3608148531197592,0.038505477693689796,0.014616820074263051
adl-17-cam0-rgb,adl,105,111370,0.2816665321588516,0.49320267140865326,0.27556025236845016,0.29869815707206726,-1.798154605251279,0.06047782301902771,0.04545833170413971,0.015019491314888,0.6861823201179504,0.89541627963384,0.28104468328612153,0.4927949679620331,-1.596331229354007,0.05000490208208812,0.01590038029662456
adl-17-cam0-rgb,adl,107,111436,0.28249379992485046,0.49025653302669525,0.27765418589115143,0.2971445620059967,-1.4355993948701253,0.0817670226097107,0.06492352485656738,0.01684349775314331,0.7134580016136169,0.9045704106489817,0.2830857498434195,0.4908603513653653,-1.3681499911978954,0.06170384031095537,0.017205850451023522
adl-17-cam0-rgb,adl,109,111502,0.28394240140914917,0.48898647725582123,0.2823043614625931,0.29459960758686066,-0.4828029505964723,0.09306934475898743,0.07472497224807739,0.018344372510910034,0.7376064658164978,0.9128336807092031,0.2848738734791801,0.4896841272389211,-0.5631115567133247,0.07070575960915831,0.019197704568827793
adl-17-cam0-rgb,adl,111,111568,0.2913440614938736,0.48913708329200745,0.29029152542352676,0.29334495961666107,-0.3080067398357856,0.10068276524543762,0.07514940202236176,0.025533363223075867,0.760902464389801,0.9206909437974294,0.2886700456663639,0.48912340731589754,0.3140582190627973,0.0757932819716341,0.023710261756207485
adl-17-cam0-rgb,adl,113,111634,0.2924026548862457,0.48869480192661285,0.29718733578920364,0.2927292734384537,1.3986519373180168,0.10523289442062378,0.07699546217918396,0.02823743224143982,0.7752165198326111,0.926094651222229,0.29513928010350143,0.4884975385485266,0.8555536223838109,0.0756505001416969,0.03124038842849397
adl-17-cam0-rgb,adl,115,111700,0.3011373430490494,0.48909446597099304,0.3073645532131195,0.2908654510974884,1.7993105742400943,0.10743668675422668,0.07050730288028717,0.036929383873939514,0.7917949557304382,0.9316098789374033,0.30386094684466614,0.48812308268887583,1.0330831566004375,0.07002486959422295,0.040058127793914766
adl-17-cam0-rgb,adl,117,111766,0.3150586932897568,0.4870268702507019,0.31795454025268555,0.28521060943603516,0.8220765891519435,0.10976293683052063,0.0604090541601181,0.04935388267040253,0.8067603707313538,0.9364172915617625,0.3144411888473473,0.48745510401405745,0.7413716658199115,0.0615559331266394,0.04825857733235207
adl-17-cam0-rgb,adl,119,111832,0.32669031620025635,0.4849378764629364,0.32562653720378876,0.27814197540283203,-0.2947326756133516,0.11152172088623047,0.05388554930686951,0.05763617157936096,0.8183939456939697,0.9401775697867075,0.32514253497381695,0.4859119508560595,0.24700123864977297,0.052459186096211974,0.052522518998616624
adl-17-cam0-rgb,adl,121,111898,0.335390567779541,0.4845024645328522,0.3340092897415161,0.2718072831630707,-0.37208313256635384,0.10008871555328369,0.043421804904937744,0.05666691064834595,0.8333585262298584,0.9452692568302155,0.33545980102572037,0.48318399695348874,-0.3953375211440976,0.04375803419005812,0.05361305028845213
adl-17-cam0-rgb,adl,123,111964,0.34379856288433075,0.48149967193603516,0.34058423340320587,0.265346884727478,-0.8519619018895878,0.08487844467163086,0.03462161123752594,0.05025683343410492,0.8488604426383972,0.9504463871320089,0.3420448341281894,0.4802469169938712,-0.5000329585281604,0.0382274049314069,0.05040510605165961
adl-17-cam0-rgb,adl,125,112030,0.34611351788043976,0.47643308341503143,0.34474697709083557,0.25927872955799103,-0.3605545311859781,0.07540756464004517,0.034560516476631165,0.040847048163414,0.8627938032150269,0.9549797674020132,0.3450130892522402,0.47736166307936434,-0.11712889491665912,0.035583974479080745,0.044618410078478
adl-17-cam0-rgb,adl,127,112096,0.34593164920806885,0.4724448174238205,0.3473378121852875,0.25557052344083786,0.37148743382886895,0.07504358887672424,0.03579598665237427,0.039247602224349976,0.8749345541000366,0.9588651160399119,0.34566015714690745,0.4744310092616384,0.49957645455703376,0.03512943539268522,0.039840517364023
adl-17-cam0-rgb,adl,129,112162,0.34321215748786926,0.4729365259408951,0.3481053411960602,0.25052762776613235,1.2603522413177572,0.07545739412307739,0.038491517305374146,0.03696587681770325,0.886614203453064,0.9625889162222544,0.34503303874622643,0.4719890885667877,0.855496930530274,0.0369711311864646,0.038268868670319006
adl-17-cam0-rgb,adl,131,112228,0.3427211195230484,0.46992339193820953,0.3463982790708542,0.2491801679134369,0.9543497382777463,0.07730850577354431,0.03927259147167206,0.03803591430187225,0.8957614898681641,0.9653217295805613,0.3438975126583334,0.46980377115728467,0.6675393887438024,0.03872962076684608,0.03949675938009694
adl-17-cam0-rgb,adl,133,112294,0.34233996272087097,0.46822020411491394,0.343542143702507,0.2440304160118103,0.30723627890058236,0.08299928903579712,0.040569812059402466,0.04242947697639465,0.9044187068939209,0.9682689209779104,0.34332910844515874,0.4678879908540025,-0.29769602367639375,0.03908057304429796,0.04210978946386472
adl-17-cam0-rgb,adl,135,112360,0.34228837490081787,0.46697911620140076,0.335635244846344,0.24231228977441788,-1.6962223906646616,0.08584702014923096,0.04133492708206177,0.04451209306716919,0.9109052419662476,0.9707533816496531,0.34152779544328665,0.46579905550975237,-1.6069771904016936,0.040871482842412286,0.04236424246649715
adl-17-cam0-rgb,adl,137,112426,0.34027789533138275,0.46225182712078094,0.325286328792572,0.2415476068854332,-3.885907027237392,0.08403429388999939,0.041237518191337585,0.042796775698661804,0.9169924259185791,0.9730765124162039,0.33795596710789205,0.46372659607625044,-3.061118205303599,0.044630772559157636,0.040450777132789745
adl-17-cam0-rgb,adl,139,112492,0.33477742969989777,0.4614714980125427,0.31505292654037476,0.23914624750614166,-5.069957587832524,0.08438292145729065,0.04676555097103119,0.03761737048625946,0.9206834435462952,0.974843849738439,0.33245891035893216,0.4620793446317889,-4.510663726974935,0.05058049471863413,0.03596119150454859
adl-17-cam0-rgb,adl,141,112558,0.323676273226738,0.46084195375442505,0.3021875470876694,0.23425863683223724,-5.417617855072543,0.08671289682388306,0.059920743107795715,0.02679215371608734,0.9244189262390137,0.9764890770117441,0.32581547954123724,0.4606726121205781,-5.879717127860122,0.057576038685195806,0.028690844967767748
adl-17-cam0-rgb,adl,143,112624,0.3170368820428848,0.460649237036705,0.28870317339897156,0.2324385643005371,-7.077393872010504,0.08846521377563477,0.06650416553020477,0.021961048245429993,0.9298524260520935,0.978332499663035,0.3179700762936558,0.45949311083529354,-7.373971511969831,0.06676386212889757,0.022366293968060287
adl-17-cam0-rgb,adl,145,112690,0.31304337084293365,0.45800577104091644,0.27549106627702713,0.2330494374036789,-9.477086877683798,0.08817163109779358,0.07011501491069794,0.018056616187095642,0.9342653155326843,0.9795944094657898,0.31236036231507425,0.45878287317690847,-9.366890642594013,0.0710930675913244,0.0193829997019334
adl-17-cam0-rgb,adl,147,112756,0.3094901591539383,0.4576110541820526,0.2625002786517143,0.23485272377729416,-11.911657501274906,0.08470964431762695,0.06991462409496307,0.01479502022266388,0.938785195350647,0.9807623823483785,0.3101975772029905,0.4573308391359454,-12.196842482705307,0.06695417692134896,0.019202436848636286
adl-17-cam0-rgb,adl,149,112822,0.306989848613739,0.4557383805513382,0.24595239758491516,0.24254170805215836,-15.976229446719326,0.08966901898384094,0.06667143106460571,0.02299758791923523,0.9421888589859009,0.981158435344696,0.31121589204707656,0.45327078341405563,-15.929622314722492,0.0538835202331666,0.022133633881420253
adl-17-cam0-rgb,adl,151,112888,0.31605131924152374,0.4544140249490738,0.24117396771907806,0.250393383204937,-20.153576364716887,0.06180071830749512,0.034116342663764954,0.027684375643730164,0.9121378064155579,0.9758482575416565,0.3139345638163673,0.4534645523085732,-20.388621767549303,0.037446797668159726,0.02350145423567137
adl-17-cam0-rgb,adl,153,112954,0.3194533735513687,0.45196640491485596,0.23287364840507507,0.26697466522455215,-25.080506382625025,0.038778215646743774,0.013540729880332947,0.025237485766410828,0.8492358326911926,0.9597548941771189,0.31769696884341003,0.4553955481810997,-24.986702697862192,0.020237499630296356,0.023703975594920997
adl-17-cam0-rgb,adl,155,113020,0.32142865657806396,0.45112834870815277,0.22171040624380112,0.2824207991361618,-30.586129990652847,0.025918662548065186,0.0007428526878356934,0.025175809860229492,0.7798482775688171,0.9446700314680735,0.3214694865983281,0.4578579757765767,-30.34052946964387,0.008574793671632733,0.0226697820476639
adl-17-cam0-rgb,adl,157,113086,0.3242599368095398,0.4765946567058563,0.21454085409641266,0.3254850059747696,-35.982995604376384,0.017786502838134766,0.0023757219314575195,0.015410780906677246,0.7147699594497681,0.9291635751724243,0.3239864630229541,0.4644885081233393,-35.94394945259717,0.0009437677535143782,0.020161769413328763
adl-17-cam0-rgb,adl,159,113152,0.32506586611270905,0.47275157272815704,0.21319210529327393,0.3397812247276306,-40.0753670295619,0.014639288187026978,0.003239765763282776,0.017879053950309753,0.6535170674324036,0.9149128993352255,0.32535248764536584,0.4750491694067459,-40.97801683639691,-0.0022498952168406236,0.020778810610244787
adl-17-cam0-rgb,adl,161,113218,0.32439443469047546,0.48270849883556366,0.20402484387159348,0.3734135329723358,-47.760713931036015,0.033097147941589355,0.0119534432888031,0.021143704652786255,0.612255334854126,0.9065193434556326,0.3257575481226949,0.48897646290786295,-45.956620170497175,-0.0009419042955744611,0.022389055936883524
adl-17-cam0-rgb,adl,163,113284,0.3242388069629669,0.5086457133293152,0.19695984572172165,0.40791191160678864,-51.64046006654881,0.024568915367126465,0.0005699396133422852,0.02513885498046875,0.5648596286773682,0.8951739072799683,0.3252016444549416,0.5062703886266906,-50.87975945489799,0.004867740517312917,0.02499250539324499
adl-17-cam0-rgb,adl,165,113350,0.3251670002937317,0.5274479389190674,0.19497733563184738,0.43484364449977875,-54.57564476615427,0.020251095294952393,0.01033329963684082,0.030584394931793213,0.5279926061630249,0.886749784151713,0.3236847766421058,0.5269309465632289,-55.74743468959935,0.015179039221821511,0.028589158979329187
adl-18-cam0-rgb,adl,125,118442,0.27727019786834717,0.49357926845550537,0.2746084854006767,0.3115316927433014,-0.837660289287696,0.05195865035057068,0.029256999492645264,0.022701650857925415,0.5203627943992615,0.8496606647968292,0.27825518945852906,0.49459806274283974,-1.1315191719619018,0.030459481206807183,0.02234039947842105
adl-18-cam0-rgb,adl,127,118508,0.28157542645931244,0.49544866383075714,0.2798953205347061,0.3091532737016678,-0.5167082710740937,0.06143072247505188,0.03623907268047333,0.025191649794578552,0.5644499063491821,0.863456149895986,0.2810039470593134,0.49509406559395025,-0.48394340139978553,0.0359322062947533,0.025678123398260616
adl-18-cam0-rgb,adl,129,118574,0.28662627935409546,0.4958280324935913,0.2855328395962715,0.30677059292793274,-0.3313743425362623,0.07014715671539307,0.03952786326408386,0.030619293451309204,0.602820634841919,0.8755673666795095,0.2849893828942662,0.49522745030008825,0.09707796732483787,0.03924584701592784,0.029927738165700567
adl-18-cam0-rgb,adl,131,118640,0.2891080975532532,0.4963395595550537,0.29108695685863495,0.3061845749616623,0.596230459385526,0.0771929919719696,0.04346799850463867,0.03372499346733093,0.6314290165901184,0.8848062853018442,0.29021149696338744,0.4949982168612538,0.6115449342119681,0.04040040337033082,0.0350892437807409
adl-18-cam0-rgb,adl,133,118706,0.29757654666900635,0.49517351388931274,0.29991915822029114,0.3054867088794708,0.7075607168255368,0.08089426159858704,0.039156168699264526,0.04173809289932251,0.6560053825378418,0.8924393753210703,0.2966702892666767,0.4944063652774465,1.0594574992616055,0.03939587535796221,0.04116264024338159
adl-18-cam0-rgb,adl,135,118772,0.3030315637588501,0.4918108880519867,0.30887657403945923,0.30409808456897736,1.7835024653367917,0.08244132995605469,0.03508159518241882,0.047359734773635864,0.6847782731056213,0.9012667636076609,0.30355897590969505,0.49301757434487786,1.8636327953765053,0.035715487418752676,0.048790205415193064
adl-18-cam0-rgb,adl,137,118838,0.3139221966266632,0.49111245572566986,0.32015395164489746,0.30114568769931793,1.8788826543394552,0.08644595742225647,0.028118908405303955,0.058327049016952515,0.7147112488746643,0.9105485677719116,0.3135880874348921,0.49147055836724957,1.9550007893400143,0.028189073393355156,0.05902076799632143
adl-18-cam0-rgb,adl,139,118904,0.3221709132194519,0.489712193608284,0.3310704380273819,0.2983463257551193,2.6626383031839804,0.08740192651748657,0.02386164665222168,0.06354027986526489,0.7311758995056152,0.9149901966253916,0.32550327615304375,0.48995751755320077,1.5141916821901331,0.019616946255489834,0.068433829845288
adl-18-cam0-rgb,adl,141,118970,0.3358517289161682,0.4897741675376892,0.3412364572286606,0.29644346237182617,1.5954137420564367,0.08969783782958984,0.015080094337463379,0.07461774349212646,0.743193507194519,0.9192325274149576,0.3369822049295743,0.4890943069607658,0.925478192797111,0.01583851906128258,0.07216752336654816
adl-18-cam0-rgb,adl,143,119036,0.35329335927963257,0.4875834435224533,0.348403662443161,0.291259303689003,-1.426727676578284,0.0831705629825592,0.003892272710800171,0.07927829027175903,0.7542902827262878,0.9231809874375662,0.3474389365612165,0.48800502840058557,0.29293158085171145,0.015266799242981563,0.06680828132928698
adl-18-cam0-rgb,adl,145,119102,0.358174592256546,0.48684167861938477,0.35562384128570557,0.2889947444200516,-0.7386476277349822,0.07387930154800415,0.013259410858154297,0.060619890689849854,0.7696036100387573,0.9280922611554464,0.35640631396791067,0.4864766826103253,-0.2610031135617103,0.013648979656107995,0.05596127790032003
adl-18-cam0-rgb,adl,147,119168,0.36240652203559875,0.48581768572330475,0.3617204874753952,0.28510016202926636,-0.1958310919492729,0.06349477171897888,0.02619236707687378,0.0373024046421051,0.7575854659080505,0.9259107112884521,0.36389004584256657,0.4848120017743207,-0.6038631996382454,0.011043969751436459,0.04403752469139176
adl-18-cam0-rgb,adl,149,119234,0.36791589856147766,0.48182013630867004,0.3677377700805664,0.2832022160291672,-0.051385128877721176,0.03670009970664978,0.01804998517036438,0.0186501145362854,0.7482699751853943,0.9255400200684866,0.37098529992939533,0.4831382532914472,-0.876083651868276,0.01754827165242395,0.033191920681433194
adl-18-cam0-rgb,adl,151,119300,0.37828217446804047,0.48162905871868134,0.3747582733631134,0.28204405307769775,-1.0115172904266854,0.031363487243652344,0.0045287758111953735,0.02683471143245697,0.743803858757019,0.9212882618109385,0.3782519696207784,0.48158840589967056,-0.9805025565580692,0.01793149661966214,0.024945613432240145
adl-18-cam0-rgb,adl,153,119366,0.3862452656030655,0.4804190546274185,0.3817697614431381,0.28123319149017334,-1.2871614263168267,0.04646226763725281,0.01680968701839447,0.029652580618858337,0.7492431402206421,0.9222638110319773,0.3878350090154832,0.4801977298734501,-1.5740388814199435,0.02245558288706326,0.021198592918775787
adl-18-cam0-rgb,adl,155,119432,0.4003564417362213,0.47987836599349976,0.390089213848114,0.27890223264694214,-2.9245157059695726,0.07291823625564575,0.04565158486366272,0.027266651391983032,0.7441772222518921,0.9244664212067922,0.3972734378658842,0.47901847229633426,-1.9451185512271674,0.026484209157171666,0.021356095547799908
adl-18-cam0-rgb,adl,157,119498,0.40653374791145325,0.4784262925386429,0.3999653160572052,0.27730025351047516,-1.870517177018618,0.005802065134048462,0.01046985387802124,0.016271919012069702,0.7635678052902222,0.930173267920812,0.405919883416328,0.47876999743314974,-1.8857583818292243,0.029818423382647577,0.022373459039828444
adl-18-cam0-rgb,adl,159,119564,0.41436466574668884,0.47936925292015076,0.4086626023054123,0.2759922295808792,-1.6059759394289095,0.06756293773651123,0.050468116998672485,0.017094820737838745,0.7422317266464233,0.9279520114262899,0.41352113713691696,0.47952988408344577,-1.4377331839985068,0.02946764585517697,0.024405531875498848
adl-18-cam0-rgb,adl,161,119630,0.41913025081157684,0.47995248436927795,0.41747505962848663,0.2714882642030716,-0.4549148827095408,0.009679019451141357,0.020064011216163635,0.029743030667304993,0.7432670593261719,0.9283877412478129,0.4208976812821956,0.48103234410543905,-0.8462427291022919,0.022999920950823496,0.029001465155964766
adl-18-cam0-rgb,adl,163,119696,0.427727073431015,0.48470403254032135,0.4279443025588989,0.2674965560436249,0.057301471690591826,0.04475829005241394,0.00843435525894165,0.03632393479347229,0.7359963059425354,0.9220531185468038,0.4276983690210229,0.48551376512298267,-0.009431568662361611,0.013758890169523476,0.034093840168668024
adl-18-cam0-rgb,adl,165,119762,0.43716564774513245,0.490265890955925,0.43723760545253754,0.2637427747249603,0.018200671382548956,0.05509185791015625,0.007649421691894531,0.04744243621826172,0.7364046573638916,0.913267195224762,0.4371110897559618,0.4907999859227755,0.127389303488613,0.011785836059809748,0.039109511679901135
adl-18-cam0-rgb,adl,167,119828,0.4470987021923065,0.4932347238063812,0.4477606564760208,0.26207345724105835,0.1640719640490302,0.048935920000076294,0.008385539054870605,0.04055038094520569,0.6988678574562073,0.9058230022589365,0.4479689675492119,0.4951904770228762,-0.1255305870538984,0.005980420938301906,0.0409014320476746
adl-18-cam0-rgb,adl,169,119894,0.45865581929683685,0.5034505128860474,0.4588863253593445,0.26384252309799194,0.05511928242174888,0.04349541664123535,0.007699832320213318,0.035795584321022034,0.6641188263893127,0.892200380563736,0.4602284236000723,0.49720259739722966,-0.6149359619535121,0.012379963096086063,0.04005697272814708
adl-18-cam0-rgb,adl,171,119960,0.4752282202243805,0.4969540536403656,0.46781688928604126,0.2639472931623459,-1.8218135218913132,0.05937105417251587,0.019373029470443726,0.039998024702072144,0.6674166917800903,0.8905814290046692,0.47267269443123816,0.4963866678022196,-1.1343307069559267,0.018194962631572352,0.04119572172433261
adl-18-cam0-rgb,adl,173,120026,0.4862596094608307,0.49208927154541016,0.47853177785873413,0.2637142390012741,-1.9380544817464638,0.06701791286468506,0.022750526666641235,0.04426738619804382,0.637773871421814,0.883112221956253,0.4859999440191105,0.4925949341936022,-1.6370703754015237,0.019337776290389852,0.045269717643787274
adl-18-cam0-rgb,adl,175,120092,0.49816226959228516,0.4856680929660797,0.49340344965457916,0.26509450376033783,-1.2359503494490325,0.07899981737136841,0.026961445808410645,0.052038371562957764,0.6017590165138245,0.8723378976186117,0.4996880949575656,0.4868106089242086,-1.7365510194762863,0.017957015729053685,0.05583719838233213
adl-18-cam0-rgb,adl,177,120158,0.5108515173196793,0.48276348412036896,0.5062287449836731,0.2691790908575058,-1.2399033145356702,0.08337241411209106,0.016822680830955505,0.06654973328113556,0.5622959136962891,0.8626024425029755,0.5124601252151251,0.4821156144658202,-1.122892148998018,0.01956600866792519,0.06669362411870575
adl-18-cam0-rgb,adl,179,120224,0.5253169238567352,0.4778549373149872,0.5240862220525742,0.27348390221595764,-0.3450252470737547,0.08283016085624695,0.006110101938247681,0.07672005891799927,0.5374961495399475,0.8614290952682495,0.5228893466971135,0.4810963718535062,0.1780108575459092,0.02081575129197272,0.07071179968196074
adl-18-cam0-rgb,adl,181,120290,0.5347877442836761,0.47940240800380707,0.5430237203836441,0.27963073551654816,2.360793139452853,0.10178068280220032,0.017904549837112427,0.08387613296508789,0.535382866859436,0.8635970155398051,0.5320566764383602,0.4819569237239946,2.0920173373116593,0.0220424927158273,0.07252546559164531
adl-18-cam0-rgb,adl,183,120356,0.5403820276260376,0.4887037128210068,0.5578030645847321,0.2846653163433075,4.8801449787558004,0.10893628001213074,0.03599119186401367,0.07294508814811707,0.5237215757369995,0.859198808670044,0.5399621144388658,0.48469727007728597,4.619127290299229,0.023246232939488944,0.07213462184775954
adl-18-cam0-rgb,adl,185,120422,0.5446402430534363,0.4885478913784027,0.5710406303405762,0.28993964195251465,7.571764369738233,0.08370763063430786,0.021790683269500732,0.06191694736480713,0.502432644367218,0.8497682213783264,0.5466056606986301,0.48931741091338027,7.759340716508618,0.024426971962957657,0.06953926845030343
adl-19-cam0-rgb,adl,115,125184,0.2572977989912033,0.5018949508666992,0.2573060616850853,0.3175238072872162,0.0025677417698799186,0.045321330428123474,0.03412593901157379,0.011195391416549683,0.5050143003463745,0.837677945693334,0.2569043537884046,0.5008211038329383,-0.41732601992417306,0.029991737730575316,0.0108532359202703
adl-19-cam0-rgb,adl,117,125250,0.2574368715286255,0.500417947769165,0.2578863799571991,0.31634408235549927,0.13991603077257447,0.030829861760139465,0.023155808448791504,0.007674053311347961,0.5096299052238464,0.8391453325748444,0.25741562175028243,0.5010774667515898,0.6515926072060056,0.026322241804816494,0.00943450629711152
adl-19-cam0-rgb,adl,119,125316,0.25731684267520905,0.5007412135601044,0.26145604997873306,0.3160988986492157,1.2842093844178144,0.030849948525428772,0.020323559641838074,0.010526388883590698,0.523127555847168,0.8431451419989268,0.25774814973532895,0.5012256170506084,1.541835419892743,0.02374600243645828,0.010211862978481114
adl-19-cam0-rgb,adl,121,125382,0.2572629898786545,0.4996180087327957,0.26475635170936584,0.3147529810667038,2.321169702418145,0.03696496784687042,0.02122338116168976,0.015741586685180664,0.521750271320343,0.8422255019346873,0.2579019377435441,0.5012655547299941,2.25340241813604,0.022263019625500674,0.013185305964379083
adl-19-cam0-rgb,adl,123,125448,0.25778037309646606,0.5018726289272308,0.2679736092686653,0.3145773410797119,3.115154840072576,0.04006682336330414,0.02178296446800232,0.01828385889530182,0.5662149786949158,0.8564826746781667,0.25787698577492746,0.5011972797897464,2.786293601935894,0.02187329337194365,0.018354835254805406
adl-19-cam0-rgb,adl,125,125514,0.2582671642303467,0.5019456744194031,0.268791064620018,0.31266748905181885,3.1823788013917054,0.05135798454284668,0.026087284088134766,0.025270700454711914,0.6006017327308655,0.8683218856652578,0.2582606399730167,0.5014975783757826,3.252355897602232,0.02388606907485364,0.0277127705482177
adl-19-cam0-rgb,adl,127,125580,0.2574853003025055,0.5014330446720123,0.2688344195485115,0.30996377766132355,3.3921720740587338,0.061020419001579285,0.02685469388961792,0.034165725111961365,0.6331537961959839,0.879416267077128,0.2586257795428297,0.5011312283607781,3.241668485490387,0.025606916225575746,0.03817857695477344
adl-19-cam0-rgb,adl,129,125646,0.25743192434310913,0.5006432384252548,0.2680441290140152,0.307756707072258,3.1491164610437643,0.07277901470661163,0.02695569396018982,0.045823320746421814,0.665928065776825,0.8901684383551279,0.25680048628286845,0.500518159432844,3.37246544956151,0.028129898624502693,0.046706890905058154
adl-19-cam0-rgb,adl,131,125712,0.255251407623291,0.4989624321460724,0.265869140625,0.304774671792984,3.129682948174668,0.09154309332370758,0.029148012399673462,0.06239508092403412,0.6926231384277344,0.8988971710205078,0.25306597293971383,0.4992592706953801,3.3521142308239176,0.03126607009600763,0.05248029284921035
adl-19-cam0-rgb,adl,133,125778,0.24984686076641083,0.49736301600933075,0.25948455184698105,0.3044442683458328,2.8599622230556982,0.09121862053871155,0.0349150151014328,0.05630360543727875,0.7187303900718689,0.9075344403584799,0.247853621808223,0.49792732156458286,3.229666432782019,0.0358193930544894,0.053906539527626696
adl-19-cam0-rgb,adl,135,125844,0.23814057558774948,0.4970368295907974,0.2514311149716377,0.30310459434986115,3.920457143723923,0.08803151547908783,0.04185719043016434,0.04617432504892349,0.7405090928077698,0.9149372080961863,0.24127950938620057,0.4962083970829515,2.894980402601954,0.04070432326107308,0.049810550784393746
adl-19-cam0-rgb,adl,137,125910,0.2339129000902176,0.4954954832792282,0.24105254560709,0.3018583208322525,2.111610834728311,0.086794912815094,0.04480411112308502,0.04199080169200897,0.7618341445922852,0.9222570260365804,0.2341581871047677,0.49485795290181056,2.2883997076384226,0.046081299357341926,0.042961900400650906
adl-19-cam0-rgb,adl,139,125976,0.22862809151411057,0.4936859905719757,0.23323321342468262,0.30061356723308563,1.3663475390966673,0.08653655648231506,0.050147123634815216,0.03638943284749985,0.7838296890258789,0.9294228057066599,0.2282833565687717,0.4941670296641132,1.3969952204904434,0.04830403584035437,0.03652582543365877
adl-19-cam0-rgb,adl,141,126042,0.22258906811475754,0.49273258447647095,0.22392690926790237,0.299958273768425,0.39762259239158687,0.07442381978034973,0.0451815202832222,0.029242299497127533,0.8046507239341736,0.9361735880374908,0.22365971603047763,0.4942512040014383,0.4338186109660872,0.043779584139714445,0.035052680511237166
adl-19-cam0-rgb,adl,143,126108,0.2201027348637581,0.4955165833234787,0.21762490272521973,0.2994449734687805,-0.7240302002171783,0.07724626362323761,0.043342433869838715,0.033903829753398895,0.8094842433929443,0.9369507332642873,0.22031370624577296,0.49492304981786894,-0.628109814345465,0.0361803183694938,0.03309085539409087
adl-19-cam0-rgb,adl,145,126174,0.2185579389333725,0.4973335862159729,0.21463242173194885,0.30018338561058044,-1.140682845298302,0.06063540279865265,0.025688424706459045,0.034946978092193604,0.8176684975624084,0.9409142434597015,0.21683716454676188,0.4972166259696466,-1.1585837821983374,0.027755678957932916,0.02960515354489863
adl-19-cam0-rgb,adl,147,126240,0.21312309801578522,0.49982522428035736,0.2092059776186943,0.3000199645757675,-1.1231221851626891,0.04119786620140076,0.010418921709060669,0.030778944492340088,0.7879012823104858,0.9373092651367188,0.21349099762253915,0.500230164883972,-1.1270455898351006,0.020990045168699095,0.025429840340758778
adl-19-cam0-rgb,adl,149,126306,0.21029025316238403,0.5022815465927124,0.20607074350118637,0.30002178251743317,-1.1951216932910604,0.03182986378669739,0.016615286469459534,0.015214577317237854,0.7482717633247375,0.9300461908181509,0.21040284359480882,0.5031635531615378,-0.6278304474652576,0.01626053429914241,0.021142729529828704
adl-19-cam0-rgb,adl,151,126372,0.20770104974508286,0.5071366429328918,0.20808124542236328,0.30267535150051117,0.10654135282718144,0.030610188841819763,0.017593972384929657,0.013016216456890106,0.7138631939888,0.9232507248719534,0.20759420196860354,0.5054689134870249,0.16557012212776084,0.014490200295334751,0.01575045297285177
adl-19-cam0-rgb,adl,153,126438,0.20373614132404327,0.506941020488739,0.21150937676429749,0.30265265703201294,2.17907090606017,0.03258925676345825,0.02022537589073181,0.01236388087272644,0.7060630917549133,0.9231337706247965,0.20516632835973364,0.5071721698169577,1.1746659295599498,0.016320289761731097,0.013833566177717
adl-19-cam0-rgb,adl,155,126504,0.20320739597082138,0.5070113241672516,0.21188586205244064,0.3033805787563324,2.4403915644080567,0.02800580859184265,0.01378776878118515,0.014218039810657501,0.6748500466346741,0.9159646232922872,0.20278769154182213,0.5061221242079996,2.59972763763625,0.017660034006034116,0.01160039810778257
adl-19-cam0-rgb,adl,157,126570,0.20238155126571655,0.5064041614532471,0.2150365561246872,0.30578386783599854,3.6094003591593635,0.031515881419181824,0.018022090196609497,0.013493791222572327,0.6557886600494385,0.9133776724338531,0.20036690998257983,0.5048345015807578,4.152540710115616,0.015976169118375468,0.01208434705481383
adl-19-cam0-rgb,adl,159,126636,0.19835291802883148,0.5032793879508972,0.21849840879440308,0.30578775703907013,5.8244135373337045,0.031711071729660034,0.015524804592132568,0.016186267137527466,0.6513096690177917,0.9138378898302714,0.1983889609381747,0.5026957439137736,5.813687653697819,0.014427492983671474,0.011795575968372857
adl-19-cam0-rgb,adl,161,126702,0.19434354454278946,0.4978543370962143,0.22232826799154282,0.31079669296741486,8.5086199004965,0.016207382082939148,0.013930343091487885,0.0022770389914512634,0.6580657362937927,0.9161005318164825,0.19687837304232927,0.5023247854405144,7.881497505431566,0.013791531711429727,0.011734127998352033
adl-19-cam0-rgb,adl,163,126768,0.1952870413661003,0.5062807202339172,0.2272827848792076,0.32769396901130676,10.157392753977271,0.028226464986801147,0.01427844911813736,0.013948015868663788,0.6703987121582031,0.9196905295054117,0.19516516847785903,0.5057362373515117,10.746082317153537,0.01692887837494604,0.011953657065635101
adl-19-cam0-rgb,adl,165,126834,0.19480276107788086,0.5068439841270447,0.23575852811336517,0.337571457028389,13.601417483706367,0.031453534960746765,0.018335863947868347,0.013117671012878418,0.6871140599250793,0.9238952696323395,0.19383051581842015,0.5106329737932643,13.766152782193764,0.01973454199441065,0.011073919698531477
adl-19-cam0-rgb,adl,167,126900,0.19320157170295715,0.517249345779419,0.24238605052232742,0.3601434975862503,17.383557246871213,0.039872586727142334,0.02731478214263916,0.012557804584503174,0.6998001933097839,0.9275094072024027,0.19395372061889382,0.514259399918766,16.966400650192536,0.02604697157681243,0.00881035229215373
adl-19-cam0-rgb,adl,169,126966,0.19073226302862167,0.5268186628818512,0.24492042511701584,0.387866273522377,21.304613347990554,0.04848407208919525,0.038765959441661835,0.009718112647533417,0.6894165873527527,0.9261545737584432,0.19178778442727512,0.5186266044388594,20.931128338007433,0.035547126358721634,0.010224946778574016
adl-19-cam0-rgb,adl,171,127032,0.18854977190494537,0.5198906362056732,0.24800080806016922,0.38916151225566864,24.454381219079277,0.038576528429985046,0.040498390793800354,0.0019218623638153076,0.6309382915496826,0.9117688139279684,0.18684110528269363,0.5232212822803687,25.122997389779655,0.044972212783572975,0.009354263966604737
adl-19-cam0-rgb,adl,173,127098,0.184832401573658,0.517635315656662,0.2477673515677452,0.40662118792533875,29.54930736362666,0.054526254534721375,0.05858037620782852,0.004054121673107147,0.5954102277755737,0.9028794864813486,0.18003858854566807,0.5277844375217114,29.709284821119105,0.05579137639243364,0.007845914489650099
adl-19-cam0-rgb,adl,175,127164,0.16796010732650757,0.5338211357593536,0.2461976781487465,0.4253182113170624,35.79402260216551,0.057006895542144775,0.07160219550132751,0.01459529995918274,0.575619101524353,0.8980455696582794,0.17138023421619866,0.5323160701628884,34.68999063202582,0.06800461718530365,0.005699898347710111
adl-19-cam0-rgb,adl,177,127230,0.16070546954870224,0.5402996242046356,0.2430456206202507,0.4402686804533005,39.45939451117165,0.07773549854755402,0.0784400925040245,0.0007045939564704895,0.5274622440338135,0.8823520243167877,0.1608660422942854,0.5368161802038997,40.065114822499794,0.081611935162183,0.0029162155407847718
adl-20-cam0-rgb,adl,109,131794,0.2733820155262947,0.5105890035629272,0.27517715841531754,0.33580487966537476,0.5884430035706033,0.038642942905426025,0.010828964412212372,0.027813978493213654,0.5159010887145996,0.8577363888422648,0.27394447705962427,0.5110656345432452,0.5265602505239803,0.015730507987918273,0.02661413198167627
adl-20-cam0-rgb,adl,111,131860,0.2691640332341194,0.5082453191280365,0.27224258333444595,0.32847684621810913,0.9810991045323265,0.03818915784358978,0.015426985919475555,0.022762171924114227,0.5245133638381958,0.8586615324020386,0.2686397000695719,0.507768988970554,1.1227814058731633,0.015116117849494466,0.0225868005192641
adl-20-cam0-rgb,adl,113,131926,0.26338718086481094,0.5077498555183411,0.27000948786735535,0.322309747338295,2.045237535297933,0.0381341278553009,0.020807825028896332,0.01732630282640457,0.5422110557556152,0.8640320897102356,0.2648547874481388,0.5048014189644807,1.5576510238174692,0.015029614328434965,0.019798625060619208
adl-20-cam0-rgb,adl,115,131992,0.2644435688853264,0.4981192499399185,0.269292876124382,0.31540581583976746,1.5203021576079865,0.04174083471298218,0.02332261949777603,0.018418215215206146,0.5588101744651794,0.8679851690928141,0.2625897391953251,0.5021629245250253,1.8311691043568978,0.01547099742473977,0.018249605605741594
adl-20-cam0-rgb,adl,117,132058,0.26393891870975494,0.49922530353069305,0.2683204263448715,0.3136518895626068,1.3525389053046013,0.031098946928977966,0.013334795832633972,0.017764151096343994,0.5656828880310059,0.8691506485144297,0.2618445553111304,0.4998535056521875,1.943335647491447,0.01644026713840887,0.01793974215463124
adl-20-cam0-rgb,adl,119,132124,0.26212719827890396,0.49870768189430237,0.26840517669916153,0.3100363612174988,1.9057957497060882,0.03323069214820862,0.015552423894405365,0.017678268253803253,0.5727499127388,0.8712466160456339,0.26253411118989345,0.4977926471919717,1.8525916678707621,0.015244521652207209,0.019558247259426915
adl-20-cam0-rgb,adl,121,132190,0.2620374411344528,0.4970404803752899,0.26945894956588745,0.3065352439880371,2.230942323346505,0.03505946695804596,0.011275902390480042,0.023783564567565918,0.5756838917732239,0.8717829485734304,0.26499431783502714,0.4961930356629476,1.5530295974776505,0.016130123303566123,0.022002232216653338
adl-20-cam0-rgb,adl,123,132256,0.26794537901878357,0.4962782710790634,0.2734563425183296,0.30735333263874054,1.670851078031859,0.048966407775878906,0.022574305534362793,0.026392102241516113,0.6071168184280396,0.8811975121498108,0.2682000750200053,0.4956632871906471,1.3746911143706502,0.022348157319671633,0.024434954057008122
adl-20-cam0-rgb,adl,125,132322,0.27577119320631027,0.49259865283966064,0.276940256357193,0.30352674424648285,0.35426484787883655,0.05736878514289856,0.03067518025636673,0.02669360488653183,0.6428177356719971,0.8918097615242004,0.27355739316253913,0.49388290309544697,1.0386617694835767,0.03276346220727602,0.028032767211461956
adl-20-cam0-rgb,adl,127,132388,0.2800852358341217,0.4926302284002304,0.2825123742222786,0.303573876619339,0.7355327933772422,0.07458935678005219,0.04342198371887207,0.031167373061180115,0.6630617380142212,0.898681253194809,0.2798139459062444,0.4926258986130414,0.8489137368765054,0.043567648858993016,0.031791550546755476
adl-20-cam0-rgb,adl,129,132454,0.2862575054168701,0.49156755208969116,0.2895769700407982,0.30329424142837524,1.0100826764117068,0.09412501752376556,0.057710111141204834,0.03641490638256073,0.6886926293373108,0.9064757327238718,0.2864302580297247,0.49143118556443677,1.0372564273932237,0.05323650139621834,0.03598356921048386
adl-20-cam0-rgb,adl,131,132520,0.2948545813560486,0.4902612417936325,0.29869748651981354,0.30376720428466797,1.1804725449970448,0.10260975360870361,0.05903208255767822,0.04357767105102539,0.7139818668365479,0.9137273629506429,0.2931057029601295,0.490225626857249,1.7405920022392571,0.0588174168810699,0.04258013390875476
adl-20-cam0-rgb,adl,133,132586,0.30052030086517334,0.49023693799972534,0.30859167873859406,0.3040221035480499,2.481900020726372,0.10951066017150879,0.059994399547576904,0.049516260623931885,0.7245401740074158,0.917258640130361,0.30221906765585815,0.4893031482830701,2.311394926437308,0.05945363089248723,0.05214281751092886
adl-20-cam0-rgb,adl,135,132652,0.312280610203743,0.4875066429376602,0.32115083932876587,0.3040537089109421,2.7681824416092065,0.11481285095214844,0.05354325473308563,0.061269596219062805,0.7475783824920654,0.9240913391113281,0.31486197983547676,0.48815359897685706,2.094100503972709,0.05431020943633398,0.06503702248587744
adl-20-cam0-rgb,adl,137,132718,0.32696662843227386,0.48684513568878174,0.33449339866638184,0.3034738451242447,2.3504781815699363,0.12272623181343079,0.047845229506492615,0.07488100230693817,0.7681853175163269,0.9306730727354685,0.32941473562480006,0.4871597648053967,1.3096328535614514,0.043904244254677774,0.07663843906545008
adl-20-cam0-rgb,adl,139,132784,0.34708328545093536,0.48649729788303375,0.3464035540819168,0.3022281974554062,-0.21135156090008717,0.11938998103141785,0.03138013184070587,0.08800984919071198,0.787269651889801,0.9365536173184713,0.3445886525756864,0.48651273967899733,0.15854606149857825,0.031696207724608336,0.08492955075197908
adl-20-cam0-rgb,adl,141,132850,0.36229994893074036,0.48646315932273865,0.35564063489437103,0.3015463203191757,-2.0624718379484177,0.11387309432029724,0.019269436597824097,0.09460365772247314,0.8040515780448914,0.9417070746421814,0.35951442390809274,0.4863281052607987,-1.1914709079721253,0.02018815524134282,0.08479337000743639
adl-20-cam0-rgb,adl,143,132916,0.37187257409095764,0.4858390837907791,0.3639041930437088,0.3010421544313431,-2.4690451419717805,0.08329173922538757,0.006126761436462402,0.07716497778892517,0.8109309077262878,0.9434300263722738,0.3712872463516337,0.48656111729867463,-2.0955810552079503,0.010909261706071484,0.07679855817066114
adl-20-cam0-rgb,adl,145,132982,0.379744753241539,0.4866647571325302,0.3721901774406433,0.30001200735569,-2.3177220159870946,0.06573346257209778,0.0027834326028823853,0.0629500299692154,0.7915968298912048,0.9385953148206075,0.3796953834367515,0.48632034917414374,-2.415069667397673,0.00476016181629973,0.06274477879464359
adl-20-cam0-rgb,adl,147,133048,0.38628900051116943,0.4866269826889038,0.3793201595544815,0.29771944880485535,-2.1126960207830106,0.031629979610443115,0.005721062421798706,0.03735104203224182,0.7414079308509827,0.9227601190408071,0.38553563508636457,0.48547031978766053,-2.148113138799778,0.0019950109384792693,0.043707483903670144
adl-20-cam0-rgb,adl,149,133114,0.38963207602500916,0.48454664647579193,0.3845099210739136,0.29705654084682465,-1.564908606592019,0.027947843074798584,0.0020543336868286133,0.030002176761627197,0.7117673754692078,0.9121276239554087,0.3917457237517157,0.48429814871255383,-2.036888878836683,0.0016100580171073142,0.027704489114996636
adl-20-cam0-rgb,adl,151,133180,0.396169051527977,0.48245179653167725,0.3905787914991379,0.29512862861156464,-1.70936288788375,0.021160483360290527,0.002544119954109192,0.018616363406181335,0.6767496466636658,0.9021473129590353,0.3980553804279916,0.48278642332915034,-2.04256727385488,0.0018203076604124762,0.019248870157060144
adl-20-cam0-rgb,adl,153,133246,0.4047911614179611,0.4808242619037628,0.39792709052562714,0.2931897044181824,-2.095067142673967,0.008454382419586182,0.00029639899730682373,0.008750781416893005,0.6547790765762329,0.8967537681261698,0.40449084012539294,0.4810778931492844,-2.1370317643159806,0.001835632762867649,0.016541985206273705
adl-20-cam0-rgb,adl,155,133312,0.41346752643585205,0.4810328036546707,0.4048355519771576,0.29171299934387207,-2.610574280804644,0.02628415822982788,0.004335135221481323,0.021949023008346558,0.6240546107292175,0.8887841403484344,0.41049751710324,0.48014280180652347,-1.8554847812469155,0.002860050374295285,0.019753877154160344
adl-20-cam0-rgb,adl,157,133378,0.41576801240444183,0.4808659851551056,0.4113119840621948,0.2901051789522171,-1.338142778828303,0.02535039186477661,0.002739235758781433,0.028089627623558044,0.6423524618148804,0.8949775695800781,0.4164186449665006,0.4815584947536511,-1.308610493441798,0.006613980575557385,0.02536123378194252
adl-20-cam0-rgb,adl,159,133444,0.42097119987010956,0.4834553599357605,0.41931280493736267,0.2877896875143051,-0.4856076901406287,0.02447289228439331,0.009399935603141785,0.033872827887535095,0.6261301636695862,0.8931037684281667,0.420985756175858,0.48504957576076635,-0.143920640158824,0.009658588410971985,0.03358767449339742
adl-20-cam0-rgb,adl,161,133510,0.42396552860736847,0.48952819406986237,0.4300777167081833,0.2844245582818985,1.7069369229266875,0.024822145700454712,0.014529868960380554,0.039352014660835266,0.6127591133117676,0.8898326754570007,0.42459595448526927,0.4930900716549383,1.2687067668395564,0.010641765929919802,0.03923148884401687
adl-20-cam0-rgb,adl,163,133576,0.4298390597105026,0.4994038939476013,0.43880119919776917,0.2836490869522095,2.378615545791398,0.06151306629180908,0.016041919589042664,0.04547114670276642,0.6205659508705139,0.8920256594816843,0.4289933937839609,0.49829791215332997,2.4892844698220973,0.011703263307030566,0.04303911257357818
adl-20-cam0-rgb,adl,165,133642,0.4333641827106476,0.5060803592205048,0.44882142543792725,0.28300756216049194,3.9638244277207972,0.053675174713134766,0.00813177227973938,0.045543402433395386,0.6143373250961304,0.8856215476989746,0.4348475363476445,0.5030357315168745,3.2850268254691746,0.012284559927461448,0.04627208411693566
adl-20-cam0-rgb,adl,167,133708,0.4399420917034149,0.5143289566040039,0.4550160616636276,0.28069277107715607,3.6915490433524694,0.0364232063293457,0.00548890233039856,0.04191210865974426,0.5748398900032043,0.8731375734011332,0.4409180969128874,0.504823742600488,3.765421177181185,0.01230956835922224,0.047487021485964426
adl-20-cam0-rgb,adl,169,133774,0.4494919329881668,0.4943532943725586,0.46263785660266876,0.27305762469768524,3.3996228807861075,0.03798529505729675,0.01562647521495819,0.053611770272254944,0.5739551186561584,0.8754988213380178,0.44754472033673,0.5047677605957175,3.953439397072734,0.011699721881579517,0.04732473144928611
adl-20-cam0-rgb,adl,171,133840,0.45548926293849945,0.5040877759456635,0.4707229882478714,0.27602067589759827,3.8213910336818993,0.03572013974189758,0.01016642153263092,0.0458865612745285,0.542873740196228,0.8660134871800741,0.4547274066191726,0.5028677855025632,3.8490814851438238,0.010455020494533295,0.04578521400690075
adl-20-cam0-rgb,adl,173,133906,0.46147844195365906,0.4998979717493057,0.475921630859375,0.27384138107299805,3.655768089318407,0.032001614570617676,0.009390860795974731,0.04139247536659241,0.5096353888511658,0.8568255801995596,0.4624661557602154,0.4991238173210252,3.452347441394455,0.008575464198083572,0.04286846915880835
adl-21-cam0-rgb,adl,103,138272,0.2680497467517853,0.5025759637355804,0.26943790167570114,0.32373596727848053,0.4447205478989513,0.041243165731430054,0.020734339952468872,0.02050882577896118,0.5030730366706848,0.835643877585729,0.26852247556953707,0.5026752169385099,0.45308536245984593,0.01849164723446872,0.020997519339575915
adl-21-cam0-rgb,adl,105,138338,0.2681821882724762,0.5031979084014893,0.2695402055978775,0.31882384419441223,0.4220075885143995,0.04294036328792572,0.021796703338623047,0.021143659949302673,0.5365355014801025,0.84566330909729,0.26721001389351745,0.5020255547129745,0.5859416076686275,0.02179259535941208,0.02082541300491853
adl-21-cam0-rgb,adl,107,138404,0.2673193961381912,0.501089334487915,0.2700391560792923,0.31370921432971954,0.8315707339801442,0.04362015426158905,0.021733805537223816,0.021886348724365234,0.5615397095680237,0.8540838857491811,0.26739123256885117,0.5012382929394771,0.7341203965623451,0.024312130123118794,0.021701527515918136
adl-21-cam0-rgb,adl,109,138470,0.2692021280527115,0.49909669160842896,0.27239200472831726,0.31229400634765625,0.9782980842845518,0.046804651618003845,0.022527024149894714,0.02427762746810913,0.5945718288421631,0.8654347558816274,0.2690661315955382,0.5003134316180174,0.8976217291409989,0.02605025152558886,0.02362586287257474
adl-21-cam0-rgb,adl,111,138536,0.27118001878261566,0.49764811992645264,0.275508776307106,0.3094634413719177,1.3177258003096293,0.052792564034461975,0.026604846119880676,0.0261877179145813,0.6272464394569397,0.8762843708197275,0.2722347109735782,0.49925097074859515,1.076445605404588,0.02700695956682226,0.026598419074888316
adl-21-cam0-rgb,adl,113,138602,0.2765748128294945,0.49821242690086365,0.2808588817715645,0.3075192719697952,1.2869774314811329,0.06166510283946991,0.030093319714069366,0.03157178312540054,0.6552512049674988,0.8864111999670664,0.27683995338358364,0.4982123138842638,1.3031081031507397,0.02877426750603172,0.030164116808088268
adl-21-cam0-rgb,adl,115,138668,0.2828858643770218,0.498407244682312,0.28753437101840973,0.30704475939273834,1.3915341984136393,0.064286008477211,0.03128109872341156,0.03300490975379944,0.6839246153831482,0.8958276212215424,0.28342660113330487,0.49675715324424496,1.4409917094767342,0.028427249941474903,0.03581403337773817
adl-21-cam0-rgb,adl,117,138734,0.29294951260089874,0.4973418563604355,0.29659876227378845,0.30624420940876007,1.0940019297888472,0.06704081594944,0.023769721388816833,0.04327109456062317,0.7094135880470276,0.9047176043192545,0.2910461124855198,0.4951453006370752,1.7048445659289646,0.024319267666443052,0.04352206678746576
adl-21-cam0-rgb,adl,119,138800,0.298579141497612,0.4915612041950226,0.30633048713207245,0.3051304519176483,2.3808504445180936,0.07005980610847473,0.021079376339912415,0.04898042976856232,0.7366622686386108,0.9134920835494995,0.2999685838883053,0.49404985344771113,1.8705585054994023,0.017130510502563385,0.053323142456285805
adl-21-cam0-rgb,adl,121,138866,0.3096242845058441,0.489787295460701,0.31554119288921356,0.30321307480335236,1.8164368690313135,0.07026010751724243,0.009605616331100464,0.06065449118614197,0.7603834867477417,0.9214768707752228,0.3093567166429057,0.49176483301373203,1.8167298097582245,0.007904785955365076,0.05928551063780135
adl-21-cam0-rgb,adl,123,138932,0.31826211512088776,0.4912247508764267,0.32511597871780396,0.30264952778816223,2.08152837176085,0.0674944519996643,0.0019345730543136597,0.06555987894535065,0.7579770088195801,0.923119326432546,0.31891819408961664,0.4896708057943353,1.6043284571451863,0.009139136705563686,0.059964231662935935
adl-21-cam0-rgb,adl,125,138998,0.3291518837213516,0.4913371503353119,0.33271723985671997,0.3008188307285309,1.0721069621552732,0.057675957679748535,0.004136726260185242,0.06181268393993378,0.7608094215393066,0.9255340794722239,0.32851032183799866,0.48853701030537094,1.107064500028688,0.0145523299128462,0.05146627244237174
adl-21-cam0-rgb,adl,127,139064,0.3377417176961899,0.48477621376514435,0.3387249559164047,0.2981555610895157,0.3018684063669629,0.05192294716835022,0.014511123299598694,0.037411823868751526,0.7546486258506775,0.9256607890129089,0.33765592184159615,0.4883198312995747,0.5734466383012846,0.018035484663335766,0.041894926846801406
adl-21-cam0-rgb,adl,129,139130,0.3456442207098007,0.487181156873703,0.34719185531139374,0.2938777953386307,0.4587144042573973,0.07480451464653015,0.051474377512931824,0.023330137133598328,0.7448676824569702,0.9253978331883749,0.3440425314041438,0.487215881997888,0.8585986311431533,0.02157050171197748,0.028712456167002222
adl-21-cam0-rgb,adl,131,139196,0.35321417450904846,0.48775969445705414,0.3540852665901184,0.2912473678588867,0.253976805328828,0.03656020760536194,0.02522045373916626,0.011339753866195679,0.7203191518783569,0.921627422173818,0.3509178265477667,0.48603897654648914,1.061670830558206,0.02736495319124936,0.02145972325430285
adl-21-cam0-rgb,adl,133,139262,0.3565201014280319,0.48614180088043213,0.3628598153591156,0.2899671792984009,1.8509656147612665,0.03960004448890686,0.014366641640663147,0.025233402848243713,0.7233865261077881,0.9233842293421427,0.3590266200758157,0.48562854902568764,1.1603299454752345,0.037592712999422254,0.014786772591211042
adl-21-cam0-rgb,adl,135,139328,0.3624127507209778,0.48383426666259766,0.37223196029663086,0.28851887583732605,2.8780425551929376,0.045007556676864624,0.030711889266967773,0.01429566740989685,0.7319745421409607,0.9270718693733215,0.3682538325781425,0.485622918967044,1.1626018257360948,0.04035054340765068,0.017249148193891922
adl-21-cam0-rgb,adl,137,139394,0.380921334028244,0.4857490807771683,0.3815816342830658,0.28871363401412964,0.19200746267290317,0.08534228801727295,0.0560319721698761,0.02931031584739685,0.7483525276184082,0.9320870538552603,0.378537387687922,0.4851295128142156,0.8782584094329586,0.03783521404514059,0.021903704642217366
adl-21-cam0-rgb,adl,139,139460,0.3932398408651352,0.4857883006334305,0.3919975757598877,0.2874637544155121,-0.3588845560040268,0.04941493272781372,0.06131194531917572,0.011897012591362,0.7362475395202637,0.9298883279164633,0.389768135625046,0.48538148777309365,0.6085806968676987,0.039603175926002016,0.02829038632380494
adl-21-cam0-rgb,adl,141,139526,0.4000476002693176,0.4848736971616745,0.40211866796016693,0.28335750102996826,0.5888323735434565,0.026243478059768677,0.016736239194869995,0.04297971725463867,0.7472286820411682,0.9332172969977061,0.401041424893713,0.4861509538703143,0.27884748500723683,0.03347395612047859,0.031368700972883176
adl-21-cam0-rgb,adl,143,139592,0.4093509763479233,0.48791782557964325,0.41205263137817383,0.28217919170856476,0.7523357748553902,0.025506943464279175,0.015120461583137512,0.04062740504741669,0.7329305410385132,0.9314913153648376,0.4101191019857079,0.4869125101602432,0.76721960340784,0.021272476488377594,0.0389250531083061
adl-21-cam0-rgb,adl,145,139658,0.4171898066997528,0.4881991595029831,0.4247351288795471,0.2823932617902756,2.0996559453307935,0.03570544719696045,0.011050581932067871,0.04675602912902832,0.718237578868866,0.9250181615352631,0.41551376692144326,0.48715647738991297,2.228161487634311,0.005873645409877161,0.05096111940099039
adl-21-cam0-rgb,adl,147,139724,0.4214409589767456,0.48800797760486603,0.43374624848365784,0.28252770006656647,3.4270935798226425,0.047354817390441895,0.000582277774810791,0.046772539615631104,0.7230788469314575,0.9209439059098562,0.4204034431156136,0.4874525334024835,3.9348964382503455,0.003728035724524293,0.05899751844344192
adl-21-cam0-rgb,adl,149,139790,0.4245479851961136,0.4889335036277771,0.44683049619197845,0.28405772149562836,6.207152748225787,0.07393026351928711,0.006425842642784119,0.06750442087650299,0.7401308417320251,0.9157674511273702,0.4252671239437989,0.4893690059969429,5.6965334982905,0.011605323522121857,0.05557498671275704
adl-21-cam0-rgb,adl,151,139856,0.4277842342853546,0.4913994073867798,0.4554992616176605,0.2857039123773575,7.673712036710585,0.08173131942749023,0.0058089494705200195,0.07592236995697021,0.7256264090538025,0.9125282863775889,0.42945732666558456,0.493347640935476,7.601969926269933,0.01472221766457411,0.05159772945430881
adl-21-cam0-rgb,adl,153,139922,0.43559522926807404,0.4966178834438324,0.4696026146411896,0.29212677478790283,9.442020478398348,0.06849917769432068,0.03854583203792572,0.02995334565639496,0.7173092365264893,0.9099945724010468,0.43525437423677094,0.4999106545081895,9.104238547939122,0.016381484605533195,0.04778507893735705
adl-21-cam0-rgb,adl,155,139988,0.44261419773101807,0.5089904367923737,0.48089662194252014,0.3003956526517868,10.399499699052521,0.04940164089202881,0.019978582859039307,0.029423058032989502,0.716631293296814,0.906514436006546,0.4429435124903008,0.5073503220365154,10.486963622486815,0.016911613992798356,0.04285757882254458
adl-21-cam0-rgb,adl,157,140054,0.450234055519104,0.5177651345729828,0.4931231141090393,0.30887165665626526,11.60247022136871,0.04561281204223633,0.005600333213806152,0.040012478828430176,0.6759940385818481,0.8942002654075623,0.4524171799421304,0.5148367127040756,11.448474612561736,0.014299391861601802,0.04013782139722397
adl-21-cam0-rgb,adl,159,140120,0.46324169635772705,0.5223428010940552,0.5071673691272736,0.31984443962574005,12.23891258920152,0.050878703594207764,0.004182040691375732,0.055060744285583496,0.6472294926643372,0.8832350671291351,0.4619620317891556,0.521239644263213,12.707844340783662,0.011469347845940345,0.043923578027522864
adl-21-cam0-rgb,adl,161,140186,0.47137829661369324,0.5236248075962067,0.5196528136730194,0.333880677819252,14.27429260530223,0.04134422540664673,0.008869856595993042,0.05021408200263977,0.6314444541931152,0.878614604473114,0.4641765193505714,0.5154593981705695,11.359090759051888,-0.006069862739348293,0.04763244202126666
adl-21-cam0-rgb,adl,163,140252,0.4796088933944702,0.5272756814956665,0.5298395305871964,0.3421822339296341,15.183238734321458,0.0778951644897461,0.011790812015533447,0.06610435247421265,0.5755155682563782,0.864374707142512,0.4772894157346702,0.5247020204087864,14.278562855848055,0.004930314628076762,0.05966489933011843
adl-21-cam0-rgb,adl,165,140318,0.4824582189321518,0.528389036655426,0.5395620465278625,0.35214608907699585,17.95265164146368,0.0781397819519043,0.013933315873146057,0.06420646607875824,0.5493360161781311,0.8568665683269501,0.4918818379312881,0.542181586458053,21.078955271601785,0.02673536129457096,0.07691492024825247
adl-21-cam0-rgb,adl,167,140384,0.48671798408031464,0.5281910598278046,0.5452296137809753,0.3605424612760544,19.23967849956292,0.07877838611602783,0.010973230004310608,0.06780515611171722,0.5188449025154114,0.8503398895263672,0.5092759156575448,0.5663038831639595,30.593730099390527,0.05961587963811248,0.0990564199172573
adl-21-cam0-rgb,adl,239,142760,0.5589821338653564,0.6377961337566376,0.6621926426887512,0.5538401901721954,50.87358510603795,0.0059760212898254395,0.15112709999084473,0.15710312128067017,0.5047988891601562,0.8357267280419668,0.529471648913441,0.5970689105265063,42.822887339214304,0.10357186965870141,0.12608939833713298
adl-21-cam0-rgb,adl,241,142826,0.5444189310073853,0.6272250115871429,0.65140700340271,0.5608229041099548,58.17420896737256,0.0036172866821289062,0.15018171072006226,0.15379899740219116,0.5181458592414856,0.8421326180299123,0.5524690376989766,0.6344766685456935,57.76642699107312,0.15860333135633764,0.15801385550787955
adl-22-cam0-rgb,adl,55,145608,0.24558335542678833,0.5423616170883179,0.24603962153196335,0.36692507565021515,0.14901150585029266,0.04838573932647705,0.035075217485427856,0.013310521841049194,0.5396140217781067,0.8862586319446564,0.244498373748678,0.5415679182067058,-0.266495414172817,0.03445701052745185,0.02655856875759181
adl-22-cam0-rgb,adl,57,145674,0.257087342441082,0.5290336608886719,0.25505097955465317,0.3639671057462692,-0.7068002381465757,0.05926276743412018,0.029645420610904694,0.029617346823215485,0.5428192019462585,0.8844371736049652,0.25861991350397906,0.5318807066841557,0.1141143368691887,0.02523609747489295,0.026803967401836843
adl-22-cam0-rgb,adl,59,145740,0.2665925770998001,0.5308922231197357,0.26313770562410355,0.36123867332935333,-1.1666257375643434,0.05993643403053284,0.00845693051815033,0.05147950351238251,0.5168651938438416,0.8787404100100199,0.27120481834331617,0.5231457324835643,0.38983485474015095,0.01764850265213423,0.026958783451483864
adl-22-cam0-rgb,adl,75,146268,0.28573447465896606,0.5069930553436279,0.2974008470773697,0.33998481929302216,3.995909606666125,0.040109336376190186,0.01097598671913147,0.029133349657058716,0.5119132399559021,0.8511819640795389,0.2822530882666894,0.5153629956049318,0.5606661394400696,0.011694226059175687,0.027023016906532873
adl-22-cam0-rgb,adl,77,146334,0.29707181453704834,0.5073736310005188,0.2988411635160446,0.3382467031478882,0.5993872891273623,0.031793832778930664,0.013459742069244385,0.01833409070968628,0.5362140536308289,0.8609930475552877,0.2917647232740984,0.5085324960482578,0.6266081909689442,0.007373267696017301,0.02699666776698385
adl-22-cam0-rgb,adl,79,146400,0.3024168610572815,0.5062950253486633,0.2996370196342468,0.3322160542011261,-0.9148700950526937,0.025099903345108032,0.004453897476196289,0.020646005868911743,0.5244126915931702,0.8635405401388804,0.29919923825826433,0.5028236046497948,0.5934749865232389,0.0040498895498065155,0.021849438709356024
adl-22-cam0-rgb,adl,81,146466,0.3024783879518509,0.49882546067237854,0.30160507559776306,0.3237312585115433,-0.2857701543076324,0.023257136344909668,0.002958044409751892,0.020299091935157776,0.5096645355224609,0.8656560778617859,0.3055996907092787,0.4975706845263891,0.2877689196760648,0.007138445973396291,0.019577184990370918
adl-22-cam0-rgb,adl,83,146532,0.30153410136699677,0.494223490357399,0.3042047619819641,0.31540653109550476,0.8556582472986282,0.025922447443008423,0.004835829138755798,0.021086618304252625,0.5035821199417114,0.8691891928513845,0.30980850936788457,0.4952642157093264,-0.2992911657811121,0.00694439634358211,0.024772882913098156
adl-22-cam0-rgb,adl,91,146796,0.32128454744815826,0.4893614202737808,0.321173757314682,0.2976062297821045,-0.03310370028195849,0.03084811568260193,0.00549788773059845,0.03634600341320038,0.5108605027198792,0.8789961735407511,0.31524797338685906,0.4909428701256253,0.3438763257639062,0.005161333587262531,0.030947549841104607
adl-22-cam0-rgb,adl,93,146862,0.3256286531686783,0.48929496109485626,0.3277408927679062,0.2956373691558838,0.6249050933877758,0.05840703845024109,0.01920430362224579,0.0392027348279953,0.5479271411895752,0.8886432449022929,0.3230488130669569,0.48749903489500857,0.7832139286674834,0.004552247526841757,0.03812002935708854
adl-22-cam0-rgb,adl,95,146928,0.3305993378162384,0.48532554507255554,0.33453062176704407,0.2941814512014389,1.1782431869778884,0.04516679048538208,0.0005459487438201904,0.04462084174156189,0.560376763343811,0.894044816493988,0.33218525175924374,0.4848632151301282,1.2073853795413672,0.002558649231345108,0.04642589267714192
adl-22-cam0-rgb,adl,97,146994,0.34231866896152496,0.4854374974966049,0.3474395424127579,0.29332663118839264,1.5269046475605383,0.055145084857940674,0.0012396425008773804,0.056384727358818054,0.5840679407119751,0.9008755087852478,0.3435273755551411,0.4842069538640763,1.2664006759721125,0.012698008062003479,0.05712628371013699
adl-22-cam0-rgb,adl,99,147060,0.35610075294971466,0.4850388318300247,0.3607490509748459,0.2945162206888199,1.3976033222163347,0.05297437310218811,0.01733262836933136,0.07030700147151947,0.5722438097000122,0.9014510711034139,0.3561979400002074,0.48707470291362626,1.4330068211696831,0.026917941190979663,0.07080946914303343
adl-22-cam0-rgb,adl,101,147126,0.36995983123779297,0.4875192791223526,0.37724949419498444,0.29476721584796906,2.1658287864574257,0.12243232131004333,0.03977775573730469,0.08265456557273865,0.5855614542961121,0.9059526224931082,0.3746694439288336,0.49307225528475457,1.2435835185283808,0.04683635380619009,0.09003188373980571
adl-22-cam0-rgb,adl,103,147192,0.39555327594280243,0.5017633885145187,0.39694662392139435,0.30039894580841064,0.39645373034923215,0.20254912972450256,0.09514273703098297,0.10740639269351959,0.6137940287590027,0.9121020336945852,0.39541326185841524,0.501276282650051,1.2503455120612648,0.07050618593826943,0.10979128206447072
adl-22-cam0-rgb,adl,105,147258,0.41691651940345764,0.513404369354248,0.4224514961242676,0.3091753423213959,1.552439433077851,0.20818281173706055,0.08157423138618469,0.12660858035087585,0.6000615954399109,0.9084340532620748,0.41453714004326636,0.5090103699015325,1.84993790438166,0.08589543744083078,0.12013799803597568
adl-22-cam0-rgb,adl,107,147324,0.43618419766426086,0.5190652310848236,0.4436959773302078,0.3110581189393997,2.0682288861778164,0.23015356063842773,0.09746775031089783,0.1326858103275299,0.5943106412887573,0.9062066674232483,0.43120742631164916,0.5151244907668135,2.957118003883071,0.09333860822570259,0.12047308993029886
adl-22-cam0-rgb,adl,109,147390,0.44644029438495636,0.5186845660209656,0.4618254750967026,0.31296421587467194,4.2770098889241,0.20340734720230103,0.08571438491344452,0.1176929622888565,0.593806803226471,0.9041930337746938,0.44541582478073183,0.5197651526241585,4.019731606199718,0.08783707345202875,0.11145053036285152
adl-22-cam0-rgb,adl,111,147456,0.4517931044101715,0.5183345973491669,0.4737056940793991,0.31154757738113403,6.048885398618014,0.1549893617630005,0.07440981268882751,0.08057954907417297,0.6151537299156189,0.9065243899822235,0.4561895895184886,0.5206050765075717,4.93702068394959,0.07598292137379242,0.09231144673638517
adl-22-cam0-rgb,adl,113,147522,0.4626307487487793,0.520438015460968,0.4837050288915634,0.3112497627735138,5.752746893556137,0.14044994115829468,0.07259786128997803,0.06785207986831665,0.6150776147842407,0.8971221148967743,0.46599802727049033,0.5237471446717453,5.017750947784112,0.0700129696172037,0.0790060841933989
adl-22-cam0-rgb,adl,115,147588,0.47485148906707764,0.527300089597702,0.4903893619775772,0.31179171800613403,4.123815455189308,0.10468319058418274,0.04975175857543945,0.054931432008743286,0.5753902196884155,0.8794835408528646,0.4739693509809896,0.5267405556264891,4.616694309470076,0.06355376364864823,0.06359477634037725
adl-22-cam0-rgb,adl,117,147654,0.4818357080221176,0.5259555578231812,0.4933120310306549,0.31311242282390594,3.086351648286651,0.09953171014785767,0.059717848896980286,0.03981386125087738,0.5470965504646301,0.8658036788304647,0.48010356064998705,0.5295853093718034,3.73385076900749,0.05660530346812615,0.046077523177320265
adl-22-cam0-rgb,adl,119,147720,0.4843875467777252,0.5360401570796967,0.49438637495040894,0.3219226598739624,2.673647756910747,0.09284627437591553,0.05279228091239929,0.040053993463516235,0.5204249024391174,0.8532641033331553,0.4844006562774826,0.5322814059076884,2.369220326396353,0.049167589075637445,0.026454324704227997
adl-23-cam0-rgb,adl,71,151030,0.27459076046943665,0.48858030140399933,0.2709641829133034,0.3006472587585449,-1.1055097008057957,0.05150604248046875,0.02842375636100769,0.02308228611946106,0.5288879871368408,0.8593344589074453,0.27979740852659385,0.4890202088789503,-2.1511053516040914,0.028893008105682544,0.0277814159790675
adl-23-cam0-rgb,adl,73,151096,0.2816304713487625,0.4866846352815628,0.275216743350029,0.29698458313941956,-1.936423393126489,0.0672231912612915,0.03879640996456146,0.02842678129673004,0.570138692855835,0.8720150093237559,0.2797386861208712,0.48605609892895696,-1.4341100330481407,0.04556944550889906,0.027340504527091986
adl-23-cam0-rgb,adl,75,151162,0.2887425571680069,0.48472848534584045,0.2818321958184242,0.2964499294757843,-2.101975417127708,0.10098841786384583,0.0651351660490036,0.035853251814842224,0.6055483818054199,0.8825835684935252,0.28227800023117094,0.4837075424013713,-0.8456610492268468,0.059034302824245335,0.029329610225700194
adl-23-cam0-rgb,adl,77,151228,0.29159319400787354,0.48023295402526855,0.2878214791417122,0.29642653465270996,-1.1755466434065875,0.10776498913764954,0.07005324959754944,0.0377117395401001,0.606216549873352,0.8844101130962372,0.28741535085749303,0.48197453929619327,-0.3857584001402099,0.06928758005172139,0.03374873307489212
adl-23-cam0-rgb,adl,79,151294,0.2929866909980774,0.48092271387577057,0.29486894607543945,0.2945389896631241,0.5785999090867411,0.12553942203521729,0.08628189563751221,0.03925752639770508,0.5933154821395874,0.8809624711672465,0.2951507379998372,0.48085708961342255,-0.05440208578823016,0.07632927719132712,0.04059787307466774
adl-23-cam0-rgb,adl,81,151360,0.3000580817461014,0.4805235266685486,0.30457794666290283,0.29599399864673615,1.4031218477703014,0.12683051824569702,0.08298186957836151,0.04384864866733551,0.6062367558479309,0.8849432170391083,0.3034770773860795,0.4795808450871209,0.428542346207585,0.07720704563768384,0.04815442789168578
adl-23-cam0-rgb,adl,83,151426,0.31499001383781433,0.4807899594306946,0.3171348422765732,0.2987445443868637,0.675017998108104,0.12779051065444946,0.06879794597625732,0.05899256467819214,0.6090355515480042,0.8870521485805511,0.3159027440852412,0.4794283827274902,0.6683734052297202,0.07720841867325098,0.05956192198511834
adl-23-cam0-rgb,adl,85,151492,0.334464892745018,0.4814901202917099,0.3332221806049347,0.3008676767349243,-0.3941981733572841,0.13999012112617493,0.0645986944437027,0.07539142668247223,0.6104812026023865,0.887839545806249,0.33439471704877255,0.48185912729341673,0.2475435967482595,0.07981218952379174,0.07770421101159336
adl-23-cam0-rgb,adl,87,151558,0.3552410751581192,0.48222771286964417,0.35433329641819,0.3023165911436081,-0.28909524127505826,0.1812642514705658,0.08554710447788239,0.09571714699268341,0.6136723756790161,0.8912156621615092,0.3564422357650025,0.48689556128276823,-0.2460715465770304,0.0796303812301519,0.09966290526059784
adl-23-cam0-rgb,adl,89,151624,0.3785123974084854,0.4916384071111679,0.37812313437461853,0.30752338469028473,-0.12113675155982623,0.2098388671875,0.09436510503292084,0.11547376215457916,0.62885981798172,0.8962125480175018,0.37904674866240723,0.49328205763519506,-0.5387149875508135,0.08432047210988532,0.11724444662595707
adl-23-cam0-rgb,adl,91,151690,0.40351833403110504,0.5027216970920563,0.39984241127967834,0.30882319808006287,-1.0860818107893744,0.22119268774986267,0.08707781136035919,0.13411487638950348,0.6216315031051636,0.8961978157361349,0.3992065207395713,0.4987131945498571,-0.26123641274845355,0.08584313765490713,0.12581255561087534
adl-23-cam0-rgb,adl,93,151756,0.41774237155914307,0.5096122920513153,0.4190806746482849,0.3077956587076187,0.3799389253317457,0.2039703130722046,0.07532331347465515,0.12864699959754944,0.6410431861877441,0.9015401800473531,0.41559372926171145,0.5034641644139303,0.3796473727133709,0.08055678616354464,0.11613252113907867
adl-23-cam0-rgb,adl,95,151822,0.4304834306240082,0.5069990456104279,0.43195030093193054,0.3050299882888794,0.4161231484085378,0.17970645427703857,0.08191493153572083,0.09779152274131775,0.663551390171051,0.9072645505269369,0.42983739897286155,0.5073574337608363,0.680493664835133,0.07239423711578556,0.0911659097774719
adl-23-cam0-rgb,adl,97,151888,0.43890154361724854,0.5065154731273651,0.4436473995447159,0.30471108853816986,1.3471828355137945,0.12417358160018921,0.05883699655532837,0.06533658504486084,0.684508740901947,0.9096078375975291,0.44247907742019277,0.5123005709993884,0.4862478071825121,0.06722303160599291,0.06373608492927624
adl-23-cam0-rgb,adl,99,151954,0.4497251659631729,0.5162239372730255,0.45221588015556335,0.30757690966129303,0.6839332181014331,0.07600703835487366,0.06120775640010834,0.01479928195476532,0.681877851486206,0.9017656048138937,0.45304336337558054,0.5176920110271084,-0.03693921157763211,0.07249030670820367,0.03823268703826057
adl-23-cam0-rgb,adl,101,152020,0.46693581342697144,0.52794548869133,0.4600577652454376,0.3202876001596451,-1.8970582705001928,0.09219348430633545,0.07780683040618896,0.014386653900146484,0.666180431842804,0.8896515866120657,0.46358181691014855,0.5284866744821715,-1.2859723695101295,0.08093905648885855,0.023046613062098917
adl-23-cam0-rgb,adl,103,152086,0.4770268350839615,0.5462165772914886,0.4637678563594818,0.339973047375679,-3.678367671049849,0.12155953049659729,0.08341066539287567,0.03814886510372162,0.6197170615196228,0.8756072322527567,0.4736856854323178,0.5401414905017581,-3.1963015945894284,0.06500137935985209,0.02270383287817882
adl-23-cam0-rgb,adl,105,152152,0.48071950674057007,0.5534526109695435,0.4653252065181732,0.36244213581085205,-4.607737514136687,0.13454842567443848,0.09755879640579224,0.03698962926864624,0.570728063583374,0.8598552743593851,0.48396915616669106,0.5566025825289929,-5.5314186881733765,0.07958776332857279,0.03956186326293197
adl-23-cam0-rgb,adl,107,152218,0.4901650846004486,0.5777339041233063,0.4675736427307129,0.3904181867837906,-6.877012111740546,0.1159435510635376,0.06115129590034485,0.05479225516319275,0.5219720602035522,0.8446818093458811,0.49228890504671824,0.5768245245729166,-7.379764685687577,0.07596087481552377,0.06480569382766616
adl-23-cam0-rgb,adl,109,152284,0.49943484365940094,0.5839670598506927,0.4710610508918762,0.4166838675737381,-9.626622687942533,0.09681916236877441,0.010649964213371277,0.08616919815540314,0.5186556577682495,0.8444701333840688,0.49766659930154805,0.5966471659414687,-8.266042844610173,0.07289568841199327,0.08601872913249115
adl-23-cam0-rgb,adl,113,152416,0.507088303565979,0.6254153549671173,0.4814750850200653,0.4696686118841171,-9.338943691175263,0.28391939401626587,0.16191720962524414,0.12200218439102173,0.5295474529266357,0.8446538945039114,0.5012776380106477,0.6153261646047806,-8.184909085183325,0.06102601551648334,0.11139132172772362
adl-23-cam0-rgb,adl,115,152482,0.5076595842838287,0.6420260965824127,0.4867360442876816,0.4884966015815735,-7.760659437370652,0.09579616785049438,0.024549007415771484,0.12034517526626587,0.5604020953178406,0.8545477290948232,0.5079186112333678,0.634787193237444,-8.249891060291148,0.0669430596229833,0.12671744178383879
adl-23-cam0-rgb,adl,117,152548,0.5099969208240509,0.6425258219242096,0.495102658867836,0.5018503963947296,-6.043776748963741,0.20734283328056335,0.07712587714195251,0.13021695613861084,0.593607485294342,0.8651901284853617,0.5175626554143373,0.6474198878843545,-7.825651062228654,0.07557349624313829,0.1259235376919502
adl-23-cam0-rgb,adl,119,152614,0.5198485404253006,0.6560871005058289,0.5063827484846115,0.5128917694091797,-5.372177816646785,0.19821575284004211,0.05766265094280243,0.14055310189723969,0.5841227173805237,0.8614397744337717,0.5288774818440016,0.6566095248058242,-6.966798289281847,0.08944257806131847,0.11461274365842072
adl-23-cam0-rgb,adl,121,152680,0.5477562844753265,0.6674252152442932,0.5269788652658463,0.5173980593681335,-7.884798713109071,0.22330844402313232,0.15100648999214172,0.0723019540309906,0.5748937726020813,0.8642812271912893,0.541863090522361,0.6623561040018541,-5.67333274145073,0.10855030507752386,0.09278505968325051
adl-23-cam0-rgb,adl,123,152746,0.5587218999862671,0.6611598432064056,0.5491063892841339,0.5124233365058899,-3.6989075750059004,0.1796054244041443,0.11802560091018677,0.06157982349395752,0.5208975076675415,0.8466250002384186,0.5565194814494155,0.6646596254724442,-3.9452544187353054,0.13289667729175447,0.06044048576643957
adl-24-cam0-rgb,adl,1,153746,0.479886457324028,0.5387236475944519,0.46523140370845795,0.36431045830249786,-4.802990937881167,0.03245115280151367,0.02634061872959137,0.006110534071922302,0.9836438298225403,0.9956158101558685,0.4790308491750194,0.54008245973876,-4.941005461218366,0.026904986663298158,0.005856148582516297
adl-24-cam0-rgb,adl,3,153812,0.47944381833076477,0.5472429692745209,0.46573036909103394,0.3763298839330673,-4.587379114097933,0.03269803524017334,0.027105897665023804,0.005592137575149536,0.9837310910224915,0.9957191944122314,0.47973068248141876,0.5463193200754394,-4.683888550434286,0.0265913994023294,0.0050115014567519685
adl-24-cam0-rgb,adl,5,153878,0.47953957319259644,0.5534533858299255,0.4670119434595108,0.3921125531196594,-4.439936143432814,0.03001868724822998,0.026636064052581787,0.0033826231956481934,0.9831737279891968,0.9957624971866608,0.480514360783678,0.5542756954570867,-4.232207281171343,0.02609312318233183,0.0047495031834164725
adl-24-cam0-rgb,adl,7,153944,0.48085087537765503,0.5656638741493225,0.47099509835243225,0.42880675196647644,-4.119049443467003,0.030140727758407593,0.02523285150527954,0.004907876253128052,0.9365726113319397,0.9880255858103434,0.48138188408179705,0.5639515858837018,-3.585961653429538,0.025410158003305445,0.00507015376250981
adl-24-cam0-rgb,adl,9,154010,0.4820108562707901,0.578403502702713,0.47681936621665955,0.4592057764530182,-2.4938613603522084,0.03068980574607849,0.024742111563682556,0.005947694182395935,0.927971363067627,0.9858819643656412,0.4823332523757754,0.5753469913552841,-2.7451516672088667,0.024542503865250226,0.005973453194031975
adl-24-cam0-rgb,adl,11,154076,0.4842802733182907,0.5886045396327972,0.4816283583641052,0.47791704535484314,-1.37246283293116,0.031136155128479004,0.02280391752719879,0.008332237601280212,0.903978168964386,0.9816560546557108,0.4838596680463644,0.5885427807058599,-1.6742849246136555,0.023290868961449794,0.006371812515960619
adl-24-cam0-rgb,adl,13,154142,0.4856854975223541,0.5983912646770477,0.48489703238010406,0.49660442769527435,-0.4438179114138214,0.031614869832992554,0.021741002798080444,0.00987386703491211,0.8305825591087341,0.9695869386196136,0.48504285682073334,0.603665251752514,-0.22890430347690432,0.021929843407688686,0.009662383240022688
adl-24-cam0-rgb,adl,15,154208,0.4855155944824219,0.6177839040756226,0.4872613549232483,0.5165182948112488,0.9876482130349148,0.03354346752166748,0.02165830135345459,0.01188516616821289,0.7501447200775146,0.9563979307810465,0.4855396621800081,0.6324840247373036,1.828355835792354,0.01976983262088905,0.016705069126504813
adl-24-cam0-rgb,adl,17,154274,0.4863016754388809,0.641441285610199,0.49051229655742645,0.5410800278186798,2.4024152800272165,0.03428950905799866,0.019081100821495056,0.015208408236503601,0.6785573959350586,0.9446625014146169,0.48564774978470426,0.6417360313526986,2.7425061411885143,0.01890337164009802,0.020874774236699686
adl-24-cam0-rgb,adl,19,154340,0.48563359677791595,0.652956634759903,0.4929795116186142,0.5579369068145752,4.420707194713228,0.04984503984451294,0.017852380871772766,0.03199265897274017,0.6125144362449646,0.9338316122690836,0.4866090986635777,0.6330562618000678,2.815848221104337,0.019699450488730424,0.021907988848624275
adl-24-cam0-rgb,adl,21,154406,0.4859124571084976,0.6674047708511353,0.4940323233604431,0.569741427898407,4.752719916772088,0.05160829424858093,0.017658397555351257,0.033949896693229675,0.5522275567054749,0.9239423076311747,0.48773218716506817,0.612376590879448,2.2875236992480503,0.021533094127198824,0.021411213091699566
adl-24-cam0-rgb,adl,67,155924,0.48822687566280365,0.5371266007423401,0.4850441515445709,0.3574339747428894,-1.0147193991269108,0.03760397434234619,0.026891186833381653,0.010712787508964539,0.5145032405853271,0.9186154206593832,0.48901701528917635,0.5796970185908397,1.1575325756196588,0.02440430255550325,0.019384446965925586
adl-24-cam0-rgb,adl,69,155990,0.4921151101589203,0.5335147380828857,0.49019554257392883,0.3520527333021164,-0.6060718831898352,0.04289942979812622,0.02882888913154602,0.0140705406665802,0.56260085105896,0.9265307386716207,0.49046358303590215,0.5350175449342429,-0.5741251497808384,0.028313075773643698,0.01582769047130234
adl-25-cam0-rgb,adl,1,156990,0.5067000389099121,0.5271072685718536,0.5055695921182632,0.3516322821378708,-0.3691063634576967,0.03963625431060791,0.01426321268081665,0.02537304162979126,0.9928855299949646,0.9981042742729187,0.505970458009026,0.5280015605868712,-0.40120700180888486,0.015079668977043839,0.025196170626264617
adl-25-cam0-rgb,adl,3,157056,0.5057358890771866,0.5271731615066528,0.5064600706100464,0.3514697253704071,0.2361496815019917,0.04061239957809448,0.01568804681301117,0.024924352765083313,0.9927852153778076,0.9980814556280772,0.5063481717850221,0.5266083076144706,0.42417400934315325,0.01484896536126281,0.02520438130154753
adl-25-cam0-rgb,adl,5,157122,0.5057281851768494,0.5267457962036133,0.5090507566928864,0.3515964597463608,1.086766861029068,0.0403614342212677,0.015587568283081055,0.024773865938186646,0.9925944805145264,0.997991810242335,0.5063806079489327,0.5256745074992569,1.0602889064971281,0.014949924727796991,0.025219672189388434
adl-25-cam0-rgb,adl,7,157188,0.5060720443725586,0.5252882540225983,0.5111531019210815,0.3518334776163101,1.6779008993913738,0.040875256061553955,0.015275120735168457,0.025600135326385498,0.9926077723503113,0.997967263062795,0.5060677665007578,0.52520016024123,1.50713768965304,0.015382547076646382,0.02524204328978732
adl-25-cam0-rgb,adl,9,157254,0.5055367946624756,0.5248273015022278,0.5114024579524994,0.3522193729877472,1.9463096145263716,0.04189568758010864,0.015812218189239502,0.02608346939086914,0.9925739765167236,0.9979324638843536,0.5054096474404968,0.5251852658403893,1.7647203588108873,0.016146832407810965,0.025271494602744162
adl-25-cam0-rgb,adl,11,157320,0.5047344863414764,0.5253167748451233,0.510430321097374,0.350699245929718,1.868263881343719,0.0421634316444397,0.016893059015274048,0.02527037262916565,0.9924694299697876,0.9977936247984568,0.5047719576013029,0.5253931652931932,1.7775002491359844,0.01688764860361683,0.02470359870623713
adl-25-cam0-rgb,adl,13,157386,0.5034832209348679,0.5258487462997437,0.5079658925533295,0.3501824289560318,1.4617625141892263,0.04310405254364014,0.01847691833972931,0.024627134203910828,0.9929602146148682,0.9978776971499125,0.5034694990941448,0.5264296233654014,1.5822670590229793,0.018438842453997864,0.024415730204417042
adl-25-cam0-rgb,adl,15,157452,0.5013615190982819,0.5279706418514252,0.5048280358314514,0.35020671784877777,1.1171648513967163,0.04571959376335144,0.020573586225509644,0.025146007537841797,0.9934534430503845,0.9978958566983541,0.5014246849915674,0.5281385274934555,1.3396503751713085,0.02051322278264278,0.02568908345389672
adl-25-cam0-rgb,adl,17,157518,0.49897632002830505,0.5301730334758759,0.5026750564575195,0.3504950553178787,1.1792878694353486,0.04855912923812866,0.022701650857925415,0.025857478380203247,0.9936496019363403,0.9978987673918406,0.4988188103034892,0.529825093813272,1.0484194654159897,0.022803967455764837,0.02932902428752928
adl-25-cam0-rgb,adl,19,157584,0.49521008133888245,0.5317952036857605,0.4980626106262207,0.35520362854003906,0.9254330283430583,0.059013187885284424,0.02628365159034729,0.032729536294937134,0.9937175512313843,0.9979811906814575,0.4952158760198776,0.5311138445422755,0.9481350118973835,0.025657092854058032,0.034368060367964
adl-25-cam0-rgb,adl,21,157650,0.4908052086830139,0.532374918460846,0.4933158755302429,0.3595324605703354,0.8322058120008485,0.0699048638343811,0.029070913791656494,0.04083395004272461,0.9940119385719299,0.9981017311414083,0.49054051567981694,0.5319358011086774,0.9805329062252595,0.029645906511323233,0.03851474815116811
adl-25-cam0-rgb,adl,23,157716,0.4858645647764206,0.5320280492305756,0.48749683797359467,0.36399583518505096,0.5565565164527221,0.07748812437057495,0.03287656605243683,0.04461155831813812,0.9941094517707825,0.9981736441453298,0.48481037954747347,0.5323203424096616,0.9227236617361951,0.0352417665384548,0.04031911827785106
adl-25-cam0-rgb,adl,25,157782,0.4788898527622223,0.5319116711616516,0.4815896451473236,0.3713771402835846,0.9634819846213662,0.08002370595932007,0.039097875356674194,0.040925830602645874,0.9936447143554688,0.9981314241886139,0.47879359551838396,0.5325398731541316,0.4924522190219155,0.04065258833237019,0.03928198571845044
adl-25-cam0-rgb,adl,27,157848,0.4726831465959549,0.5325309932231903,0.4732217490673065,0.3781243562698364,0.19985878775035637,0.07888004183769226,0.045500680804252625,0.033379361033439636,0.9933269023895264,0.9981213510036469,0.4735679477453225,0.5325380541803509,-0.3073864130300507,0.043307714841582495,0.03557931635028867
adl-25-cam0-rgb,adl,29,157914,0.4676636904478073,0.5335670709609985,0.46437230706214905,0.3816610276699066,-1.2412466929864732,0.07639461755752563,0.04803986847400665,0.028354749083518982,0.9934002757072449,0.9981834391752878,0.4693655698072336,0.5325952174859637,-1.3381907796939254,0.04266111752687588,0.030741049613787454
adl-25-cam0-rgb,adl,31,157980,0.4662166237831116,0.5337538719177246,0.4583098590373993,0.3847479522228241,-3.0374616644835633,0.06573593616485596,0.03990042209625244,0.025835514068603516,0.9936002492904663,0.9982470373312632,0.4661116447154571,0.5336265974230572,-2.5622402302261587,0.038495059459756405,0.026297131206566085
adl-25-cam0-rgb,adl,33,158046,0.4655483514070511,0.533717006444931,0.455067440867424,0.3879266232252121,-4.111935218904028,0.053943753242492676,0.028836235404014587,0.02510751783847809,0.993783712387085,0.9982953170935313,0.4642086660578131,0.5351592913850554,-3.8619500479429574,0.03200044576481818,0.023720327458340334
adl-25-cam0-rgb,adl,35,158112,0.46327169239521027,0.5362844169139862,0.4518565386533737,0.3909430354833603,-4.4908081156930715,0.04561665654182434,0.02299724519252777,0.02261941134929657,0.9939973950386047,0.9983357191085815,0.46293715184385065,0.5374788592904153,-4.714143291840614,0.025502307332439304,0.022333528830375475
adl-25-cam0-rgb,adl,37,158178,0.46111366152763367,0.5412554442882538,0.44735321402549744,0.39475932717323303,-5.366074318995448,0.040040016174316406,0.019641339778900146,0.02039867639541626,0.9944300055503845,0.9984383285045624,0.46197015421215004,0.5399925924224762,-5.114940893420798,0.02085171310932602,0.02135886309982891
adl-25-cam0-rgb,adl,39,158244,0.46131300926208496,0.5425060093402863,0.4476735144853592,0.40277259051799774,-5.5750272181373335,0.040890902280807495,0.019830286502838135,0.02106061577796936,0.994566798210144,0.9984340667724609,0.46083090683340444,0.5418871393451435,-5.317953466934811,0.019568406335719192,0.020455808157012548
adl-25-cam0-rgb,adl,41,158310,0.46043314039707184,0.5451440811157227,0.44842950999736786,0.41443951427936554,-5.247204006657748,0.04102233052253723,0.020897820591926575,0.020124509930610657,0.9947536587715149,0.99839648604393,0.46053245360459016,0.5433515714102486,-5.681701856231605,0.019671533208388756,0.020342718664701852
adl-25-cam0-rgb,adl,43,158376,0.4607124626636505,0.5440293848514557,0.4490436911582947,0.42615747451782227,-5.653595438917671,0.041058629751205444,0.02012878656387329,0.020929843187332153,0.9932769536972046,0.9978354771931967,0.46117744694798474,0.5442139303787439,-6.139462589821405,0.019656337507359366,0.021182349040394705
adl-25-cam0-rgb,adl,45,158442,0.46131058037281036,0.5433383285999298,0.4491448700428009,0.43866346776485443,-6.629390245675144,0.04179239273071289,0.020284757018089294,0.021507635712623596,0.9900534152984619,0.9970200459162394,0.46210771141114104,0.5458818278013362,-6.503122591086214,0.019471166324821876,0.02226829941654615
adl-25-cam0-rgb,adl,47,158508,0.4642815887928009,0.5476038753986359,0.4517476111650467,0.45136062800884247,-7.4199992749145105,0.04212018847465515,0.017642855644226074,0.024477332830429077,0.9859469532966614,0.9959454437096914,0.46297696568233043,0.5478405335764857,-6.923778131683539,0.018766504087489377,0.023208133198998157
adl-25-cam0-rgb,adl,49,158574,0.46455761790275574,0.5517969131469727,0.45295941829681396,0.4602821320295334,-7.2229196656166375,0.04234576225280762,0.01748359203338623,0.024862170219421387,0.9798025488853455,0.994504988193512,0.46405655455279593,0.55172731982165,-7.168927414164206,0.01780047716000377,0.02447169451486493
adl-25-cam0-rgb,adl,51,158640,0.4644327461719513,0.5579719841480255,0.45360639691352844,0.46883542835712433,-6.925111469400417,0.042552441358566284,0.01757633686065674,0.024976104497909546,0.9772114753723145,0.9939497510592142,0.4650868063236205,0.5559661105855711,-7.249547204708918,0.016938420536714176,0.025718224835602196
adl-25-cam0-rgb,adl,53,158706,0.4653245210647583,0.5584515035152435,0.4549526423215866,0.47192056477069855,-6.835048792675179,0.042586326599121094,0.01651093363761902,0.026075392961502075,0.9734243750572205,0.9931198259194692,0.46586349690373263,0.5597025362444122,-6.898548036918269,0.016137138009071326,0.026729694241053058
adl-25-cam0-rgb,adl,55,158772,0.46645307540893555,0.5681206583976746,0.4566180408000946,0.47677989304065704,-6.145594335475951,0.04309782385826111,0.015387773513793945,0.027710050344467163,0.9683500528335571,0.9921650588512421,0.46620162031351164,0.5649906082070744,-6.151458877630584,0.015954721412617383,0.027204884208125946
adl-25-cam0-rgb,adl,57,158838,0.46725714206695557,0.5666657984256744,0.45796966552734375,0.4775005429983139,-5.9465001423721064,0.04349246621131897,0.01499369740486145,0.02849876880645752,0.9675170183181763,0.992007702589035,0.4666187341337073,0.5715301822532299,-5.1376251105690836,0.015398196456752278,0.027613405670438455
adl-25-cam0-rgb,adl,59,158904,0.46684540808200836,0.5749660730361938,0.4605145752429962,0.4792436808347702,-3.783884817868512,0.04278576374053955,0.015205785632133484,0.027579978108406067,0.9684504270553589,0.9922827184200287,0.46683694944753207,0.5782161056995383,-3.892448268407534,0.014760999065456946,0.027708217953190617
adl-25-cam0-rgb,adl,61,158970,0.4665021300315857,0.5901083648204803,0.46229253709316254,0.48185697197914124,-2.226950016875347,0.04258111119270325,0.015573501586914062,0.027007609605789185,0.9704256057739258,0.9927945733070374,0.46664675567057157,0.584813135784941,-2.5916075455904473,0.014801118022951709,0.027358153294691233
adl-25-cam0-rgb,adl,63,159036,0.4663018137216568,0.5921047329902649,0.4639807343482971,0.4844419062137604,-1.2350358827685144,0.04065713286399841,0.014018580317497253,0.02663855254650116,0.9712886214256287,0.9930777152379354,0.4664917461154774,0.5894774148216486,-1.594944727290827,0.01503674711757922,0.02691525923999353
adl-25-cam0-rgb,adl,65,159102,0.46634167432785034,0.592555582523346,0.46488501131534576,0.4845236986875534,-0.7725088411419743,0.04120439291000366,0.014579206705093384,0.02662518620491028,0.9723772406578064,0.993397037188212,0.46626283770257704,0.5933582631798525,-0.7877800965295325,0.015538319429277836,0.02638507450555822
adl-25-cam0-rgb,adl,67,159168,0.46643924713134766,0.5936362147331238,0.4651297479867935,0.4840952008962631,-0.6849051132870749,0.04323124885559082,0.016713619232177734,0.026517629623413086,0.9724661111831665,0.9934967756271362,0.4665704680469638,0.5951640374990761,-0.5744065494402197,0.015709371922852135,0.026395991767123626
adl-25-cam0-rgb,adl,69,159234,0.46748602390289307,0.5949110090732574,0.46584761142730713,0.4846812039613724,-0.8515592282001679,0.04270866513252258,0.015901297330856323,0.02680736780166626,0.9729305505752563,0.9936500787734985,0.467362010311254,0.5959841446443028,-0.6148793556990078,0.015479845337537436,0.02683134854355928
adl-25-cam0-rgb,adl,71,159300,0.46737001836299896,0.5969419181346893,0.4667379558086395,0.4851669669151306,-0.3239914700086139,0.042319029569625854,0.016004636883735657,0.026314392685890198,0.9744348526000977,0.99403049548467,0.46836528414255546,0.5981799556321388,-0.7437692060721308,0.015049604110387475,0.02744731939200195
adl-25-cam0-rgb,adl,73,159366,0.4698864072561264,0.6022627353668213,0.46797579526901245,0.48717591166496277,-0.9511075578317468,0.0419597327709198,0.013331219553947449,0.02862851321697235,0.9736839532852173,0.9939748644828796,0.4693411201625669,0.6002947778412782,-0.8222869039397752,0.014098379648093,0.028072531347150886
adl-25-cam0-rgb,adl,75,159432,0.4708438366651535,0.6026936769485474,0.46883490681648254,0.488980308175087,-1.0121169588900356,0.041750043630599976,0.012354090809822083,0.029395952820777893,0.9712627530097961,0.9936578075091044,0.4701427154855804,0.6018225455180899,-0.7525643671304414,0.012930359223704299,0.0287648121386895
adl-25-cam0-rgb,adl,77,159498,0.47062575817108154,0.602449893951416,0.46925993263721466,0.48989927768707275,-0.6952622754342213,0.04135897755622864,0.012371361255645752,0.028987616300582886,0.9705368280410767,0.993501603603363,0.4706839400452446,0.6025923880147719,-0.6303633533376891,0.012450241939329981,0.029126812498290775
adl-25-cam0-rgb,adl,79,159564,0.47046704590320587,0.6019108891487122,0.46996238827705383,0.4904094338417053,-0.2593199753525903,0.041356414556503296,0.012520447373390198,0.028835967183113098,0.9696453213691711,0.9933604498704275,0.47084044771534983,0.6025651426284335,-0.36430500846556274,0.012389443459964917,0.029027079155434735
adl-25-cam0-rgb,adl,81,159630,0.47042475640773773,0.6017522513866425,0.4708234965801239,0.49172841012477875,0.2076461675606276,0.04149746894836426,0.012711182236671448,0.02878628671169281,0.9642251133918762,0.9923223753770193,0.4703719240504419,0.6019183428256534,0.12807021629619253,0.012970935214649528,0.028250433407820623
adl-25-cam0-rgb,adl,83,159696,0.47026896476745605,0.6016469299793243,0.4709802716970444,0.49251945316791534,0.3734559712974231,0.041202396154403687,0.013904035091400146,0.02729836106300354,0.9632458686828613,0.9922083020210266,0.4698872883598519,0.6017763715285751,0.5952358744185015,0.013533652989895293,0.027453928927838503
adl-25-cam0-rgb,adl,85,159762,0.4691234230995178,0.6018117070198059,0.47143562138080597,0.4927964508533478,1.2150532624266082,0.040517985820770264,0.014170348644256592,0.026347637176513672,0.9599888920783997,0.9916286965211233,0.4693967293609266,0.6017105935455909,1.00784216549741,0.014052777450322053,0.026634837383831697
adl-25-cam0-rgb,adl,87,159828,0.46880507469177246,0.6017931401729584,0.47134849429130554,0.4929630160331726,1.3387900382364433,0.04039016366004944,0.014485418796539307,0.025904744863510132,0.959837794303894,0.9916999240716299,0.46887139969573843,0.6015964991602538,1.3524782822462236,0.014561193200932932,0.025917749384264888
adl-25-cam0-rgb,adl,89,159894,0.4684085249900818,0.601612776517868,0.47144363820552826,0.49311164021492004,1.6023227628903316,0.04030478000640869,0.014834284782409668,0.025470495223999023,0.9577674865722656,0.991281787554423,0.46837605839167773,0.6014653526859357,1.617341975463995,0.015027602126588015,0.025425371153530066
adl-25-cam0-rgb,adl,91,159960,0.46799424290657043,0.6011451482772827,0.47135430574417114,0.4931190013885498,1.7815628547014861,0.04030013084411621,0.015254229307174683,0.02504590153694153,0.9590657949447632,0.9915904800097147,0.4680761709099718,0.6013274347627309,1.7559666096234152,0.015201660590770417,0.025350383220812938
adl-25-cam0-rgb,adl,93,160026,0.46797384321689606,0.6009562015533447,0.47136448323726654,0.49317437410354614,1.8018372928898685,0.04107910394668579,0.015533789992332458,0.025545313954353333,0.9613164067268372,0.9920720259348551,0.4680386597201931,0.6012365113605144,1.7278312684377313,0.015333423366794316,0.02526713681943485
adl-25-cam0-rgb,adl,95,160092,0.46795089542865753,0.6013622283935547,0.4712122827768326,0.49337734282016754,1.729936026993124,0.041095197200775146,0.015567943453788757,0.02552725374698639,0.9590945243835449,0.9916687409083048,0.4679916620383524,0.6012916406253707,1.7341680280671483,0.01534627145761017,0.025429975225295817
adl-25-cam0-rgb,adl,97,160158,0.46815943717956543,0.6013621091842651,0.471053808927536,0.4931529611349106,1.5321787148395896,0.04064890742301941,0.014948666095733643,0.025700241327285767,0.9607454538345337,0.9919922848542532,0.4680044600070806,0.601377937571826,1.6796433300230507,0.015262366953866284,0.025856060318616522
adl-25-cam0-rgb,adl,99,160224,0.46811939775943756,0.6015504002571106,0.4711424708366394,0.49334704875946045,1.6003596878544277,0.04066336154937744,0.015050217509269714,0.025613144040107727,0.9601690173149109,0.9918699959913889,0.4680318796273427,0.6013602361534572,1.5941162464409393,0.015134740056413572,0.026089942687517596
adl-25-cam0-rgb,adl,101,160290,0.4679078608751297,0.6014744937419891,0.4710165560245514,0.49364250898361206,1.6513262937464308,0.041969090700149536,0.015063181519508362,0.026905909180641174,0.9560409784317017,0.99116250872612,0.4681093666976658,0.6012130289366742,1.4907738603077516,0.014902487590715462,0.026371219844529087
adl-25-cam0-rgb,adl,103,160356,0.4679133743047714,0.6008515954017639,0.4706655889749527,0.4935045540332794,1.4686547941001515,0.041896820068359375,0.01503889262676239,0.026857927441596985,0.9555076956748962,0.9911302824815115,0.4679536683283326,0.6010706109530997,1.4851922284544121,0.014975404655520524,0.02639696819312644
adl-25-cam0-rgb,adl,105,160422,0.46788983047008514,0.6003917157649994,0.47045135498046875,0.49326443672180176,1.369740594443807,0.040863215923309326,0.015029087662696838,0.025834128260612488,0.9569312334060669,0.9914030830065409,0.4677092591534444,0.6008660876389703,1.5121926185774355,0.015157918212733733,0.02631675167517228
adl-25-cam0-rgb,adl,107,160488,0.4678206294775009,0.6005522608757019,0.4704800248146057,0.4932841360569,1.4201881721798477,0.041675567626953125,0.014937415719032288,0.026738151907920837,0.957940399646759,0.9916020433108012,0.46737613917300175,0.6005994589942869,1.5717750306768223,0.015450028262355099,0.02613057029066663
adl-25-cam0-rgb,adl,109,160554,0.46658770740032196,0.6005530953407288,0.46998119354248047,0.4937699884176254,1.8202038250134491,0.04168105125427246,0.01624108850955963,0.02543996274471283,0.959438145160675,0.9919158617655436,0.46695430838700475,0.6002707250190495,1.6639394647525731,0.01585173480438462,0.025838424039609495
adl-26-cam0-rgb,adl,1,161554,0.4760351628065109,0.5144966542720795,0.4714631736278534,0.32163944840431213,-1.358033919366347,0.022780805826187134,0.02819634974002838,0.0054155439138412476,0.9919559955596924,0.9974639217058817,0.4761858576174937,0.5140146423469888,-1.4582459983902847,0.02789837438048738,0.005396556944558115
adl-26-cam0-rgb,adl,3,161620,0.4773871600627899,0.5144001543521881,0.47162777185440063,0.3223206102848053,-1.7174644922689035,0.022625625133514404,0.026451021432876587,0.0038253962993621826,0.9915784001350403,0.9973729451497396,0.4772940875002831,0.5144037879777675,-1.6285899137671487,0.02661220187490636,0.0038601142890525597
adl-26-cam0-rgb,adl,5,161686,0.4781423658132553,0.5141062438488007,0.47200845181941986,0.3226931393146515,-1.835439413376288,0.022634387016296387,0.025491967797279358,0.002857580780982971,0.9916393160820007,0.9973765810330709,0.47817503700266656,0.514721561497424,-1.763663015023034,0.025595564024272932,0.0026327413914007556
adl-26-cam0-rgb,adl,7,161752,0.4792388528585434,0.5140897035598755,0.4728765934705734,0.32402853667736053,-1.9172487931579314,0.0230008065700531,0.02439291775226593,0.0013921111822128296,0.9916021227836609,0.9973621666431427,0.4788287061246441,0.514967962905958,-1.8634653021579402,0.024848460828587084,0.001714438251602703
adl-26-cam0-rgb,adl,9,161818,0.4791608154773712,0.5154587030410767,0.4729820638895035,0.32439808547496796,-1.852255359819432,0.023443907499313354,0.02442130446434021,0.0009773969650268555,0.9916816353797913,0.9973592658837637,0.4792550948662152,0.5151429922033691,-1.9279967751718656,0.0243708922878488,0.0011052048696583985
adl-26-cam0-rgb,adl,11,161884,0.4792378097772598,0.5159287750720978,0.47293803095817566,0.3247462213039398,-1.8873070515626493,0.023262381553649902,0.024293705821037292,0.0010313242673873901,0.9915175437927246,0.9972969988981882,0.4794339793714087,0.5153801156070834,-1.9450963283052671,0.024497589959210614,0.0007937890497636993
adl-26-cam0-rgb,adl,13,161950,0.47929441928863525,0.5159306228160858,0.47282759845256805,0.3250759541988373,-1.9406380972927033,0.02373012900352478,0.02468019723892212,0.0009500682353973389,0.9912725687026978,0.9972269833087921,0.4793648101808698,0.5154785384863478,-1.9250547543186434,0.02449209284988829,0.000862931018267874
adl-26-cam0-rgb,adl,15,162016,0.4791594445705414,0.5148797929286957,0.4727908670902252,0.3252979815006256,-1.9240002190519712,0.0236474871635437,0.024693280458450317,0.0010457932949066162,0.9914199709892273,0.9972506860891978,0.47898402410152086,0.515171160687615,-1.8482420695830104,0.02439193266294732,0.0014457936152751294
adl-26-cam0-rgb,adl,17,162082,0.47882141172885895,0.5148551166057587,0.4726678431034088,0.32551470398902893,-1.8614592070212286,0.023079603910446167,0.024803325533866882,0.0017237216234207153,0.9920946359634399,0.9974051316579183,0.47860114960185307,0.5142817115370838,-1.7829146181569784,0.02410430161209846,0.001861799653474384
adl-26-cam0-rgb,adl,19,162148,0.47772668302059174,0.5149943232536316,0.4726381450891495,0.325771227478981,-1.5404118434208893,0.020401984453201294,0.023280516266822815,0.002878531813621521,0.9922043681144714,0.9974795381228129,0.4780019635245906,0.5139755189934843,-1.6969727956677814,0.023919118947280917,0.0021393479722918857
adl-26-cam0-rgb,adl,21,162214,0.47697076201438904,0.5152957737445831,0.4722064137458801,0.3262591063976288,-1.4437372116113782,0.02007657289505005,0.023600608110427856,0.0035240352153778076,0.9913395047187805,0.9974126617113749,0.4770534573953382,0.5158568419419318,-1.512278594164366,0.02414462899232836,0.0029905802243715713
adl-26-cam0-rgb,adl,23,162280,0.476513996720314,0.5179275870323181,0.4715560972690582,0.32828018069267273,-1.497526549115019,0.02150234580039978,0.024282261729240417,0.002779915928840637,0.9900431036949158,0.9972144464651743,0.4760029890707554,0.5203472983527485,-1.2779102934802684,0.024780394775526828,0.004113854461418079
adl-26-cam0-rgb,adl,25,162346,0.47513994574546814,0.5265602171421051,0.4710187762975693,0.33237679302692413,-1.215810128288705,0.021199792623519897,0.025526434183120728,0.00432664155960083,0.9882264137268066,0.9969529807567596,0.47479989131291633,0.5273070443760257,-0.9917657377314206,0.0258308121394285,0.005512392882144804
adl-26-cam0-rgb,adl,27,162412,0.4737880676984787,0.5392535030841827,0.47124771773815155,0.3402756154537201,-0.7314552667891364,0.019255995750427246,0.026896074414253235,0.007640078663825989,0.9847848415374756,0.9964459737141927,0.4739779065568719,0.5373536726355028,-0.8075092801508439,0.026331679194004462,0.006232535619756351
adl-26-cam0-rgb,adl,29,162478,0.473880872130394,0.5502773523330688,0.4713102728128433,0.3608763664960861,-0.7775854412265444,0.018570423126220703,0.026202097535133362,0.007631674408912659,0.9788708090782166,0.9955303072929382,0.4742754539757057,0.5499331944690631,-0.9347956739293657,0.02512655713599478,0.006524764291651828
adl-26-cam0-rgb,adl,31,162544,0.4741034507751465,0.5634652078151703,0.47099024057388306,0.39257951080799103,-1.043703939619841,0.016988366842269897,0.024459362030029297,0.007470995187759399,0.90756756067276,0.9835076928138733,0.4759283940513406,0.5626010088435491,-1.683430478368973,0.02240975439806518,0.006947555196233631
adl-26-cam0-rgb,adl,33,162610,0.4773513972759247,0.580511063337326,0.47134236991405487,0.42582935094833374,-2.2246900613191865,0.014486163854598999,0.018693625926971436,0.0042074620723724365,0.8265838027000427,0.9701104064782461,0.47827306583330154,0.5787893043452003,-2.7642588438347513,0.019078853455456794,0.006234372074985908
adl-26-cam0-rgb,adl,35,162676,0.4816216230392456,0.5970105230808258,0.47216206789016724,0.4590669572353363,-3.9229476166374346,0.01933896541595459,0.014368712902069092,0.004970252513885498,0.7440566420555115,0.9564399619897207,0.47911167486663436,0.615335161293739,-3.4254473768564546,0.016057936853660627,0.005289986342578731
adl-26-cam0-rgb,adl,37,162742,0.48248374462127686,0.6163004040718079,0.4717313200235367,0.4940386563539505,-5.0260000843890635,0.019587606191635132,0.013569802045822144,0.006017804145812988,0.6697919368743896,0.9441437621911367,0.4795325133965638,0.6327300703886773,-3.5287275005074576,0.015183015045149479,0.004155039529263709
adl-26-cam0-rgb,adl,39,162808,0.47905251383781433,0.6563835740089417,0.4710453897714615,0.5232678055763245,-3.4422841415007803,0.018620401620864868,0.01607450842857361,0.0025458931922912598,0.6029008030891418,0.9330749015013377,0.47939332893916464,0.6319801727414638,-3.0805060680622183,0.016716116950625443,0.0029896573844926137
adl-26-cam0-rgb,adl,41,162874,0.4738979786634445,0.6853904724121094,0.47155746817588806,0.5456610918045044,-0.9596323452810007,0.022526830434799194,0.019479140639305115,0.0030476897954940796,0.5429208278656006,0.9231462776660919,0.47865759919990125,0.6147154072920473,-2.1726243755819787,0.02004895201235104,0.002425036453581472
adl-26-cam0-rgb,adl,83,164260,0.4792577922344208,0.5361022055149078,0.47675780951976776,0.34362341463565826,-0.7441360365833274,0.025680333375930786,0.025530308485031128,0.0001500248908996582,0.5408310294151306,0.8768281042575836,0.4779918254453892,0.5865043966801127,-1.145443518015957,0.023513691378878272,0.0018315224936514165
adl-26-cam0-rgb,adl,85,164326,0.47929611802101135,0.5282208621501923,0.47727009654045105,0.32524406909942627,-0.5718812647470808,0.02886253595352173,0.02741071581840515,0.0014518201351165771,0.5854300856590271,0.888865609963735,0.4781794944108816,0.5532003207640206,-0.4632147220459309,0.026047460573576188,0.00167468138587423
adl-26-cam0-rgb,adl,87,164392,0.4800020158290863,0.5195901095867157,0.47764237225055695,0.3164035677909851,-0.6653567684227021,0.030031204223632812,0.02664247155189514,0.003388732671737671,0.625951886177063,0.8996791144212087,0.4794793879185913,0.5220937914662539,-0.48383498355297166,0.026929019139958627,0.002607503688180598
adl-26-cam0-rgb,adl,89,164458,0.4803141951560974,0.5195722281932831,0.4775546193122864,0.3200913816690445,-0.7925671403872213,0.029983162879943848,0.025926291942596436,0.004056870937347412,0.6625197529792786,0.9094007710615793,0.48041296595489813,0.5089036811352806,-0.4891552076807475,0.026883398254454384,0.0035047660593862644
adl-26-cam0-rgb,adl,91,164524,0.48099157214164734,0.5195474326610565,0.4775107204914093,0.32279421389102936,-1.0135402439401884,0.02955743670463562,0.02494487166404724,0.004612565040588379,0.6949262022972107,0.9178660114606222,0.48149564584870347,0.5058124556943965,-0.7136866420534651,0.025771046974958266,0.004745243651010256
adl-26-cam0-rgb,adl,93,164590,0.4829414635896683,0.5189244151115417,0.4783730208873749,0.3228019177913666,-1.334396422040815,0.029454171657562256,0.022748395800590515,0.006705775856971741,0.7240607142448425,0.9255130092302958,0.48272742760000786,0.512820115143602,-1.1574292866711269,0.023591965301470303,0.006328936463052574
adl-26-cam0-rgb,adl,95,164656,0.48403389751911163,0.5180793702602386,0.47920840978622437,0.3216235488653183,-1.4070567964219662,0.02940717339515686,0.021602556109428406,0.007804617285728455,0.7503232359886169,0.9324951271216074,0.48410831120881137,0.5299266594828975,-1.8203831415337333,0.0203461532339905,0.00825584449551322
adl-27-cam0-rgb,adl,1,165656,0.4858567416667938,0.5164979100227356,0.4799835979938507,0.3220386505126953,-1.7299463281583747,0.028212428092956543,0.01765260100364685,0.010559827089309692,0.9832561016082764,0.9951032797495524,0.4855877757072447,0.5170977384755103,-1.5576977710648447,0.017862290324586808,0.011877802827141501
adl-27-cam0-rgb,adl,3,165722,0.48635780811309814,0.5163244009017944,0.4810338467359543,0.3230962008237839,-1.578254941597844,0.028127074241638184,0.017139673233032227,0.010987401008605957,0.9840795993804932,0.9952994187672933,0.48635534693797416,0.51693883366657,-1.4581743393134305,0.01716021303877686,0.010650361532514745
adl-27-cam0-rgb,adl,5,165788,0.486308753490448,0.5180962085723877,0.48198308050632477,0.3238319456577301,-1.2755915701468783,0.028275221586227417,0.01734846830368042,0.010926753282546997,0.9849648475646973,0.9955040315786997,0.486889142010893,0.516816089524851,-1.4608092024476549,0.016726336044408544,0.010007354455850855
adl-27-cam0-rgb,adl,7,165854,0.487218514084816,0.5178428590297699,0.4832358658313751,0.32540977001190186,-1.1856399813756027,0.028267860412597656,0.016440674662590027,0.01182718575000763,0.985633373260498,0.9956111510594686,0.4871891609260013,0.5167295060503533,-1.5656023604675184,0.01656065934148186,0.009948781597149833
adl-27-cam0-rgb,adl,9,165920,0.48751212656497955,0.5174106061458588,0.48282530903816223,0.32762928307056427,-1.4146823686677508,0.02728039026260376,0.016261443495750427,0.011018946766853333,0.9862919449806213,0.9957184592882792,0.4872554036832984,0.5166790832430762,-1.7725538133730185,0.01666318292999678,0.010474642956411668
adl-27-cam0-rgb,adl,11,165986,0.48674850165843964,0.5153782665729523,0.4788403660058975,0.3277999311685562,-2.41410946937816,0.02741330862045288,0.017182663083076477,0.010230645537376404,0.9874721765518188,0.9960074027379354,0.48726910468819784,0.5163193306365563,-2.244115994319292,0.016928076615065183,0.01057673674641232
adl-27-cam0-rgb,adl,13,166052,0.4869938939809799,0.5155202150344849,0.47765836119651794,0.3296974003314972,-2.8760585762698465,0.029134690761566162,0.017807498574256897,0.011327192187309265,0.9885373711585999,0.9961937765280405,0.48705644589481867,0.5159737679349388,-2.7613810104259677,0.017416895597011987,0.012354495850476335
adl-27-cam0-rgb,adl,15,166118,0.48659463226795197,0.5158635377883911,0.47539715468883514,0.3310297131538391,-3.466817067249741,0.03278529644012451,0.018159732222557068,0.014625564217567444,0.9888331890106201,0.9963867863019308,0.48607941894304113,0.5164479406881118,-3.1132201830529276,0.01869801228696647,0.01604127754896748
adl-27-cam0-rgb,adl,17,166184,0.48469437658786774,0.5182625651359558,0.4748060703277588,0.3342908024787903,-3.076632864082155,0.04032319784164429,0.020021900534629822,0.020301297307014465,0.9891176819801331,0.9965885281562805,0.4847105588618804,0.5168648093809806,-3.2649792559942212,0.02014238835671244,0.021575660997138882
adl-27-cam0-rgb,adl,19,166250,0.4829317182302475,0.5188845992088318,0.47309012711048126,0.33681535720825195,-3.094061344486885,0.05052238702774048,0.021703913807868958,0.02881847321987152,0.9895832538604736,0.9968094229698181,0.48277848584827343,0.5184237693811384,-3.1213609370262545,0.02169412877652549,0.027884908052749922
adl-27-cam0-rgb,adl,21,166316,0.4794668108224869,0.5208679735660553,0.470866858959198,0.3415725976228714,-2.74610310646023,0.05896684527397156,0.02478979527950287,0.03417704999446869,0.9894101619720459,0.996897965669632,0.4798517236848923,0.5211147453103739,-2.7465455483052823,0.023902875068899838,0.0328452542617723
adl-27-cam0-rgb,adl,23,166382,0.47712138295173645,0.5218188762664795,0.46923694014549255,0.3494698405265808,-2.6192810116741096,0.06255289912223816,0.0257624089717865,0.03679049015045166,0.988131046295166,0.9967891573905945,0.47637833970965693,0.5251682501334641,-2.2683400088109704,0.026657318140005097,0.03530886614477474
adl-27-cam0-rgb,adl,25,166448,0.47293539345264435,0.5301141142845154,0.4671344757080078,0.3624877482652664,-1.9820003666257497,0.06492441892623901,0.028670117259025574,0.03625430166721344,0.9850800633430481,0.9963658054669698,0.47280736725567674,0.5306048363576196,-2.060124958752148,0.029713775172378033,0.035024010644846615
adl-27-cam0-rgb,adl,27,166514,0.46847911179065704,0.5360428988933563,0.4643368571996689,0.3732941895723343,-1.457968414408398,0.06424111127853394,0.03294442594051361,0.031296685338020325,0.9832528829574585,0.9961460133393606,0.4689050704498821,0.5353981216490519,-1.922894320277953,0.03309934912047856,0.032097438261622424
adl-27-cam0-rgb,adl,29,166580,0.46558965742588043,0.5399594306945801,0.4599338173866272,0.37770743668079376,-1.996429118784838,0.06321379542350769,0.03546212613582611,0.02775166928768158,0.9821286797523499,0.9960246582825979,0.46561359694767757,0.5373648808890084,-2.1566483263835763,0.03514510296381908,0.0285645939441986
adl-27-cam0-rgb,adl,31,166646,0.4631902724504471,0.5405060350894928,0.454792782664299,0.3766707330942154,-2.934166435470949,0.062064945697784424,0.03693734109401703,0.025127604603767395,0.975908100605011,0.9948315819104513,0.46309995264201903,0.5362789050325163,-2.675888753879928,0.03546069310857099,0.025466936878311648
adl-27-cam0-rgb,adl,33,166712,0.4605448246002197,0.531036913394928,0.4519505500793457,0.37443383038043976,-3.1412038440890404,0.05797472596168518,0.03562697768211365,0.022347748279571533,0.9764832854270935,0.9949609438578287,0.4617656519015624,0.532237803265129,-3.379193193163975,0.033144085502727676,0.023527553522741607
adl-27-cam0-rgb,adl,35,166778,0.4616333544254303,0.5235380828380585,0.4501109719276428,0.37097063660621643,-4.318961913818189,0.05169233679771423,0.02839311957359314,0.023299217224121094,0.9771632552146912,0.9950718184312185,0.46134638760512975,0.5270351999765859,-4.061014991071254,0.02919046535636435,0.022968052656619546
adl-27-cam0-rgb,adl,37,166844,0.4620327353477478,0.5210295915603638,0.449847936630249,0.3687175214290619,-4.573858878394642,0.04701891541481018,0.02345430850982666,0.02356460690498352,0.9786648750305176,0.9953607718149821,0.46137264474129713,0.5220674962708437,-4.3786302595998805,0.025067117565121963,0.02292424982244315
adl-27-cam0-rgb,adl,39,166910,0.4622757136821747,0.5202240645885468,0.4503123313188553,0.3682069778442383,-4.499767072746534,0.04317760467529297,0.01940906047821045,0.02376854419708252,0.9801868796348572,0.995618462562561,0.46214083037077025,0.5190394617520362,-4.498879761980665,0.021269341245358092,0.023623374697965945
adl-27-cam0-rgb,adl,41,166976,0.4629025012254715,0.5179305076599121,0.4512263089418411,0.36946606636047363,-4.496850050143597,0.04341802000999451,0.019150957465171814,0.024267062544822693,0.9819222688674927,0.9959483444690704,0.4631143026537703,0.5184375064455577,-4.386371630687915,0.018791330196124625,0.02452500996651584
adl-27-cam0-rgb,adl,43,167042,0.46374014019966125,0.5179637670516968,0.4535501301288605,0.37145181000232697,-3.978555022611166,0.0437680184841156,0.018706947565078735,0.025061070919036865,0.983544111251831,0.9962736666202545,0.46424736482498385,0.517592216208899,-4.180504225949729,0.017470745490742942,0.025534505000362112
adl-27-cam0-rgb,adl,45,167108,0.4660966098308563,0.5188318490982056,0.45566657185554504,0.3754025995731354,-4.159173329806952,0.0437893271446228,0.016441553831100464,0.02734777331352234,0.9848934412002563,0.9965357184410095,0.4657618964647311,0.5173146689867036,-4.115752051591913,0.01622416291918071,0.026901081913993437
adl-27-cam0-rgb,adl,47,167174,0.4667518436908722,0.5173836946487427,0.45790013670921326,0.3848714083433151,-3.8216314393320987,0.04310202598571777,0.015370428562164307,0.027731597423553467,0.9856817722320557,0.9965776602427164,0.46726201713343135,0.5168570810324178,-4.211907858727027,0.015061399379333871,0.028246958921481997
adl-27-cam0-rgb,adl,49,167240,0.4695093184709549,0.5160335600376129,0.45985619723796844,0.398360475897789,-4.689665797951167,0.04294407367706299,0.012754067778587341,0.030190005898475647,0.9848579168319702,0.99598095814387,0.46860060340914306,0.5185923581515548,-4.454599166708703,0.013597190380096416,0.029421176100190023
adl-27-cam0-rgb,adl,51,167306,0.4697543829679489,0.5225006937980652,0.46124914288520813,0.4203893542289734,-4.761391424129796,0.042673587799072266,0.01223929226398468,0.030434295535087585,0.983321487903595,0.9947839279969534,0.4696355374989565,0.5209019002202262,-4.832465732889359,0.01243799479750842,0.030312423130650495
adl-27-cam0-rgb,adl,53,167372,0.46976494789123535,0.5238703489303589,0.46235911548137665,0.4413866102695465,-5.130565336737632,0.04263153672218323,0.012251466512680054,0.030380070209503174,0.9827548265457153,0.994331548611323,0.4701805816584328,0.5259608499931558,-5.228925582354465,0.011796177981735809,0.03072089601904794
adl-27-cam0-rgb,adl,55,167438,0.4704473167657852,0.5358573794364929,0.46378883719444275,0.46421675384044647,-5.309974798340239,0.04245615005493164,0.011580124497413635,0.030876025557518005,0.970544159412384,0.9909871915976206,0.47068668495524946,0.5332183720487529,-5.440689792750107,0.011381889705534089,0.031158587891302027
adl-27-cam0-rgb,adl,57,167504,0.47056758403778076,0.5403449237346649,0.4654097855091095,0.4836004972457886,-5.193642077709158,0.042576879262924194,0.011587649583816528,0.030989229679107666,0.9679417014122009,0.9903115332126617,0.4704306592027856,0.5446235768464729,-4.842669598768146,0.0117726254385787,0.030806788053863447
adl-27-cam0-rgb,adl,59,167570,0.4702872782945633,0.5562690794467926,0.4653490334749222,0.4960430860519409,-4.6874949761438955,0.04239264130592346,0.011898800730705261,0.0304938405752182,0.960557222366333,0.9882117013136545,0.46995986817461005,0.5561116550649907,-3.8370065378068077,0.012419026070858992,0.030224678900850756
adl-27-cam0-rgb,adl,61,167636,0.46994416415691376,0.5665314793586731,0.4671115577220917,0.5056156516075134,-2.662355161832827,0.04302328824996948,0.012856736779212952,0.03016655147075653,0.9577270150184631,0.9876349866390228,0.4692177230016487,0.5681570828993074,-2.572404713814344,0.013301689451907085,0.029382801094612478
adl-27-cam0-rgb,adl,63,167702,0.46751947700977325,0.5844114422798157,0.4671950787305832,0.5090165734291077,-0.24652257993332127,0.04263335466384888,0.015165761113166809,0.027467593550682068,0.9563219547271729,0.9876079758008321,0.46824009387524024,0.5768116399065233,-1.361753698764089,0.014340868759980944,0.028266863518463026
adl-27-cam0-rgb,adl,65,167768,0.46687938272953033,0.5825175940990448,0.4666764438152313,0.5058113932609558,-0.1515850874141525,0.04243028163909912,0.015576764941215515,0.026853516697883606,0.9417718052864075,0.98448446393013,0.46733949781754247,0.5838489043506183,-0.4449632691078487,0.01522859524596819,0.027208808503109617
adl-27-cam0-rgb,adl,67,167834,0.46679703891277313,0.5874671339988708,0.46642908453941345,0.5006895661354065,-0.24294419421196642,0.042194753885269165,0.015661463141441345,0.02653329074382782,0.942925214767456,0.9850735863049825,0.4666116877551712,0.5873013920598207,0.042562444331165,0.015839593493061126,0.026364191269977747
adl-27-cam0-rgb,adl,69,167900,0.4664650112390518,0.5854630172252655,0.4658774435520172,0.49428102374076843,-0.36920318805913716,0.041656672954559326,0.015755102038383484,0.025901570916175842,0.9431244134902954,0.9854582846164703,0.46640411128987413,0.5891685352955021,-0.14209607739512647,0.015841967035165574,0.0260014026324986
adl-27-cam0-rgb,adl,71,167966,0.4663814306259155,0.5904502272605896,0.4654781222343445,0.48782098293304443,-0.5042853266851228,0.041622549295425415,0.015805453062057495,0.02581709623336792,0.9471805691719055,0.9865836004416147,0.46666748363734256,0.5891518465110226,-0.6630078890630111,0.015504250278720585,0.02602323812323727
adl-27-cam0-rgb,adl,73,168032,0.466426283121109,0.591214120388031,0.46515749394893646,0.48547863960266113,-0.6874965262318063,0.04122290015220642,0.015536874532699585,0.025686025619506836,0.9514837861061096,0.9877280493577322,0.46662990071556715,0.5902336060484759,-0.9210731020097794,0.015445465004289283,0.02569637399215199
adl-27-cam0-rgb,adl,75,168098,0.4671243578195572,0.5910135805606842,0.4644390344619751,0.4834439754486084,-1.4300112603126296,0.04077586531639099,0.014881625771522522,0.02589423954486847,0.9539105296134949,0.988496333360672,0.4663352972114234,0.5904390329406366,-1.0794245426487026,0.015621484680609247,0.02511982129507763
adl-27-cam0-rgb,adl,77,168164,0.46613478660583496,0.5898214280605316,0.4634740501642227,0.4816700220108032,-1.4093041258478112,0.04022732377052307,0.0158749520778656,0.02435237169265747,0.9566629528999329,0.9892823100090027,0.4658416662510333,0.5909791410743408,-1.0889570048280799,0.01601000930065714,0.024293874958892885
adl-27-cam0-rgb,adl,79,168230,0.4647461622953415,0.5897098183631897,0.46334175765514374,0.4812603145837784,-0.741930190766876,0.039816081523895264,0.016849055886268616,0.022967025637626648,0.9591377973556519,0.9899875024954478,0.4651167593348071,0.590624616775677,-0.9406039533358308,0.016621246159850753,0.023126973153708784
adl-27-cam0-rgb,adl,81,168296,0.46407076716423035,0.5914484262466431,0.46295297145843506,0.48132967948913574,-0.5815792370320666,0.03945201635360718,0.017499178647994995,0.021952837705612183,0.9579452276229858,0.9900188644727071,0.4642919440677149,0.5907457812781965,-0.6519835640077881,0.01728528641261061,0.022041533351976603
adl-27-cam0-rgb,adl,83,168362,0.46352002024650574,0.5914522111415863,0.46305595338344574,0.4811544269323349,-0.24106482249273103,0.0389707088470459,0.017899364233016968,0.02107134461402893,0.9571932554244995,0.9900916318098704,0.4635226615579607,0.5910734671018848,-0.2827927878855398,0.01775433335985454,0.02131455543237328
adl-27-cam0-rgb,adl,85,168428,0.46313217282295227,0.5913379192352295,0.4630354791879654,0.4816119372844696,-0.050490646407926304,0.03881034255027771,0.018151581287384033,0.020658761262893677,0.9590993523597717,0.9906332095464071,0.46317549791686907,0.5914263982019374,-0.06780658721256416,0.017978848058939987,0.021161268928866335
adl-27-cam0-rgb,adl,87,168494,0.4630519598722458,0.5914097428321838,0.4631506949663162,0.48183003067970276,0.051625456373353217,0.039357274770736694,0.01785580813884735,0.021501466631889343,0.9615998268127441,0.9912591477235159,0.4630682261991288,0.5915182271561057,-0.010203960281173038,0.018168775163171585,0.021313925455142893
adl-27-cam0-rgb,adl,89,168560,0.46304942667484283,0.591408371925354,0.46317772567272186,0.48279809951782227,0.06768225060156521,0.03982439637184143,0.017859503626823425,0.021964892745018005,0.9634488821029663,0.9917554259300232,0.4630283621095469,0.5914247666860547,0.0746673553532704,0.018275232477621573,0.021569712660013306
adl-27-cam0-rgb,adl,91,168626,0.46314282715320587,0.5913222432136536,0.463259220123291,0.48327772319316864,0.06172292097616245,0.04060560464859009,0.018724307417869568,0.02188129723072052,0.9651822447776794,0.9922199745972952,0.4630621236898159,0.5913084486088187,0.129969766399045,0.018331496488480314,0.021768706959563386
adl-27-cam0-rgb,adl,93,168692,0.4631165713071823,0.5915999412536621,0.463340163230896,0.48334573209285736,0.11834048250156048,0.0405268669128418,0.018678590655326843,0.021848276257514954,0.9671841859817505,0.9927186568578085,0.4630596819507093,0.591522401880908,0.22902673900556209,0.018355536744708103,0.021804107461140775
adl-27-cam0-rgb,adl,95,168758,0.4631388634443283,0.5917970836162567,0.46389567852020264,0.483807310461998,0.40153431718887844,0.03975686430931091,0.018194571137428284,0.02156229317188263,0.968540608882904,0.9930931329727173,0.46308802862316983,0.5918522403224717,0.3381540209360021,0.018337534793785634,0.021759984561633226
adl-27-cam0-rgb,adl,97,168824,0.4631582051515579,0.5914833247661591,0.46404869854450226,0.48403745889663696,0.47484698032532846,0.03958559036254883,0.018174633383750916,0.021410956978797913,0.9686429500579834,0.9932063420613607,0.46314716370719816,0.5922979639335105,0.45735161219036513,0.01827749063571293,0.02163633826104076
adl-27-cam0-rgb,adl,99,168890,0.46317271888256073,0.5934417545795441,0.4642931818962097,0.48419880867004395,0.5876402382429023,0.039817214012145996,0.018183842301368713,0.021633371710777283,0.9704040884971619,0.9936223725477854,0.46323708720279416,0.5928595727140245,0.5866195127686509,0.018175404270489994,0.021433168559363378
adl-28-cam0-rgb,adl,1,169890,0.48092401027679443,0.5405844151973724,0.4806864559650421,0.3582562506198883,-0.07465029771161469,0.05120787024497986,0.020685970783233643,0.030521899461746216,0.9881079792976379,0.9970594445864359,0.48087257462920513,0.5411214525049378,-0.32100528567906633,0.02090069389704501,0.02993689459381679
adl-28-cam0-rgb,adl,3,169956,0.4817163050174713,0.5418806374073029,0.48096978664398193,0.35831689834594727,-0.2330096158865222,0.05141860246658325,0.020534425973892212,0.03088417649269104,0.9880727529525757,0.9970224996407827,0.4817643434260827,0.5413559321201205,-0.15418246428869256,0.020203559190937956,0.031402323598211435
adl-28-cam0-rgb,adl,5,170022,0.4825751483440399,0.5417772829532623,0.4813348054885864,0.3575880527496338,-0.3858278602129269,0.051242172718048096,0.019545942544937134,0.03169623017311096,0.9883405566215515,0.9970707496007284,0.482464053607606,0.5415664745357642,-0.02497350191622716,0.01968011661267383,0.0321404869164223
adl-28-cam0-rgb,adl,7,170088,0.48267102241516113,0.5419743359088898,0.48262959718704224,0.3582114428281784,-0.012916049897690298,0.05130913853645325,0.019520878791809082,0.031788259744644165,0.988218367099762,0.9970469772815704,0.4829717051737751,0.541753079751869,0.06662160143832979,0.019330366162252623,0.03215138454844939
adl-28-cam0-rgb,adl,9,170154,0.48334282636642456,0.5419780015945435,0.4839923679828644,0.35929742455482483,0.20372081702019437,0.05088427662849426,0.01913905143737793,0.03174522519111633,0.9873377680778503,0.9967857400576273,0.48328729812458926,0.5419157477684343,0.12060284577497828,0.019154307839674325,0.03143501649429267
adl-28-cam0-rgb,adl,11,170220,0.48366138339042664,0.5416335463523865,0.4843243360519409,0.3614061176776886,0.21075714436364357,0.04989001154899597,0.01886311173439026,0.031026899814605713,0.9876218438148499,0.996850828329722,0.48381251348303445,0.5418178293354059,0.21238672921075485,0.018712673932958966,0.030362920005084067
adl-28-cam0-rgb,adl,13,170286,0.48316650092601776,0.5417020916938782,0.48430052399635315,0.3618573546409607,0.36127759838997286,0.04710155725479126,0.01945282518863678,0.02764873206615448,0.9880967736244202,0.9969059228897095,0.4837597761448321,0.5419302515653297,0.23592464038784583,0.018967074426737673,0.028085086059260637
adl-28-cam0-rgb,adl,15,170352,0.4832212030887604,0.5424605011940002,0.4837128669023514,0.36152009665966034,0.1556876818014915,0.043937474489212036,0.01959088444709778,0.024346590042114258,0.9883504509925842,0.9968198239803314,0.48312952211408833,0.541937801099958,-0.004378920908039728,0.01974677381577427,0.024772856529656904
adl-28-cam0-rgb,adl,17,170418,0.48254552483558655,0.5425328016281128,0.4816991984844208,0.3616177886724472,-0.2680295764289911,0.04170560836791992,0.020266443490982056,0.021439164876937866,0.9888635277748108,0.9968649546305338,0.48069025201972876,0.5425854638799437,-0.07359510205386277,0.0222209361079451,0.019783740758379787
adl-28-cam0-rgb,adl,19,170484,0.477727547287941,0.5432853400707245,0.47700832784175873,0.36335475742816925,-0.2290217634858139,0.03973236680030823,0.02503649890422821,0.014695867896080017,0.9895894527435303,0.9970106879870096,0.4772319762737713,0.5432016675348398,-0.07366222365205002,0.02562500388075259,0.014372868971391136
adl-28-cam0-rgb,adl,21,170550,0.47386297583580017,0.544183224439621,0.47219958901405334,0.36529941856861115,-0.5327609024527361,0.037434667348861694,0.02823767066001892,0.009196996688842773,0.9902612566947937,0.9970998764038086,0.47350816377055527,0.5447657984314536,-0.14528447649114917,0.02854951513019987,0.009280954023976332
adl-28-cam0-rgb,adl,23,170616,0.4673589915037155,0.5477549731731415,0.46882160007953644,0.3749704211950302,0.48499299276045066,0.03610044717788696,0.03355325758457184,0.0025471895933151245,0.9909764528274536,0.99717644850413,0.4699327464485574,0.5473799123650498,-0.19650843183775812,0.030152266030703742,0.0048257308604913295
adl-28-cam0-rgb,adl,25,170682,0.4671526551246643,0.5486617684364319,0.46659600734710693,0.38117094337940216,-0.1904190924740993,0.033711016178131104,0.031638145446777344,0.0020728707313537598,0.9916110634803772,0.9972171584765116,0.4672947804649148,0.5501879934882696,-0.22866388676386346,0.030409751129356767,0.0014604741618746788
adl-28-cam0-rgb,adl,27,170748,0.4672192633152008,0.5555289685726166,0.4651651680469513,0.40830498933792114,-0.799349089645298,0.02778288722038269,0.027084261178970337,0.0006986260414123535,0.9903715252876282,0.997096836566925,0.46660390238225136,0.5533305059521737,-0.4923323858398096,0.02856436926565125,0.0006860911330103358
adl-28-cam0-rgb,adl,29,170814,0.46714770793914795,0.5587992668151855,0.46502962708473206,0.42125657200813293,-0.8822533408404186,0.024808555841445923,0.024007290601730347,0.0008012652397155762,0.9811541438102722,0.9955018162727356,0.46719974195544267,0.5574810058523558,-0.8552526414540085,0.025976743210445713,0.001938877619190131
adl-28-cam0-rgb,adl,31,170880,0.4683593213558197,0.5603404641151428,0.46583451330661774,0.43648168444633484,-1.1677881347798458,0.025403916835784912,0.02328076958656311,0.0021231472492218018,0.956331193447113,0.991040974855423,0.4691503539487906,0.5637283414215228,-1.6162793558330013,0.022241295158088946,0.003197515036636612
adl-28-cam0-rgb,adl,33,170946,0.471205472946167,0.5680400133132935,0.4678555130958557,0.4775053411722183,-2.1190890859259315,0.02572399377822876,0.019277334213256836,0.006446659564971924,0.9179478883743286,0.9839951694011688,0.4707815929666735,0.5723089807993398,13.682109262934905,0.0187635773962194,0.0034841555795628223
adl-28-cam0-rgb,adl,35,171012,0.47258803248405457,0.5779815912246704,0.4690326750278473,0.49298885464668274,-2.395360947710288,0.02337631583213806,0.01716315746307373,0.006213158369064331,0.8460128307342529,0.9708194533983866,0.4723550630854315,0.5776311524244605,-28.963347152416496,0.015936274936188842,0.003349017013203009
adl-28-cam0-rgb,adl,37,171078,0.47447241842746735,0.5872298777103424,0.47086478769779205,0.5218673944473267,-3.1591899251456055,0.010700821876525879,0.011345550417900085,0.0006447285413742065,0.8220120072364807,0.9637686808904012,0.4735329215015677,0.5801473067694404,-37.133671395105544,0.013195342509261439,0.0034295037324294335
adl-28-cam0-rgb,adl,39,171144,0.4738684147596359,0.5854620039463043,0.47247403860092163,0.5427700579166412,-1.8706919214991984,0.0078026652336120605,0.00933326780796051,0.0015306025743484497,0.7749573588371277,0.9480760594209036,0.47418608513229266,0.5791165102353851,-18.0491105192011,0.01034668578213942,0.003444802709472123
adl-28-cam0-rgb,adl,41,171210,0.47380660474300385,0.5679757297039032,0.47305525839328766,0.5760971307754517,-174.71436223093278,0.006733685731887817,0.010054931044578552,0.003321245312690735,0.7814463973045349,0.9482183158397675,0.47405249267429433,0.5743440210303179,20.286494706486923,0.0083186211008014,0.003985030826552084
adl-28-cam0-rgb,adl,43,171276,0.4735199064016342,0.5641776025295258,0.474339559674263,0.5771561861038208,176.38632477991882,0.00017157196998596191,0.007858648896217346,0.007687076926231384,0.8030137419700623,0.9532976150512695,0.4736554091110883,0.5671282929259454,70.01122162406531,0.007240023576852037,0.005719878585823679
adl-28-cam0-rgb,adl,45,171342,0.4737187772989273,0.5605510175228119,0.4744025468826294,0.5793268084526062,177.91434588479044,0.001791626214981079,0.006087020039558411,0.00787864625453949,0.8175236582756042,0.956482450167338,0.4731361305429815,0.5608355997702767,123.38538640259819,0.007810216122891468,0.008059457460523157
adl-28-cam0-rgb,adl,47,171408,0.472377210855484,0.5583228766918182,0.4739592969417572,0.5929766595363617,177.38602979092332,0.0023112595081329346,0.007536172866821289,0.009847432374954224,0.822742760181427,0.9569412469863892,0.47289820557290785,0.5574143700527414,172.6058004059993,0.008633928317012195,0.00965589665489278
adl-28-cam0-rgb,adl,49,171474,0.47243277728557587,0.5552626252174377,0.47352439165115356,0.5875516831874847,178.0637067888912,0.0012282729148864746,0.010516181588172913,0.009287908673286438,0.822880208492279,0.9570532540480295,0.47268815848218343,0.5560152356500742,210.1604855323921,0.009608542764341662,0.009240591938877505
adl-28-cam0-rgb,adl,51,171540,0.47264519333839417,0.5564371049404144,0.47338351607322693,0.587132066488266,178.6220989079195,0.003669649362564087,0.012686967849731445,0.009017318487167358,0.8258325457572937,0.9580372174580892,0.4725287079295032,0.5542487503388219,178.7901179238736,0.011289402390971311,0.008128507441772514
adl-28-cam0-rgb,adl,53,171606,0.4725719839334488,0.552169919013977,0.4728599339723587,0.5872237086296082,179.52935328696225,0.00393986701965332,0.01231403648853302,0.0083741694688797,0.8229644894599915,0.9570772349834442,0.47226271575147394,0.5526909808833869,211.72936507564202,0.012592911462247095,0.007784784227222579
adl-28-cam0-rgb,adl,55,171672,0.47245030105113983,0.5487417876720428,0.4728061109781265,0.5865387320518494,179.4606493913797,0.00974622368812561,0.012629315257072449,0.0028830915689468384,0.8141494989395142,0.9554042319456736,0.4721897532155497,0.5508310562604426,190.23862442703023,0.013254792401284863,0.0068047535625887015
adl-28-cam0-rgb,adl,57,171738,0.47203633189201355,0.5508339107036591,0.4722003936767578,0.5853987336158752,179.72804786883657,0.00676417350769043,0.013630956411361694,0.006866782903671265,0.8066908717155457,0.9516927897930145,0.4722847230893702,0.5491288643636737,129.93657794019225,0.013200838005903976,0.005482403811438251
adl-28-cam0-rgb,adl,59,171804,0.4717675447463989,0.5469936430454254,0.47214375436306,0.5850726962089539,179.43395331098958,0.0057808756828308105,0.012904047966003418,0.007123172283172607,0.7916283011436462,0.9478070040543874,0.47246490954320597,0.5464220934616015,46.205573228948865,0.013081374235483455,0.003794446394040982
adl-28-cam0-rgb,adl,61,171870,0.47278304398059845,0.5441282689571381,0.47237592935562134,0.5837139785289764,-179.41076899442325,0.011625528335571289,0.013558045029640198,0.0019325166940689087,0.7854304909706116,0.9467926422754923,0.4727674668485462,0.5445279845427633,-45.28930457410511,0.0131869539295956,0.0028333284638144716
adl-28-cam0-rgb,adl,63,171936,0.47394193708896637,0.5426899790763855,0.4724613279104233,0.583933025598526,-177.9439869566143,0.01238793134689331,0.012434825301170349,4.6893954277038574e-05,0.7821188569068909,0.9466866056124369,0.47305524175043157,0.5424766549558342,-129.06740643760773,0.01317167753006987,0.002440451221032572
adl-28-cam0-rgb,adl,65,172002,0.4733387529850006,0.538239985704422,0.4724419414997101,0.583774596452713,-178.87169627783712,0.013636559247970581,0.013024330139160156,0.0006122291088104248,0.7608175873756409,0.9402475456396738,0.4734917021804035,0.5403019367874435,-222.27192868204042,0.012799539155774283,0.0009426715183051624
adl-28-cam0-rgb,adl,67,172068,0.4734112322330475,0.5392132103443146,0.47236794233322144,0.5847831070423126,-178.68848358586698,0.00971105694770813,0.013026654720306396,0.0033155977725982666,0.73738032579422,0.9339194297790527,0.47364833473643114,0.538097481706957,-222.2850688076634,0.012706509013196587,0.0012674300701587219
adl-28-cam0-rgb,adl,69,172134,0.47337642312049866,0.5366763174533844,0.4729485809803009,0.5828697681427002,-179.4693436484029,0.010136842727661133,0.012484878301620483,0.0023480355739593506,0.7044855952262878,0.924839566151301,0.47326560982894006,0.5317621628443392,-113.08953870304973,0.012550955985015586,0.0030402715330000002
adl-28-cam0-rgb,adl,71,172200,0.4739850014448166,0.5341961979866028,0.47349944710731506,0.58039990067482,-179.39790128133305,0.013817250728607178,0.011340424418449402,0.002476826310157776,0.6781596541404724,0.9173110326131185,0.47322074714161033,0.5320091553322672,-40.67826991988442,0.012009251040297653,0.003968244636213619
adl-28-cam0-rgb,adl,73,172266,0.4731174409389496,0.5280813574790955,0.47373315691947937,0.5719756484031677,179.19635076021166,0.00468716025352478,0.0121670663356781,0.00747990608215332,0.6802743077278137,0.9173773328463236,0.4738811179027922,0.5366696425072551,20.363772442476268,0.011081050033177116,0.004899048895546878
adl-28-cam0-rgb,adl,75,172332,0.4736074209213257,0.5276747941970825,0.4745577573776245,0.5627046525478363,178.44598528083483,0.0039979517459869385,0.010822266340255737,0.006824314594268799,0.6793616414070129,0.9159372051556905,0.47501996656258827,0.542916961175538,62.317654006341016,0.010246153582226133,0.006630824822368034
adl-28-cam0-rgb,adl,77,172398,0.47682325541973114,0.5683760344982147,0.47619935870170593,0.5160917341709137,-0.6836651164506642,0.014130175113677979,0.008404955267906189,0.0057252198457717896,0.7018641233444214,0.9222909510135651,0.47646313331601875,0.550168449099445,77.644900865113,0.009587530127335406,0.009268025234664145
adl-28-cam0-rgb,adl,79,172464,0.47833362221717834,0.5631020069122314,0.47889697551727295,0.5017824172973633,0.5263710764264018,0.020881563425064087,0.009292364120483398,0.011589199304580688,0.6939588189125061,0.9232208033402761,0.4770367933687193,0.5545934823684363,78.64770709380448,0.009714175767196716,0.01087931789361036
adl-28-cam0-rgb,adl,81,172530,0.4790230095386505,0.5596933960914612,0.48220688104629517,0.48775653541088104,2.5342143565085276,0.02529245615005493,0.00993230938911438,0.015360146760940552,0.67634117603302,0.9224744439125061,0.4774234177552775,0.5586232520801164,56.63825474542051,0.010247610044943817,0.012366230656832313
adl-28-cam0-rgb,adl,83,172596,0.47820979356765747,0.5594296455383301,0.4835999757051468,0.4694563299417496,3.4284165758512137,0.025635898113250732,0.010833382606506348,0.014802515506744385,0.6615961790084839,0.9220045308272043,0.47762300647569406,0.5622577582344863,11.616543819960867,0.011187832960576715,0.013728763524330006
adl-28-cam0-rgb,adl,85,172662,0.47608116269111633,0.5624283850193024,0.4834648072719574,0.45287929475307465,3.8559224701041455,0.02628844976425171,0.013213783502578735,0.013074666261672974,0.6457682847976685,0.9211104214191437,0.4776355595299689,0.5654970008315461,-56.41742568257436,0.012534844514095414,0.01496691649610344
adl-29-cam0-rgb,adl,1,173662,0.4728020429611206,0.5662338435649872,0.481321781873703,0.44270800054073334,3.9455164200670025,0.02912852168083191,0.014422208070755005,0.014706313610076904,0.6949739456176758,0.9456372261047363,0.4745471024152001,0.558446096290241,2.196402407734307,0.013344322370760333,0.019743741822965215
adl-29-cam0-rgb,adl,3,173728,0.46953994035720825,0.5436635613441467,0.46440550684928894,0.37023842334747314,-1.6958064268240258,0.04055926203727722,0.019121497869491577,0.021437764167785645,0.7245772480964661,0.9508510033289591,0.4684165170698452,0.5523661968382917,0.011329438153306004,0.02032330352248565,0.01798712692477486
adl-29-cam0-rgb,adl,5,173794,0.4647149294614792,0.5435188412666321,0.4570073187351227,0.3622359335422516,-2.4345800563750792,0.046235233545303345,0.025148048996925354,0.02108718454837799,0.7518508434295654,0.9556918144226074,0.46311081098271634,0.5473734742377223,-1.6740318741201219,0.02599582878542151,0.016142266769429817
adl-29-cam0-rgb,adl,7,173860,0.4597500115633011,0.5435540974140167,0.4473525434732437,0.3556593060493469,-3.7749555779518174,0.045924752950668335,0.030073001980781555,0.01585175096988678,0.7755152583122253,0.959830661614736,0.4586299841538134,0.5434679284885329,-2.8596815290859765,0.030361898159567913,0.014209161356930088
adl-29-cam0-rgb,adl,9,173926,0.45420002937316895,0.5428763628005981,0.44474275410175323,0.3561812788248062,-2.8999113239505103,0.04559078812599182,0.03493800759315491,0.010652780532836914,0.7968000173568726,0.9635266164938608,0.454974036583136,0.5406495595907228,-3.5456195267442543,0.03342151164492482,0.012187810687275657
adl-29-cam0-rgb,adl,11,173992,0.4505924731492996,0.540653795003891,0.4413103312253952,0.3550552725791931,-2.863087556257885,0.04276072978973389,0.03610418736934662,0.006656542420387268,0.8158612251281738,0.9667582213878632,0.4515701137579874,0.5416641662389161,-3.077396007537771,0.035309173586048556,0.008128176777909833
adl-29-cam0-rgb,adl,13,174058,0.44944003224372864,0.5413634777069092,0.4413258284330368,0.3527422845363617,-2.4632606577208027,0.03973713517189026,0.034396618604660034,0.005340516567230225,0.8323066830635071,0.9693100154399872,0.4495709008210659,0.540354908544779,-2.7336994009892637,0.03542815090773936,0.0057411124179889556
adl-29-cam0-rgb,adl,15,174124,0.44896814227104187,0.539739191532135,0.44045308232307434,0.3527826964855194,-2.6077728103558804,0.040018945932388306,0.03467729687690735,0.005341649055480957,0.8484503626823425,0.9721117715040842,0.4487104759716878,0.5390417417148483,-2.230834938304251,0.03451614933354509,0.00497904361842514
adl-29-cam0-rgb,adl,17,174190,0.44950510561466217,0.5368581712245941,0.4426475465297699,0.35207654535770416,-2.125368032102149,0.03868749737739563,0.03271906077861786,0.005968436598777771,0.8631665706634521,0.9746920665105184,0.448963410926587,0.5381045673058655,-1.9588992385603574,0.03257029152019711,0.005311140379348352
adl-29-cam0-rgb,adl,19,174256,0.44988441467285156,0.537137359380722,0.44609297811985016,0.35328051447868347,-1.181367643219841,0.037406712770462036,0.03103083372116089,0.0063758790493011475,0.8764294385910034,0.9769840141137441,0.44960751484482764,0.537507263354924,-1.5705360726131716,0.030696374384355705,0.006152350278127753
adl-29-cam0-rgb,adl,21,174322,0.45060598850250244,0.5373863875865936,0.4470229148864746,0.35413023829460144,-1.1201197987014295,0.03747844696044922,0.030174672603607178,0.007303774356842041,0.8883816003799438,0.978990912437439,0.45087146546159407,0.5370810513114509,-1.2178194469849362,0.02991094740180222,0.007576431353370854
adl-29-cam0-rgb,adl,23,174388,0.4529128819704056,0.5377541184425354,0.4497080445289612,0.3546879142522812,-1.0029426510916135,0.03798753023147583,0.02834700047969818,0.009640529751777649,0.8991712927818298,0.9807511866092682,0.45294831731876706,0.5372239387396602,-0.8396420367223711,0.03067512178059776,0.009706332634537754
adl-29-cam0-rgb,adl,25,174454,0.45528383553028107,0.5377315580844879,0.45368950068950653,0.3547373116016388,-0.4991760561938974,0.042733997106552124,0.030563101172447205,0.01217089593410492,0.9087879061698914,0.9821427464485168,0.4560630907873048,0.5379743711514899,-0.5933245427987354,0.032636792306260064,0.012917605635923722
adl-29-cam0-rgb,adl,27,174520,0.4603283703327179,0.5386653542518616,0.45967288315296173,0.3565366864204407,-0.20620854045538822,0.05270355939865112,0.035495907068252563,0.01720765233039856,0.9166903495788574,0.9822267393271128,0.46029538161310735,0.5384935610222086,-0.2261381493691209,0.03430434829228879,0.017186004233050632
adl-29-cam0-rgb,adl,29,174586,0.46496085822582245,0.5391544699668884,0.4660196304321289,0.36349062621593475,0.3453325568833836,0.06009554862976074,0.038351431488990784,0.02174411714076996,0.9245447516441345,0.9833231468995413,0.46523470157410607,0.5397875312860902,0.5022747507799916,0.03472762364587738,0.02221373246087653
adl-29-cam0-rgb,adl,31,174652,0.47054001688957214,0.5414805710315704,0.47384288907051086,0.3692333996295929,1.0985228145329526,0.06197550892829895,0.0346507728099823,0.02732473611831665,0.9319034218788147,0.9847790400187174,0.4702272615778491,0.5416182487299941,1.5123976827742749,0.033650782523733144,0.02704034461861561
adl-29-cam0-rgb,adl,33,174718,0.47522103786468506,0.5424979329109192,0.4828757643699646,0.37687018513679504,2.6461245890073783,0.06094563007354736,0.029361963272094727,0.03158366680145264,0.9385165572166443,0.9859966039657593,0.47468506367433566,0.5436122849648125,2.6497649308278186,0.030758215945004337,0.03095383477675446
adl-29-cam0-rgb,adl,35,174784,0.47871537506580353,0.5461779832839966,0.4898180812597275,0.3828464597463608,3.8887844571782644,0.059951841831207275,0.025243684649467468,0.03470815718173981,0.9444530010223389,0.9869988361994425,0.47831905430013416,0.5446940357292878,3.666731823766333,0.026611475459424924,0.033741861194759165
adl-29-cam0-rgb,adl,37,174850,0.4809584468603134,0.5459980666637421,0.4944789260625839,0.38400113582611084,4.770924669704705,0.057736337184906006,0.02296443283557892,0.03477190434932709,0.9498166441917419,0.9880537192026774,0.4811188019973368,0.5447617516373136,4.335938663944228,0.022989704882427693,0.03522920531111873
adl-29-cam0-rgb,adl,39,174916,0.482291117310524,0.5443350672721863,0.4958421140909195,0.3840381056070328,4.832114487093082,0.05597788095474243,0.021453842520713806,0.034524038434028625,0.954608142375946,0.9890263676643372,0.4834940286425794,0.5434754419894438,4.9435554372476265,0.020431295101776756,0.03590866355668926
adl-29-cam0-rgb,adl,41,174982,0.48438799381256104,0.5408140122890472,0.4959307014942169,0.38348841667175293,4.19617412726424,0.054474055767059326,0.01944279670715332,0.035031259059906006,0.9584170579910278,0.9898768961429596,0.48442088731955585,0.542455738757079,4.56256426008054,0.019649174048270986,0.03478218015138199
adl-29-cam0-rgb,adl,43,175048,0.48431429266929626,0.5396837592124939,0.49500153958797455,0.38339653611183167,3.911915206904343,0.05246409773826599,0.019977957010269165,0.032486140727996826,0.9613660573959351,0.9905490279197693,0.4833102161105054,0.5409298697849365,3.5497453557883247,0.02068289927331913,0.03132197963985009
adl-29-cam0-rgb,adl,45,175114,0.4838566780090332,0.539278507232666,0.49424879252910614,0.38428859412670135,3.8359555082036425,0.05045697093009949,0.020416855812072754,0.030040115118026733,0.9637269377708435,0.9910879631837209,0.48061769800784715,0.5399019127284286,2.403800061501597,0.023051200620023686,0.02664763651368934
adl-29-cam0-rgb,adl,47,175180,0.47622227668762207,0.5420562028884888,0.47613972425460815,0.4070606082677841,-0.03503747973355128,0.04713800549507141,0.027096152305603027,0.020041853189468384,0.9647570848464966,0.991335948308309,0.4772595700634499,0.5387702221736239,1.4119921703066571,0.02606067725848322,0.021535778781036248
adl-29-cam0-rgb,adl,49,175246,0.47103019058704376,0.5383988618850708,0.47101686894893646,0.430314764380455,-0.007061849555169933,0.04453009366989136,0.031119510531425476,0.013410583138465881,0.9672124981880188,0.991838405529658,0.4735642734157052,0.5380635320882252,0.8603996125581697,0.029263170186059256,0.016568975337656007
adl-29-cam0-rgb,adl,51,175312,0.47009219229221344,0.5377436578273773,0.47117680311203003,0.4594277888536453,0.7934490239947287,0.04489481449127197,0.03208945691585541,0.012805357575416565,0.9684734344482422,0.9920765856901804,0.47108696710753684,0.5387467491678337,0.4695672160258824,0.031208722815885128,0.013509778942896672
adl-29-cam0-rgb,adl,53,175378,0.47087517380714417,0.5374520421028137,0.4719524532556534,0.4794343560934067,1.0637527603072514,0.04456952214241028,0.031478673219680786,0.013090848922729492,0.9713098406791687,0.9927751223246256,0.46995901526052647,0.5405008481952527,0.7125748680236322,0.03189360160074188,0.012118440105285462
adl-29-cam0-rgb,adl,55,175444,0.4705461114645004,0.5430633425712585,0.4720682203769684,0.4895222336053848,1.628411053524272,0.04398736357688904,0.03117235004901886,0.012815013527870178,0.974006712436676,0.9934569597244263,0.4706168397293456,0.5433464091577563,1.3849793730398792,0.031060512125234023,0.012830052347410276
adl-29-cam0-rgb,adl,57,175510,0.47280263900756836,0.5512336194515228,0.473633736371994,0.5064341127872467,1.062799867180358,0.0439152717590332,0.028762519359588623,0.01515275239944458,0.9763190746307373,0.9940360188484192,0.47192853315051947,0.5480124574977074,1.514356830462625,0.029801125263238838,0.014064852680478758
adl-29-cam0-rgb,adl,59,175576,0.4725636690855026,0.5536094605922699,0.4739016145467758,0.517020970582962,2.0942238086926355,0.0430263876914978,0.028848126530647278,0.014178261160850525,0.9764555096626282,0.9941131770610809,0.47328042197020986,0.5539844060615019,1.2849991554991442,0.02852349815430575,0.015020158125724607
adl-29-cam0-rgb,adl,61,175642,0.47366973757743835,0.5584614276885986,0.4742533415555954,0.5202690064907074,0.8754470548203641,0.043549150228500366,0.028372496366500854,0.015176653861999512,0.9782559275627136,0.9945512115955353,0.47435837035829304,0.5599659765179531,1.1138148169946502,0.027610165409711493,0.015546932171433495
adl-29-cam0-rgb,adl,63,175708,0.47604963183403015,0.5643989443778992,0.4765823632478714,0.5255354046821594,0.7853466329988052,0.04318338632583618,0.026554733514785767,0.016628652811050415,0.9801141023635864,0.9950112799803416,0.4750481290476656,0.5648432970046988,1.0365375591179549,0.02721502086816924,0.015568375587463356
adl-29-cam0-rgb,adl,65,175774,0.4761617034673691,0.5722134709358215,0.4766699820756912,0.5203491151332855,0.5614894150015373,0.04244256019592285,0.026463761925697327,0.015978798270225525,0.979481041431427,0.9947886168956757,0.47516008953511385,0.5693890542695008,1.1194333479822105,0.027318998461677874,0.015095881827465876
adl-29-cam0-rgb,adl,67,175840,0.4746095985174179,0.5738010704517365,0.476011723279953,0.5204547345638275,1.5055830621635935,0.04181373119354248,0.027955904603004456,0.013857826590538025,0.9769468903541565,0.9940531750520071,0.47508213098172947,0.5740802655746402,1.1777685787419792,0.02764157318707664,0.014773605770362897
adl-29-cam0-rgb,adl,69,175906,0.47372666001319885,0.5777896642684937,0.47543978691101074,0.5184747278690338,1.654349953249833,0.04231661558151245,0.028969138860702515,0.013347476720809937,0.9727522730827332,0.9925329486529032,0.4744733778429231,0.5788721471895895,1.3352468345938573,0.028411396654137243,0.01414507356556977
adl-29-cam0-rgb,adl,71,175972,0.47387655079364777,0.5832470059394836,0.4755469560623169,0.5132935047149658,1.3678941850700075,0.04288971424102783,0.02905707061290741,0.013832643628120422,0.9722875356674194,0.9919663965702057,0.4735529749811463,0.5840962638844651,1.2695100063703415,0.02941003074119613,0.01351706554621327
adl-29-cam0-rgb,adl,73,176038,0.4731869250535965,0.5880191028118134,0.4747161567211151,0.508244127035141,1.098186364599829,0.04407083988189697,0.03034435212612152,0.013726487755775452,0.9746597409248352,0.992593010266622,0.4731127256567853,0.5893290549903712,1.0067233488220508,0.030219777257411467,0.013181563902210862
adl-29-cam0-rgb,adl,75,176104,0.4729163348674774,0.5964291393756866,0.4732359051704407,0.5014591664075851,0.19279736465950176,0.044098854064941406,0.030602723360061646,0.01349613070487976,0.9770179390907288,0.9932152529557546,0.4730860472241515,0.5949845601727943,0.5374256923963052,0.030516095233685998,0.01337923864265539
adl-29-cam0-rgb,adl,77,176170,0.4727538228034973,0.6011282801628113,0.47311457991600037,0.5017858445644379,0.20806585817214437,0.04388397932052612,0.030702173709869385,0.013181805610656738,0.9791231155395508,0.9937772750854492,0.4731148089810361,0.5995966655351374,0.169956685844614,0.030609790832449302,0.013560351677787234
adl-29-cam0-rgb,adl,79,176236,0.47345711290836334,0.6024949848651886,0.47317013144493103,0.5008098781108856,-0.16170296242760612,0.04436036944389343,0.030954226851463318,0.013406142592430115,0.9810575842857361,0.9943080643812815,0.4731652982436211,0.6026072952396417,-0.10383720142430884,0.03055457138653953,0.01394894015995453
adl-29-cam0-rgb,adl,81,176302,0.4734324663877487,0.6042899489402771,0.47310134768486023,0.5001453757286072,-0.18216638354200015,0.045181870460510254,0.029874339699745178,0.015307530760765076,0.9824666380882263,0.9946233928203583,0.4733530225562836,0.6045971225092412,-0.26683389749125447,0.030236177436717103,0.014971485708183005
adl-29-cam0-rgb,adl,83,176368,0.4733060151338577,0.6050035357475281,0.4727635979652405,0.49970366060733795,-0.29513747835341286,0.04577210545539856,0.0300014466047287,0.01577065885066986,0.983930766582489,0.9950002729892731,0.4733052654312796,0.6051894555360199,-0.3045839270895778,0.030156395845598944,0.016104510529732784
adl-29-cam0-rgb,adl,85,176434,0.47321777045726776,0.6049342453479767,0.47240668535232544,0.5000338107347488,-0.4429993781136117,0.04743438959121704,0.030078008770942688,0.017356380820274353,0.9853615760803223,0.9954079290231069,0.47304503019753924,0.6055066426853073,-0.3892272027505933,0.030252412284091396,0.017140863261697586
adl-29-cam0-rgb,adl,87,176500,0.4727512001991272,0.6069779694080353,0.4720790982246399,0.5019550323486328,-0.366663530186249,0.049136340618133545,0.030409634113311768,0.018726706504821777,0.9866111874580383,0.995727926492691,0.4725780552857875,0.6061823543532061,-0.399623983706795,0.030518551538516906,0.017851380816785778
adl-29-cam0-rgb,adl,89,176566,0.4718327820301056,0.6062775552272797,0.47110746800899506,0.5028415024280548,-0.4017627315410116,0.049101680517196655,0.03128591179847717,0.017815768718719482,0.9877342581748962,0.9960302909215292,0.4721665466889668,0.6067876609372878,-0.4075705661303042,0.030985209913480805,0.018133309689951124
adl-29-cam0-rgb,adl,91,176632,0.47170214354991913,0.606793612241745,0.4710182547569275,0.5062003135681152,-0.38952234721504,0.049412280321121216,0.03141672909259796,0.017995551228523254,0.9885062575340271,0.9961570103963217,0.47181250271084957,0.6074876678196375,-0.41258141632767875,0.03126905794009497,0.018348862662975897
adl-29-cam0-rgb,adl,93,176698,0.4715847671031952,0.6087888777256012,0.4710119813680649,0.5077739655971527,-0.32488127520510257,0.04972144961357117,0.03153291344642639,0.018188536167144775,0.9879879355430603,0.9961598515510559,0.4715210437387608,0.6080756873795472,-0.318795973122872,0.031571058935417194,0.018196696907410864
adl-29-cam0-rgb,adl,95,176764,0.4715466648340225,0.6085624396800995,0.4711032509803772,0.5086865425109863,-0.25437143689132985,0.04989558458328247,0.031571730971336365,0.018323853611946106,0.9883521795272827,0.9963324268658956,0.4714614943766484,0.608324930136337,-0.2079861015382481,0.03169804979196354,0.018167069851061972
adl-29-cam0-rgb,adl,97,176830,0.4714903384447098,0.6086251437664032,0.47114428877830505,0.5095889866352081,-0.20020066680776819,0.05008822679519653,0.0316380113363266,0.018450215458869934,0.9887452721595764,0.9965213934580485,0.47153288371119084,0.6086139544780111,-0.052815420199443075,0.0316799464937928,0.018412004559587063
adl-29-cam0-rgb,adl,99,176896,0.4714471399784088,0.608361542224884,0.4719443917274475,0.5096076726913452,0.28849690581967596,0.050303876399993896,0.032091349363327026,0.01821252703666687,0.9890912175178528,0.9967019160588583,0.4715941972159713,0.6085802181200539,0.0976027699830828,0.03181318332364544,0.018620252415731328
adl-29-cam0-rgb,adl,101,176962,0.4718276709318161,0.6083155274391174,0.4721919149160385,0.509512335062027,0.21122342267571131,0.05068027973175049,0.03172917664051056,0.01895110309123993,0.989789605140686,0.996940682331721,0.47166971965527565,0.6083329199970533,0.19713994824384623,0.03198466459652041,0.018746912801936563
adl-29-cam0-rgb,adl,103,177028,0.4717141389846802,0.6081570982933044,0.47218382358551025,0.5102971792221069,0.27499244787760624,0.05089208483695984,0.03200650215148926,0.01888558268547058,0.9896440505981445,0.9969982306162516,0.47171403745036034,0.6083301202559359,0.252657888141265,0.03215026868370184,0.018771130285221753
adl-29-cam0-rgb,adl,105,177094,0.4718059003353119,0.6084527671337128,0.4721824824810028,0.510637104511261,0.22058288426355466,0.051596611738204956,0.03259637951850891,0.019000232219696045,0.990447461605072,0.997244656085968,0.4717324606396929,0.6083514529131183,0.2479327832459131,0.03237461727676965,0.018724166792192472
adl-29-cam0-rgb,adl,107,177160,0.47167570888996124,0.6084226667881012,0.4718863517045975,0.5107293725013733,0.12353893528269487,0.05099135637283325,0.03257058560848236,0.01842077076435089,0.9911293387413025,0.9974531431992849,0.47175100645719603,0.6084006862206883,0.14861808557022005,0.03253401222425101,0.018701963287927344
adl-29-cam0-rgb,adl,109,177226,0.4715820401906967,0.6084277033805847,0.471836194396019,0.5109470188617706,0.14938272527398075,0.05093806982040405,0.03265668451786041,0.01828138530254364,0.9918252825737,0.9976617594559988,0.4716275742688729,0.6083603532283328,0.1415912296315617,0.03280441114654784,0.018428965241878037
adl-29-cam0-rgb,adl,111,177292,0.47160613536834717,0.6083815097808838,0.47175808250904083,0.5110241770744324,0.08942236357638961,0.051419854164123535,0.03305649757385254,0.018363356590270996,0.9924256205558777,0.9978475968043009,0.4715611875315242,0.6083572985547954,0.09272484829306109,0.03295570070093323,0.018279412995169147
adl-29-cam0-rgb,adl,113,177358,0.4716109037399292,0.6081474125385284,0.47167710959911346,0.5111594796180725,0.039111213187904746,0.051308661699295044,0.032882511615753174,0.01842615008354187,0.9929676651954651,0.9980141818523407,0.47146180949427796,0.608329464475829,0.08666041745099433,0.03301271067295235,0.01817672651309469
adl-29-cam0-rgb,adl,115,177424,0.47117018699645996,0.6079913675785065,0.471538245677948,0.5116062164306641,0.21878999316991896,0.05102294683456421,0.03324168920516968,0.01778125762939453,0.993221640586853,0.9981097479661306,0.4713766343278796,0.608100440853085,0.11553850285449505,0.03305219229939691,0.018136182969266692
adl-29-cam0-rgb,adl,117,177490,0.4714211970567703,0.6082037091255188,0.47143812477588654,0.5117884576320648,0.01005947541652183,0.051260560750961304,0.033029839396476746,0.018230721354484558,0.9935476779937744,0.9982204834620158,0.47130676355712786,0.6077826861695286,0.16463338246945008,0.0330205576502399,0.017985799482890513
adl-29-cam0-rgb,adl,119,177556,0.4712723344564438,0.6076699197292328,0.47165893018245697,0.5115663707256317,0.2304824767616639,0.05093371868133545,0.0328567773103714,0.01807694137096405,0.9938406348228455,0.9983143309752146,0.4713421678517287,0.607500369104988,0.16253202464554833,0.03296793692813806,0.018053680942172086
adl-29-cam0-rgb,adl,121,177622,0.4713219851255417,0.6065304577350616,0.47175565361976624,0.511222243309021,0.2607036874868238,0.05064433813095093,0.032736554741859436,0.01790778338909149,0.9943061470985413,0.9984472990036011,0.4714321702589719,0.6071744211179353,0.15085744771366177,0.03286972510350213,0.01820096714156013
adl-29-cam0-rgb,adl,123,177688,0.47154755890369415,0.6067520678043365,0.4719081223011017,0.5102938115596771,0.21417207300831528,0.05084294080734253,0.03274337947368622,0.01809956133365631,0.9946783781051636,0.9985537926355997,0.47157677077885807,0.6068048422083709,0.12960965167379057,0.03272592217633216,0.018427658081054666
adl-29-cam0-rgb,adl,125,177754,0.4718664735555649,0.6066311001777649,0.47183655202388763,0.5093346238136292,-0.017620138896003758,0.05170053243637085,0.032613351941108704,0.019087180495262146,0.9950499534606934,0.9986594716707865,0.47177596941138716,0.6063916323762951,0.09878863652593477,0.03253652814662815,0.018733753760655694
adl-30-cam0-rgb,adl,73,181130,0.25907352566719055,0.4335111379623413,0.2531709372997284,0.29952795803546906,-2.522517123763889,0.04131701588630676,0.03984588384628296,0.0014711320400238037,0.5392508506774902,0.859283318122228,0.25828037379365965,0.43497032143852915,-2.113300146948053,0.040108915260343846,0.0012609829505284534
adl-30-cam0-rgb,adl,75,181196,0.2628682404756546,0.43728865683078766,0.2600460350513458,0.2994633764028549,-1.1730639318119385,0.03961339592933655,0.03452195227146149,0.005091443657875061,0.5836522579193115,0.872542162736257,0.26356138541842944,0.43631366644844854,-1.5499948829661794,0.03508339948726423,0.0058399726947148565
adl-30-cam0-rgb,adl,77,181262,0.2672151029109955,0.43845072388648987,0.26579631865024567,0.30044902861118317,-0.5890325198052683,0.042389482259750366,0.03260594606399536,0.009783536195755005,0.6227360963821411,0.8839572966098785,0.26824738016247224,0.43747148735698677,-1.1324223162798683,0.03081138876480458,0.009600520063014251
adl-30-cam0-rgb,adl,79,181328,0.27254459261894226,0.43929465115070343,0.2701178267598152,0.2999510318040848,-0.9977449072680642,0.03964078426361084,0.02692699432373047,0.012713789939880371,0.6572577357292175,0.8937248587608337,0.2723383580257882,0.43844378416414376,-0.8605824468891203,0.027292883092964883,0.012542625055426635
adl-30-cam0-rgb,adl,81,181394,0.27675484120845795,0.43920929729938507,0.27364373207092285,0.2996245473623276,-1.2768150899823618,0.04002267122268677,0.023877516388893127,0.01614515483379364,0.688221275806427,0.9020630319913229,0.27583431900837685,0.4392305568699191,-0.7344752747939334,0.024527882471745116,0.014666287671952
adl-30-cam0-rgb,adl,83,181460,0.27892376482486725,0.43929898738861084,0.276933029294014,0.29959167540073395,-0.8163711949070855,0.0378204882144928,0.022703096270561218,0.01511739194393158,0.7154927253723145,0.9095130264759064,0.27903024181401015,0.43921960012995254,-0.9184063001717024,0.0226805790033175,0.015966982100949118
adl-30-cam0-rgb,adl,85,181526,0.28072215616703033,0.4391586631536484,0.27897925674915314,0.29956021904945374,-0.7153059133465214,0.03602173924446106,0.020496264100074768,0.015525475144386292,0.7427404522895813,0.9180901149908701,0.28132162852720743,0.43941999539668364,-1.1093360013964397,0.021171979186854806,0.016389619220386828
adl-30-cam0-rgb,adl,87,181592,0.28281186521053314,0.43905773758888245,0.2798367217183113,0.2995828688144684,-1.221993035583045,0.03765970468521118,0.021415993571281433,0.01624371111392975,0.7646224498748779,0.9250345428784689,0.28260645296150433,0.44003120535637846,-1.1516462092519655,0.020654813680813913,0.015834432530712747
adl-30-cam0-rgb,adl,89,181658,0.28374427556991577,0.4422394335269928,0.27958543598651886,0.2995447963476181,-1.6694146755441188,0.03631412982940674,0.020962446928024292,0.015351682901382446,0.7795649766921997,0.9301413496335348,0.2833480197629883,0.4413771569341802,-1.2784953753533996,0.02000047943808813,0.014541590626621638
adl-30-cam0-rgb,adl,91,181724,0.2836368680000305,0.4425298124551773,0.2792285978794098,0.2997707724571228,-1.7686798703641973,0.03309088945388794,0.019372671842575073,0.013718217611312866,0.7978163361549377,0.936024139324824,0.283737346787989,0.4432352641315165,-1.7146013298319214,0.019617335169346273,0.013312332880445353
adl-30-cam0-rgb,adl,93,181790,0.28312018513679504,0.4452468156814575,0.2786559388041496,0.3012145757675171,-1.7753012303717934,0.02998492121696472,0.019676774740219116,0.010308146476745605,0.8140238523483276,0.9413674374421438,0.2835500379016385,0.4451688108119091,-2.3633155035473887,0.01962210328289954,0.011584486602704745
adl-30-cam0-rgb,adl,95,181856,0.28284168243408203,0.44767697155475616,0.275863416492939,0.30160272121429443,-2.7350573114380334,0.029154151678085327,0.019823819398880005,0.009330332279205322,0.8268967270851135,0.946101556221644,0.28268349764150935,0.446965278162584,-2.9768199627933685,0.020878790131895027,0.00960976672378968
adl-30-cam0-rgb,adl,97,181922,0.2818317711353302,0.448848232626915,0.2713954523205757,0.30083927512168884,-4.033330089325463,0.031203627586364746,0.02285519242286682,0.008348435163497925,0.8396350145339966,0.9505119522412618,0.28152989122000566,0.4484469668044666,-3.640900173212414,0.02372801555441568,0.00782459129244733
adl-30-cam0-rgb,adl,99,181988,0.2800368219614029,0.44931627810001373,0.2679818868637085,0.30157050490379333,-4.664568407521599,0.03230586647987366,0.02592425048351288,0.006381615996360779,0.8482006192207336,0.954103946685791,0.27999263447084427,0.45009581254416153,-4.224589243509591,0.027254001789794813,0.005994816363115839
adl-30-cam0-rgb,adl,101,182054,0.27790743112564087,0.45114554464817047,0.2664582207798958,0.30139993131160736,-4.372199092519547,0.03704163432121277,0.03266972303390503,0.004371911287307739,0.8613667488098145,0.9581963817278544,0.2779761405089197,0.4512724086190708,-4.5775349371899035,0.030325006161417235,0.004403555870572204
adl-30-cam0-rgb,adl,103,182120,0.2763107419013977,0.45306044816970825,0.263982355594635,0.3007931560277939,-4.628880146496198,0.036572396755218506,0.03385835886001587,0.0027140378952026367,0.8746551275253296,0.9621617297331492,0.2759070083885994,0.4520638373507043,-4.614126057888673,0.03262109509407179,0.0027105686016929064
adl-30-cam0-rgb,adl,105,182186,0.2738486975431442,0.45423664152622223,0.2622312232851982,0.30051347613334656,-4.321855653539757,0.03323465585708618,0.03258176147937775,0.0006528943777084351,0.886067807674408,0.9655898809432983,0.2742523285540147,0.45414222686579664,-4.4811447377108085,0.032824366736463606,0.001347615831084064
adl-30-cam0-rgb,adl,107,182252,0.2722821682691574,0.455504447221756,0.26084212958812714,0.3004959225654602,-4.2209274556779235,0.030327916145324707,0.03098095953464508,0.0006530433893203735,0.8961043357849121,0.968539963165919,0.2730959736101035,0.4570392559230063,-4.347759010907925,0.031095472410385697,0.0005873649731858977
adl-30-cam0-rgb,adl,109,182318,0.27259841561317444,0.45793670415878296,0.2610655277967453,0.3011564314365387,-4.207147750395448,0.02878853678703308,0.029085427522659302,0.0002968907356262207,0.905719518661499,0.9713113705317179,0.27240941986377065,0.45994785176469066,-4.097414657053037,0.028148887348381432,-0.00011218168260731165
adl-30-cam0-rgb,adl,111,182384,0.272639699280262,0.4655351936817169,0.2615749165415764,0.30179645121097565,-3.865932878041359,0.024340301752090454,0.02456771582365036,0.000227414071559906,0.9145274758338928,0.9732264876365662,0.2720171822420442,0.4626817220088201,-3.573532650976823,0.025868888896007004,-0.00044310638011791877
adl-30-cam0-rgb,adl,113,182450,0.2722635492682457,0.4662822484970093,0.2631155028939247,0.30230601131916046,-3.1931558409895953,0.022298157215118408,0.022695131599903107,0.0003969743847846985,0.9216647148132324,0.9748705824216207,0.27223159637286,0.46508901550140147,-3.0134013476920263,0.024070330125428863,0.0004071725524349129
adl-30-cam0-rgb,adl,115,182516,0.27230046689510345,0.4661729633808136,0.266241654753685,0.30251990258693695,-2.1202529831383528,0.023131906986236572,0.023055538535118103,7.636845111846924e-05,0.9286159873008728,0.9767744044462839,0.27271957195553387,0.46683905831663053,-2.4529087097915454,0.022559302613074615,0.001753025401980328
adl-30-cam0-rgb,adl,117,182582,0.27263761311769485,0.4667571634054184,0.2679755538702011,0.3026217818260193,-1.6269771749303634,0.026618123054504395,0.02284785360097885,0.003770269453525543,0.9347981810569763,0.9782367646694183,0.2732048473961938,0.46757380819165795,-1.9218777900591335,0.021555996108880773,0.0044458060811608325
adl-30-cam0-rgb,adl,119,182648,0.27425356209278107,0.46761833131313324,0.2693459168076515,0.30181458592414856,-1.6954097618848325,0.029950708150863647,0.02106402814388275,0.008886680006980896,0.9386183619499207,0.9797959526379904,0.2738091676330665,0.46719261436235265,-1.544096959094229,0.021116991934580172,0.007892194603170656
adl-30-cam0-rgb,adl,121,182714,0.27474772930145264,0.46834003925323486,0.26987581700086594,0.30164261162281036,-1.6740544864038926,0.030688881874084473,0.020011097192764282,0.01067778468132019,0.940913200378418,0.9809525708357493,0.27447956039275917,0.4678188412736498,-1.3957216678561242,0.020521735087101565,0.0113746267763567
adl-30-cam0-rgb,adl,123,182780,0.27456794679164886,0.46875138580799103,0.2704879492521286,0.30152344703674316,-1.3976149812413605,0.03546464443206787,0.020228013396263123,0.015236631035804749,0.9454459547996521,0.982443630695343,0.2746509901243883,0.46931178106632,-1.4444083993294727,0.02033568983212175,0.013878763818637611
adl-30-cam0-rgb,adl,125,182846,0.2742379605770111,0.4698792099952698,0.2695624306797981,0.30070148408412933,-1.5830686708801258,0.03593242168426514,0.02061590552330017,0.015316516160964966,0.9493721723556519,0.9836556216080984,0.2742969488555731,0.47117159673661824,-1.6942158774278224,0.021004203400570562,0.014683659265051652
adl-30-cam0-rgb,adl,127,182912,0.2734907865524292,0.4740622639656067,0.2670708894729614,0.3004709780216217,-2.117994830981137,0.03578376770019531,0.02179175615310669,0.013992011547088623,0.9528747797012329,0.9846693972746531,0.2732788706561184,0.47294661493012335,-2.3440408139063313,0.021933511189826088,0.014069115863992
adl-30-cam0-rgb,adl,129,182978,0.271113783121109,0.4776218682527542,0.26227106153964996,0.30292555689811707,-2.897706203589496,0.03592237830162048,0.02458357810974121,0.011338800191879272,0.9534428119659424,0.9846050441265106,0.27132067977736996,0.47627088969403975,-3.2258184462599244,0.02345408425057602,0.011907636377460494
adl-30-cam0-rgb,adl,131,183044,0.26936174929142,0.47935082018375397,0.25605227053165436,0.30605603754520416,-4.391839424600671,0.03523176908493042,0.025762662291526794,0.009469106793403625,0.9492661356925964,0.9836829602718353,0.26856503384066827,0.48093436303592796,-4.214694920938617,0.0257869588283749,0.00839154083620417
adl-30-cam0-rgb,adl,133,183110,0.26602093130350113,0.4829692244529724,0.2481803372502327,0.30650587379932404,-5.7730356477674425,0.03214019536972046,0.026114098727703094,0.0060260966420173645,0.9451963305473328,0.9832752346992493,0.26536649626828857,0.4862689394584459,-5.112333681741166,0.028334556397421495,0.005533094788010494
adl-30-cam0-rgb,adl,135,183176,0.26105838268995285,0.4932568818330765,0.24330249428749084,0.31565630435943604,-5.709261378263802,0.0325046181678772,0.031280435621738434,0.0012241825461387634,0.9461419582366943,0.9839287400245667,0.26229675175436606,0.4906162449936839,-5.925336676813657,0.030494142372112724,0.0031862709493864112
adl-30-cam0-rgb,adl,137,183242,0.25875410437583923,0.49711833894252777,0.23987101763486862,0.3210630565881729,-6.121945141571427,0.033334583044052124,0.03446817398071289,0.0011335909366607666,0.9455270767211914,0.9840630988279978,0.25939356400208,0.49477921284380344,-6.348551358869329,0.03247718625899512,0.002330144988251968
adl-30-cam0-rgb,adl,139,183308,0.2572606950998306,0.4989244192838669,0.23747222125530243,0.3265518546104431,-6.548920486509439,0.03120899200439453,0.03414706885814667,0.0029380768537521362,0.94170743227005,0.983018716176351,0.25682772605708115,0.4985139343516644,-6.503735374356964,0.03458341227207344,0.0021030746755145817
adl-30-cam0-rgb,adl,141,183374,0.2559348866343498,0.4979568272829056,0.23534196615219116,0.32787883281707764,-6.903725757543378,0.03201782703399658,0.03471449762582779,0.0026966705918312073,0.9368433356285095,0.9809291660785675,0.25511592178246634,0.5001284086601036,-6.607964485621697,0.036252914149781795,0.0027408819500502014
adl-30-cam0-rgb,adl,143,183440,0.25349509716033936,0.502383828163147,0.23585005104541779,0.33952274918556213,-6.183543054116999,0.032023876905441284,0.037231773138046265,0.0052078962326049805,0.9396238923072815,0.980718731880188,0.253925820578744,0.5017644579792429,-6.413312119662189,0.03720479506950869,0.003763723876569173
adl-30-cam0-rgb,adl,145,183506,0.25327106565237045,0.5040055215358734,0.23467518389225006,0.342838391661644,-6.5818304469258075,0.03531086444854736,0.0382123664021492,0.002901501953601837,0.928379476070404,0.9784179528554281,0.2532750102993726,0.5044737864624362,-6.040926343727776,0.037691367201474785,0.0036755155820351083
adl-30-cam0-rgb,adl,147,183572,0.253593273460865,0.5045308470726013,0.2367294728755951,0.3513936847448349,-6.284216002463714,0.03437843918800354,0.03777637332677841,0.003397934138774872,0.9297722578048706,0.9792300562063853,0.2533592851389018,0.5071584211412439,-5.940020447733229,0.03787331741093551,0.0027304405902887283
adl-30-cam0-rgb,adl,149,183638,0.2541361153125763,0.5138543248176575,0.23999039083719254,0.36033494770526886,-5.264535113749229,0.034274160861968994,0.03719666600227356,0.0029225051403045654,0.9248496294021606,0.9788637161254883,0.2549960690981894,0.5098915344579904,-6.376192978546991,0.03641304241501402,0.0015772116971222339
adl-30-cam0-rgb,adl,151,183704,0.258000448346138,0.5128095746040344,0.24040117114782333,0.3738522529602051,-7.2182158711035065,0.033818066120147705,0.032945260405540466,0.0008728057146072388,0.9095262885093689,0.9755599200725555,0.2580407112191762,0.5105669406843385,-7.597939139216193,0.03313860581034701,0.001084790407837211
adl-30-cam0-rgb,adl,153,183770,0.2615155428647995,0.5124618709087372,0.24054473638534546,0.3904944211244583,-9.755915954136,0.03113400936126709,0.029440954327583313,0.0016930550336837769,0.8788174986839294,0.9679725964864095,0.2624564759788055,0.5130020834150761,-9.702270874545832,0.028134929862889336,0.0034818575753794052
adl-30-cam0-rgb,adl,155,183836,0.2679120823740959,0.5161499083042145,0.2432810142636299,0.4024572968482971,-12.224000610754574,0.028156965970993042,0.022388078272342682,0.00576888769865036,0.8473001718521118,0.9605828026930491,0.267333249444569,0.5181274437285082,-12.162766675504557,0.02222442401177952,0.009153539613211813
adl-30-cam0-rgb,adl,157,183902,0.27227359265089035,0.5196881294250488,0.24599359184503555,0.422173410654068,-15.082752137175204,0.031488388776779175,0.016491033136844635,0.01499735563993454,0.7972404360771179,0.9495017925898234,0.27235224562418886,0.5245694312956418,-14.912242304776065,0.015229674612546876,0.016898493520367174
adl-30-cam0-rgb,adl,159,183968,0.2777499407529831,0.5392417311668396,0.2467333823442459,0.443545937538147,-17.958350136116028,0.036497682332992554,0.010360851883888245,0.02613683044910431,0.7490696907043457,0.939345916112264,0.2763225475882551,0.5388850536181289,-16.107313373501384,0.012418523269556284,0.023365177085131243
adl-30-cam0-rgb,adl,161,184034,0.2786351889371872,0.5539255738258362,0.2494785040616989,0.4644375443458557,-18.04646898261893,0.042704373598098755,0.00910140573978424,0.033602967858314514,0.6950848698616028,0.9262576997280121,0.27919699751582455,0.5557631553509527,-13.43336506523665,0.007860759216727624,0.02873490966888729
adl-30-cam0-rgb,adl,163,184100,0.2811928689479828,0.5659655630588531,0.2512855902314186,0.4857059121131897,-20.436981262035534,0.03960686922073364,0.010056644678115845,0.029550224542617798,0.6282920837402344,0.9024232625961304,0.28021720932288563,0.566693034393962,-19.309443981821758,0.006628975820489775,0.028903198738892827
adl-30-cam0-rgb,adl,165,184166,0.28067852556705475,0.5894395709037781,0.25250689685344696,0.5151120126247406,-20.75770852522517,0.047271549701690674,0.02606700360774994,0.021204546093940735,0.5769044756889343,0.882621169090271,0.28142828137585596,0.5734152507085303,-31.40254351785817,0.022634509051000958,0.026114882032076504
adl-30-cam0-rgb,adl,167,184232,0.28064823150634766,0.5794322490692139,0.25406837463378906,0.5372954607009888,-32.243700556076256,0.044001221656799316,0.022628962993621826,0.02137225866317749,0.5477733612060547,0.8689864178498586,0.28198525239572364,0.576991416662286,-48.351803390795695,0.047698705862739936,0.019979005803664514
adl-30-cam0-rgb,adl,169,184298,0.2800491452217102,0.5625688135623932,0.2555736228823662,0.5617636740207672,-88.11589440654384,0.07636392116546631,0.07121115922927856,0.005152761936187744,0.5032147169113159,0.8513890008131663,0.2818881223824889,0.5774215322552302,-70.15722360063435,0.08182156625570679,0.010495570053656873
adl-30-cam0-rgb,adl,171,184364,0.2831922769546509,0.5794442594051361,0.257893368601799,0.5814815163612366,-94.60394932688412,0.14503172039985657,0.1431155502796173,0.0019161701202392578,0.5127614736557007,0.8562654753526052,0.2811368913361517,0.5747055974873624,-96.81880414737412,0.12500309022990147,-0.0023354252179463957
adl-31-cam0-rgb,adl,1,185364,0.7592077851295471,0.6131446063518524,0.7567533850669861,0.4562704861164093,-0.8963574856535634,0.021139323711395264,0.016918718814849854,0.00422060489654541,0.992333173751831,0.9976739088694254,0.7593685944875076,0.613359187769167,-0.898707540123007,0.016773082632007014,0.0048798040910200645
adl-31-cam0-rgb,adl,3,185430,0.7591121792793274,0.6139046251773834,0.7557752728462219,0.4564021825790405,-1.2137085221037496,0.021058619022369385,0.01701420545578003,0.0040444135665893555,0.9918186068534851,0.9975336194038391,0.7591353376706437,0.6136409115610698,-1.3367014587256603,0.017080105796004785,0.0040179460337667755
adl-31-cam0-rgb,adl,5,185496,0.7590274214744568,0.6139324903488159,0.7535331845283508,0.4562239944934845,-1.9952591988555028,0.021328747272491455,0.017318427562713623,0.004010319709777832,0.9916372299194336,0.9974907139937083,0.7586957991123195,0.6138611083293888,-1.7418818551589643,0.017555801976810805,0.003285024950514624
adl-31-cam0-rgb,adl,7,185562,0.7580161988735199,0.6139915585517883,0.752550333738327,0.45623891055583954,-1.9844089879340472,0.021669328212738037,0.018330544233322144,0.0033387839794158936,0.9912139773368835,0.9973393281300863,0.7580499788125353,0.614019778074124,-2.114248729422919,0.01820017117442507,0.00268104084126361
adl-31-cam0-rgb,adl,9,185628,0.7572615742683411,0.6139509379863739,0.7504811584949493,0.45640580356121063,-2.4643706922187794,0.02162867784500122,0.018929779529571533,0.0026988983154296875,0.9906001687049866,0.9971719781557719,0.7571978767712899,0.6141169207952746,-2.4538020815175217,0.019013213388847552,0.00220599370601373
adl-31-cam0-rgb,adl,11,185694,0.7562762498855591,0.6144244372844696,0.7484772503376007,0.4572734981775284,-2.841112219516001,0.021451294422149658,0.01992732286453247,0.0015239715576171875,0.989786684513092,0.9969577888647715,0.7559711429979883,0.6140783088547834,-2.778864617243979,0.020145754535476852,0.0015154073248693934
adl-31-cam0-rgb,adl,13,185760,0.7544348239898682,0.6139885783195496,0.7465623617172241,0.45727042853832245,-2.875736084416747,0.021273791790008545,0.0214117169380188,0.0001379251480102539,0.9897498488426208,0.9969198008378347,0.7547458829559794,0.614061360493366,-3.079273709411553,0.021301814100959052,0.0010870358386597064
adl-31-cam0-rgb,adl,15,185826,0.7532465755939484,0.6137469708919525,0.7442159652709961,0.45796726644039154,-3.317745544698522,0.021488726139068604,0.02253672480583191,0.0010479986667633057,0.9893836379051208,0.9968098203341166,0.753447523751815,0.6140336501391925,-3.298157610069052,0.022512439654503003,0.0013647147845396216
adl-31-cam0-rgb,adl,17,185892,0.7520096302032471,0.6141222715377808,0.7424389123916626,0.45813898742198944,-3.5111143331803323,0.021092534065246582,0.02379167079925537,0.002699136734008789,0.9888504147529602,0.9966600139935812,0.7520504880261101,0.6141030025946621,-3.278593287875772,0.024111558090556717,0.0022391728508524018
adl-31-cam0-rgb,adl,19,185958,0.7511895895004272,0.6138218343257904,0.741863340139389,0.4591429829597473,-3.450430360161689,0.020924866199493408,0.024407148361206055,0.0034822821617126465,0.988707423210144,0.9966277082761129,0.7507228522331673,0.613852325455966,-3.207849201620572,0.02499446866316193,0.0035943676640977024
adl-31-cam0-rgb,adl,21,186024,0.749070018529892,0.6138127744197845,0.741607129573822,0.4595564007759094,-2.769797383906785,0.019937515258789062,0.025543242692947388,0.005605727434158325,0.9880658388137817,0.9964759349822998,0.7493930631901784,0.6134415057314414,-3.1331552093120427,0.024648516983180817,0.005374407613432245
adl-31-cam0-rgb,adl,23,186090,0.747840017080307,0.6135122776031494,0.7407027184963226,0.4595514386892319,-2.654210794670273,0.018848717212677002,0.025571495294570923,0.006722778081893921,0.9880346059799194,0.9965093632539114,0.7477840977313703,0.6127481957276653,-2.884295668987566,0.023557534981599584,0.006940255949507534
adl-31-cam0-rgb,adl,25,186156,0.7464896142482758,0.6117396652698517,0.7388057708740234,0.4594087600708008,-2.887654187972274,0.012866377830505371,0.02093377709388733,0.008067399263381958,0.9871809482574463,0.9963074227174123,0.746211672758126,0.6120299982044078,-2.6634136442262024,0.021534272086568693,0.008159937538625862
adl-31-cam0-rgb,adl,27,186222,0.7445250451564789,0.6116422116756439,0.7374926805496216,0.4597359746694565,-2.650564896994473,0.00816279649734497,0.018141359090805054,0.009978562593460083,0.9849457144737244,0.9958050151666006,0.7446410778538994,0.6121379036407957,-2.4051493099772845,0.019504543119694732,0.00918064089048475
adl-31-cam0-rgb,adl,29,186288,0.7428606748580933,0.6122053265571594,0.7375625371932983,0.4605865031480789,-2.0013178760116745,0.007835090160369873,0.017915725708007812,0.01008063554763794,0.9830847382545471,0.995368093252182,0.7432598948994745,0.6129725054228967,-2.197374524064821,0.01815004343594305,0.010013581612409436
adl-31-cam0-rgb,adl,31,186354,0.7422634065151215,0.614534318447113,0.7369982004165649,0.4610846936702728,-1.9651777023807642,0.006335020065307617,0.016510039567947388,0.01017501950263977,0.9792096614837646,0.9945490856965383,0.7419896794087948,0.6146432745766321,-1.9211466941096829,0.01766380577376392,0.011008742825809478
adl-31-cam0-rgb,adl,33,186420,0.7408162355422974,0.6184370219707489,0.7369484603404999,0.4619852602481842,-1.4161685542682918,0.007147312164306641,0.018537402153015137,0.011390089988708496,0.974058985710144,0.9934057792027792,0.7408383167409267,0.6174944926907997,-1.5961613290057526,0.017838600006970465,0.0118414812531822
adl-31-cam0-rgb,adl,35,186486,0.7398697137832642,0.6205295324325562,0.7357790470123291,0.46229788661003113,-1.4809031775761716,0.006504476070404053,0.019448697566986084,0.012944221496582031,0.9740996360778809,0.9934824307759603,0.7399739860456216,0.6210802867040996,-1.373089219765606,0.017816576606783492,0.012422645762885268
adl-31-cam0-rgb,adl,37,186552,0.7392721176147461,0.6238288581371307,0.7356343865394592,0.4635826647281647,-1.300441785179382,0.0039247870445251465,0.017561614513397217,0.01363682746887207,0.9729284048080444,0.9932883381843567,0.7391094423475709,0.6244551312355759,-1.2314230569316333,0.017411396875009883,0.013023696936570187
adl-31-cam0-rgb,adl,39,186618,0.7380903661251068,0.6285006999969482,0.7352707982063293,0.46484003961086273,-0.9870017705023094,0.0027034878730773926,0.015722304582595825,0.013018816709518433,0.9700160622596741,0.9927328030268351,0.7382616622623417,0.6274666792644558,-1.0397505544947172,0.01705741830718463,0.013204445828607053
adl-31-cam0-rgb,adl,41,186684,0.7377718091011047,0.6314669251441956,0.7350205183029175,0.4658210277557373,-0.9515651144363224,0.003345668315887451,0.015850484371185303,0.012504816055297852,0.9657068848609924,0.9920226633548737,0.7375583154556544,0.6306329991394297,-0.8989186344602347,0.016117523887972787,0.012935211777170996
adl-31-cam0-rgb,adl,43,186750,0.7367009222507477,0.6318735480308533,0.7342608273029327,0.4660138934850693,-0.842863548244807,0.003489196300506592,0.015714794397354126,0.012225598096847534,0.9598100185394287,0.9910035729408264,0.7368827811825316,0.6333285375332927,-0.7853616719393695,0.015297604458672637,0.012180099368611436
adl-31-cam0-rgb,adl,45,186816,0.7363322973251343,0.6354310512542725,0.7342099845409393,0.46700531244277954,-0.7219391220288837,0.004641056060791016,0.015684843063354492,0.011043787002563477,0.9481584429740906,0.9890032112598419,0.736192373744336,0.635306127530671,-0.8325049403694181,0.014880700802906231,0.010928987166582232
adl-31-cam0-rgb,adl,47,186882,0.7356220185756683,0.6388268172740936,0.7329924702644348,0.47188691794872284,-0.9024179512279453,0.003991842269897461,0.014065831899642944,0.010073989629745483,0.9361448287963867,0.9870255589485168,0.7356674458299353,0.6360756762616037,-1.101491685314127,0.01448495163545978,0.008434999427754112
adl-31-cam0-rgb,adl,49,186948,0.7352195680141449,0.6378801465034485,0.7313311100006104,0.48093564808368683,-1.4192702832627948,0.0060765743255615234,0.013626843690872192,0.007550269365310669,0.898023247718811,0.9806351761023203,0.7354568659743179,0.6359416888905801,-1.633556813926403,0.01371139507273057,0.007586512343708044
adl-31-cam0-rgb,adl,51,187014,0.7346407771110535,0.6406055688858032,0.7298350930213928,0.4936913698911667,-1.873523965435283,0.00864499807357788,0.013632714748382568,0.0049877166748046875,0.8483548164367676,0.9721169869105021,0.7353835347152882,0.6394977090936709,-2.0981985713567584,0.0132006150045436,0.007863366113596653
adl-31-cam0-rgb,adl,53,187080,0.7347043454647064,0.6440073251724243,0.7293936908245087,0.5155940651893616,-2.368172917643893,0.01747339963912964,0.013709992170333862,0.0037634074687957764,0.7822881937026978,0.9609739085038503,0.7345357156677152,0.6501275129390476,-1.9309803795930378,0.01369717355930442,0.007335535246572442
adl-31-cam0-rgb,adl,55,187146,0.7344483137130737,0.6571864783763885,0.7299574613571167,0.5400624573230743,-2.195799809653989,0.02716958522796631,0.014043927192687988,0.01312565803527832,0.7053993344306946,0.9460809230804443,0.7327719051987575,0.6652664629798943,-1.193258563416197,0.015231867540966375,0.0063364389783892245
adl-31-cam0-rgb,adl,57,187212,0.7311866581439972,0.6907561421394348,0.7312536239624023,0.5650604665279388,0.03052498333437037,0.025649726390838623,0.0172635018825531,0.008386224508285522,0.6357486248016357,0.9348341822624207,0.730383474305594,0.6853329420992818,0.01452527664716563,0.017607830509994964,0.005182060225185374
adl-31-cam0-rgb,adl,59,187278,0.7263518869876862,0.72073695063591,0.7327531278133392,0.585271418094635,2.7054222414662608,0.022265195846557617,0.02184399962425232,0.00042119622230529785,0.5725104212760925,0.9195638100306193,0.7273704229882261,0.7103269502972105,1.6923711405970452,0.0208250624663902,0.0038723989869608984
adl-31-cam0-rgb,adl,61,187344,0.7235769629478455,0.7335430085659027,0.7316286265850067,0.6006899774074554,3.468214124710313,0.02263188362121582,0.024640977382659912,0.002009093761444092,0.5155209898948669,0.8986661533514658,0.7237327512466534,0.7402484875736806,3.8402790284334425,0.024883563410152083,0.0024074552637157968
adl-32-cam0-rgb,adl,1,188344,0.7597705125808716,0.6084728837013245,0.7552171349525452,0.45016366243362427,-1.647518767375141,0.03749978542327881,0.035384416580200195,0.0021153688430786133,0.9929894208908081,0.9979981382687887,0.7598640008406202,0.6077732752669939,-1.76225958863379,0.0352520314129916,0.0017049005537322064
adl-32-cam0-rgb,adl,3,188410,0.7599195837974548,0.607253760099411,0.7537910044193268,0.4495497792959213,-2.2254677801945557,0.03630506992340088,0.035102784633636475,0.0012022852897644043,0.9926258325576782,0.9978982309500376,0.7599255672006894,0.6082555217273306,-2.1358716279332497,0.0352054299730243,0.0016402972467017892
adl-32-cam0-rgb,adl,5,188476,0.7600945830345154,0.6086374819278717,0.7533189654350281,0.4494418501853943,-2.4371279982095118,0.03620707988739014,0.034942448139190674,0.0012646317481994629,0.9919055700302124,0.9977112710475922,0.7599755219437857,0.6086488818580451,-2.4152685331340416,0.03512346369105499,0.0015665628822334916
adl-32-cam0-rgb,adl,7,188542,0.7601085603237152,0.6091146469116211,0.7526553869247437,0.4493909478187561,-2.671650107363124,0.03639340400695801,0.03496244549751282,0.0014309585094451904,0.9911672472953796,0.9975120723247528,0.7600138650699093,0.6089533556591378,-2.6004503042361655,0.035006132567083674,0.0014836974603273136
adl-32-cam0-rgb,adl,9,188608,0.7601265907287598,0.608914852142334,0.7523933947086334,0.44936223328113556,-2.774840253561017,0.03667187690734863,0.03496146202087402,0.0017104148864746094,0.9906731843948364,0.9973530173301697,0.7600405965790593,0.6091689431306079,-2.6914169412396194,0.0348534366011103,0.001391700980983253
adl-32-cam0-rgb,adl,11,188674,0.7598957121372223,0.6096959710121155,0.7524107098579407,0.4496092349290848,-2.676967175161769,0.03667539358139038,0.0351729691028595,0.0015024244785308838,0.9900906682014465,0.9972019791603088,0.7599839552656386,0.6094769533578442,-2.625222187393195,0.03468172735982122,0.0013680788345667172
adl-32-cam0-rgb,adl,13,188740,0.7600337266921997,0.6096630692481995,0.7533159554004669,0.4503853768110275,-2.4151025363233547,0.03526586294174194,0.03387188911437988,0.0013939738273620605,0.9896761178970337,0.997060497601827,0.75996750348058,0.6092641140733437,-2.5499009340891132,0.034463256081461335,0.0012333255051534394
adl-32-cam0-rgb,adl,15,188806,0.7598401010036469,0.6091159582138062,0.7535999119281769,0.45055629312992096,-2.2537388567271845,0.03491318225860596,0.03433236479759216,0.0005808174610137939,0.9892181158065796,0.9969282646973928,0.7599380438203924,0.6092624503038653,-2.352523612547016,0.03438725757908506,0.0009566613864072977
adl-32-cam0-rgb,adl,17,188872,0.7602276504039764,0.6089852750301361,0.7538822591304779,0.4505772143602371,-2.2938849732809237,0.034939706325531006,0.033889204263687134,0.001050502061843872,0.9891766905784607,0.9969298243522644,0.760070707761879,0.6094144710472642,-2.1734283304198145,0.03408636326913705,0.0008590795519031994
adl-32-cam0-rgb,adl,19,188938,0.7604956328868866,0.6091179549694061,0.7547779381275177,0.45052869617938995,-2.0648179293701867,0.035027921199798584,0.033795684576034546,0.001232236623764038,0.988990306854248,0.9968591332435608,0.7603865063293661,0.6095774101488509,-1.9219713893023407,0.03361802996495064,0.001128855334731922
adl-32-cam0-rgb,adl,21,189004,0.7607389688491821,0.6103775799274445,0.7564369440078735,0.45130984485149384,-1.549200380437984,0.034902870655059814,0.033557891845703125,0.0013449788093566895,0.9884193539619446,0.9967097540696462,0.7610394467007019,0.6098326977455246,-1.7087449823445104,0.03286143531014904,0.0018291132790701707
adl-32-cam0-rgb,adl,23,189070,0.7620996534824371,0.610364556312561,0.7577095031738281,0.45122581720352173,-1.5802142507276238,0.03432130813598633,0.031242340803146362,0.003078967332839966,0.988034188747406,0.9965761601924896,0.7622640949565085,0.6100538671016684,-1.5451001977360366,0.031400758079636104,0.003188001258032658
adl-32-cam0-rgb,adl,25,189136,0.763363778591156,0.6102495491504669,0.7604129314422607,0.4518771767616272,-1.067430663676997,0.03458523750305176,0.029991090297698975,0.004594147205352783,0.9876350164413452,0.9964209198951721,0.7637510835092294,0.6101807935155306,-1.2847685528484862,0.029770331852363774,0.004734570200825143
adl-32-cam0-rgb,adl,27,189202,0.7655982077121735,0.609813004732132,0.7619943916797638,0.45181044936180115,-1.306609586531715,0.03426158428192139,0.027770787477493286,0.006490796804428101,0.9873532056808472,0.9963233570257822,0.7654620676071602,0.6100923558334244,-1.0695935749309062,0.02797697310323835,0.006441829653529367
adl-32-cam0-rgb,adl,29,189268,0.7675774395465851,0.6097723245620728,0.7644579410552979,0.4516444206237793,-1.1301668587492073,0.03475940227508545,0.026211589574813843,0.008547812700271606,0.9875786304473877,0.9963742891947428,0.767060980394288,0.6098986971171894,-0.8987366444823294,0.026611217688688432,0.007986154391135994
adl-32-cam0-rgb,adl,31,189334,0.7682243287563324,0.610114723443985,0.7669436931610107,0.4513706713914871,-0.46221210835423476,0.034867286682128906,0.02585199475288391,0.009015291929244995,0.9876061081886292,0.9963963826497396,0.7682049864040298,0.6099165288400847,-0.7033613681097508,0.025911675774173783,0.009012656939494133
adl-32-cam0-rgb,adl,33,189400,0.7690136134624481,0.6099505424499512,0.7671858668327332,0.450453445315361,-0.6565485275471122,0.0350000262260437,0.025411456823349,0.009588569402694702,0.9868274927139282,0.9962040881315867,0.7690616981549685,0.6101637237515791,-0.699489012027972,0.025521564664262676,0.009745890572989642
adl-32-cam0-rgb,adl,35,189466,0.7689593136310577,0.6105058491230011,0.7668489515781403,0.45039384067058563,-0.7551453431693541,0.036033809185028076,0.026346713304519653,0.009687095880508423,0.9866480231285095,0.9961675405502319,0.7691970675280588,0.6105117005703244,-0.7835864183330787,0.025902443762981495,0.009860559846415649
adl-32-cam0-rgb,adl,37,189532,0.7687821388244629,0.6108631193637848,0.7658465206623077,0.4502187967300415,-1.0469079094155445,0.03607654571533203,0.026531100273132324,0.009545445442199707,0.9865913987159729,0.9961536526679993,0.7687040851229703,0.6108794888376665,-1.1597691123456368,0.027116297385393243,0.009416187222385805
adl-32-cam0-rgb,adl,39,189598,0.7685473263263702,0.6114972531795502,0.763507217168808,0.4523876905441284,-1.814350106471695,0.03650933504104614,0.02729138731956482,0.009217947721481323,0.9865607619285583,0.996134340763092,0.7678490406248981,0.6112552463234235,-1.8073870757215715,0.02825558688733481,0.00878668902240273
adl-32-cam0-rgb,adl,41,189664,0.7662804424762726,0.6114599108695984,0.7598259150981903,0.45329685509204865,-2.336905307254657,0.03685635328292847,0.029549866914749146,0.007306486368179321,0.9863713979721069,0.9960359831651052,0.7664428043675102,0.6112320623098505,-2.407191821461976,0.02908086621916135,0.00750716243471417
adl-32-cam0-rgb,adl,43,189730,0.7645519077777863,0.6118869185447693,0.7560271620750427,0.4552484005689621,-3.1151378853872997,0.03665196895599365,0.0307597815990448,0.0058921873569488525,0.9870421886444092,0.9962303439776102,0.7649804665928784,0.6112029509884962,-3.0061042314748665,0.02870301663617547,0.00592403571843068
adl-32-cam0-rgb,adl,45,189796,0.76328906416893,0.6120829284191132,0.7535543441772461,0.4575747847557068,-3.605131020009925,0.03240776062011719,0.02778765559196472,0.004620105028152466,0.9874351620674133,0.9963432351748148,0.7632478515565126,0.6121746920920028,-3.380468886387172,0.02772513109368159,0.004109541188070779
adl-32-cam0-rgb,adl,47,189862,0.7614765465259552,0.6120570003986359,0.7520493566989899,0.45721475780010223,-3.484012418781253,0.027709662914276123,0.025741547346115112,0.0019681155681610107,0.9877774119377136,0.9964622259140015,0.7616641840119371,0.6135891868180519,-3.5523247566231224,0.02618415518240491,0.0022828273184887743
adl-32-cam0-rgb,adl,49,189928,0.7608195245265961,0.6164803802967072,0.7509843409061432,0.4588979035615921,-3.5713648460526506,0.023890316486358643,0.022597700357437134,0.0012926161289215088,0.987739622592926,0.9965095718701681,0.7603307021902742,0.616794121987891,-3.524531103585354,0.024247602595911362,0.0013817777107288296
adl-32-cam0-rgb,adl,51,189994,0.7586684226989746,0.6221696138381958,0.7498979866504669,0.4616779685020447,-3.1279487759193425,0.02265143394470215,0.023022055625915527,0.0003706216812133789,0.9870121479034424,0.9963534673055013,0.7591037041955169,0.6210107181495393,-3.3272528658436133,0.022450429665577844,0.001197092331849134
adl-32-cam0-rgb,adl,53,190060,0.7582300901412964,0.6250663101673126,0.7495574057102203,0.46663233637809753,-3.133247051665844,0.021435201168060303,0.02223944664001465,0.0008042454719543457,0.9864453077316284,0.9962895711263021,0.7579760956557788,0.6265684455246111,-3.0515270234405856,0.021697851228507533,0.0014296370151239022
adl-32-cam0-rgb,adl,55,190126,0.756847620010376,0.6339432895183563,0.7495976090431213,0.47387951612472534,-2.593411965498619,0.017530858516693115,0.020973503589630127,0.0034426450729370117,0.9816780090332031,0.9953221380710602,0.7570458281607844,0.6327779881365878,-2.607199605579191,0.02135780234357492,0.0017463644861658908
adl-32-cam0-rgb,adl,57,190192,0.756511390209198,0.6376629769802094,0.7504148483276367,0.4824337214231491,-2.249103655149071,0.016567230224609375,0.02000373601913452,0.0034365057945251465,0.9802427887916565,0.9951008061567942,0.7563567196393931,0.6374631268637512,-2.11546329843808,0.02076000813797952,0.002449994608437341
adl-32-cam0-rgb,adl,59,190258,0.7558771073818207,0.6447086334228516,0.7519277930259705,0.4941941946744919,-1.5030261472462754,0.01808685064315796,0.020879477262496948,0.0027926266193389893,0.9783669114112854,0.9949241479237875,0.7560176617139334,0.6427316472127831,-1.5177762707251015,0.019768694778541436,0.0036002699430886754
adl-32-cam0-rgb,adl,61,190324,0.7557500004768372,0.6487745940685272,0.7545789182186127,0.5081724226474762,-0.4772082724344085,0.023022770881652832,0.019347310066223145,0.0036754608154296875,0.9475851655006409,0.9898421367009481,0.7559332228326168,0.6473473186616765,-0.7715852002886887,0.018668653903069408,0.00575383942880671
adl-32-cam0-rgb,adl,63,190390,0.7562240362167358,0.6517592668533325,0.7556299269199371,0.5222350060939789,-0.26280571959531146,0.024953782558441162,0.01636826992034912,0.008585512638092041,0.9109319448471069,0.9836729566256205,0.7561987495267535,0.6539434829315572,0.008256315091136848,0.01730188495152954,0.008601088157463887
adl-32-cam0-rgb,adl,65,190456,0.7561625242233276,0.665907084941864,0.7584112882614136,0.5399994850158691,1.0232185422461157,0.028094053268432617,0.016357898712158203,0.011736154556274414,0.8368208408355713,0.9714605708916982,0.7563739864083068,0.6661353329301387,0.9861640859701156,0.01586657878640408,0.011675421422694135
adl-32-cam0-rgb,adl,67,190522,0.7570494711399078,0.6754710972309113,0.7608307600021362,0.56021648645401,1.8790936763917865,0.031311213970184326,0.01445266604423523,0.016858547925949097,0.7652118802070618,0.9582577844460806,0.756511508902429,0.6840841630836576,1.9852401128913235,0.014717329374123424,0.013973827485914334
adl-32-cam0-rgb,adl,69,190588,0.7565784454345703,0.7044942080974579,0.7630372941493988,0.5806893408298492,2.986389762756351,0.030888020992279053,0.013688206672668457,0.017199814319610596,0.6946181654930115,0.9418751100699106,0.7563521122519583,0.7006075740634616,2.9541332921390504,0.014346116290980076,0.016406242078516882
adl-32-cam0-rgb,adl,71,190654,0.7558179795742035,0.7309554219245911,0.7657754123210907,0.6003008484840393,4.358195178395432,0.03053337335586548,0.014584332704544067,0.01594904065132141,0.626854658126831,0.9223419924577078,0.7560362327021432,0.7193294250861902,3.9565401477259083,0.014468791616427421,0.01863785100963722
adl-32-cam0-rgb,adl,73,190720,0.7555128037929535,0.7489311099052429,0.7669120728969574,0.618520975112915,4.995579100819423,0.033467113971710205,0.01566985249519348,0.017797261476516724,0.5753466486930847,0.9003011484940847,0.7555638702529841,0.740249716151844,4.9924606796518995,0.015085355350465473,0.020668654279275344
adl-32-cam0-rgb,adl,75,190786,0.7549367249011993,0.7517092525959015,0.767082691192627,0.6336337327957153,5.873135184862807,0.04107046127319336,0.0159246027469635,0.02514585852622986,0.5256938338279724,0.8876708646615347,0.7549350249044813,0.7633684472604227,6.061894887917023,0.016195807493094228,0.022498651887431255
adl-33-cam0-rgb,adl,1,191786,0.8278070390224457,0.6156259179115295,0.8214435577392578,0.45650918781757355,-2.290182971715662,0.028777599334716797,0.020511895418167114,0.008265703916549683,0.8325546383857727,0.9483957389990488,0.8276169128490208,0.6153929092667317,-2.1826506943720063,0.02058969248424875,0.008166494694623078
adl-33-cam0-rgb,adl,3,191852,0.8272144794464111,0.6152127385139465,0.8217402100563049,0.45653511583805084,-1.9758815311561295,0.02948981523513794,0.022203505039215088,0.0072863101959228516,0.8314935564994812,0.9478616913159689,0.8273544889507864,0.6153881584153029,-1.9951559028903532,0.02202217307957734,0.007157393477179786
adl-33-cam0-rgb,adl,5,191918,0.8270902037620544,0.6152012348175049,0.8223615884780884,0.4565987288951874,-1.7077250096666179,0.029389560222625732,0.02357316017150879,0.005816400051116943,0.8349494934082031,0.9492866098880768,0.8272004041707871,0.6153856232568814,-1.8401609926621125,0.02328103508526111,0.006271235935099713
adl-33-cam0-rgb,adl,7,191984,0.8270479738712311,0.6151851713657379,0.8225575983524323,0.4566025137901306,-1.6219354771411254,0.029296040534973145,0.023595184087753296,0.005700856447219849,0.8401457071304321,0.9511127670605978,0.8271546585090227,0.6153853037914672,-1.7176659636872842,0.02436627850130005,0.005508022068382858
adl-33-cam0-rgb,adl,9,192050,0.8273318707942963,0.6155890822410583,0.8227087259292603,0.45664794743061066,-1.6661012487744031,0.03005141019821167,0.025391608476638794,0.004659801721572876,0.8411839604377747,0.9516765077908834,0.8272172519654927,0.6153872000190594,-1.6276708159658662,0.02527790332769415,0.004867751877029213
adl-33-cam0-rgb,adl,11,192116,0.8271347880363464,0.6155888438224792,0.8228658735752106,0.45657533407211304,-1.5378067371653776,0.030883193016052246,0.02638036012649536,0.004502832889556885,0.8399176001548767,0.9517852564652761,0.8275072215955482,0.6154103546173533,-1.6415511308817836,0.026022142662114355,0.004367873266145774
adl-33-cam0-rgb,adl,13,192182,0.8280764520168304,0.6155204772949219,0.8232088685035706,0.4561491161584854,-1.7494066556199048,0.030659735202789307,0.02650412917137146,0.004155606031417847,0.8466493487358093,0.953930507103602,0.8277952770392087,0.61547097460532,-1.6350078783658328,0.026574849437325507,0.003940014741121427
adl-33-cam0-rgb,adl,15,192248,0.8281924724578857,0.6152312457561493,0.8236584067344666,0.45643895864486694,-1.6355470975062478,0.030759811401367188,0.027031004428863525,0.003728806972503662,0.8444356918334961,0.9533553222815195,0.8280124122446222,0.6155482784752198,-1.5481818484263599,0.02712948394544193,0.0036219523582623585
adl-33-cam0-rgb,adl,17,192314,0.8283101618289948,0.6153965592384338,0.8243187665939331,0.45655640959739685,-1.439447052549719,0.030483484268188477,0.027101725339889526,0.00338175892829895,0.8483075499534607,0.9547408322493235,0.8282873884682004,0.6155785311868172,-1.420574590495987,0.02710025767227268,0.00377014769620193
adl-33-cam0-rgb,adl,19,192380,0.8284434378147125,0.6159527599811554,0.8250528573989868,0.4564836174249649,-1.218020486874043,0.03054910898208618,0.026918679475784302,0.00363042950630188,0.8523492813110352,0.9559999803702036,0.828489907505191,0.6156174837252786,-1.250271047954231,0.0270248170280869,0.0039997509805671004
adl-33-cam0-rgb,adl,21,192446,0.8286427855491638,0.615778237581253,0.8257434070110321,0.456521138548851,-1.042991518866112,0.031915485858917236,0.02707451581954956,0.004840970039367676,0.8502617478370667,0.9553298453489939,0.8288554581470808,0.615657395872718,-1.119073664157313,0.026700587886752468,0.00452121472977972
adl-33-cam0-rgb,adl,23,192512,0.8295502066612244,0.615566074848175,0.8265797793865204,0.45609475672245026,-1.0671089272418908,0.03148382902145386,0.025729715824127197,0.00575411319732666,0.8558189868927002,0.9570428729057312,0.8295327019897878,0.6156542890773697,-1.1032835909439513,0.025994740523301123,0.005364609745157738
adl-33-cam0-rgb,adl,25,192578,0.829805850982666,0.6153876483440399,0.8269889652729034,0.45591872930526733,-1.0119770064185518,0.03145885467529297,0.0256195068359375,0.005839347839355469,0.8546609878540039,0.9568553368250529,0.8303018423901997,0.615529212213697,-1.1376693148399992,0.025107584990464213,0.006296558039528974
adl-33-cam0-rgb,adl,27,192644,0.8316637873649597,0.6154026985168457,0.8278319537639618,0.45574165880680084,-1.3748235360875494,0.03113722801208496,0.024018943309783936,0.007118284702301025,0.8608364462852478,0.9587114353974661,0.8310826458198155,0.6152435526961363,-1.192254435060224,0.024260158533657747,0.007149549918773359
adl-33-cam0-rgb,adl,29,192710,0.8319465219974518,0.615219235420227,0.8283061683177948,0.4556255638599396,-1.306698045575194,0.03138148784637451,0.023181647062301636,0.008199840784072876,0.860791802406311,0.9587200284004211,0.8317584874051978,0.6146883082080188,-1.2309569430826306,0.023614341691458863,0.007913303452652759
adl-33-cam0-rgb,adl,31,192776,0.8320651352405548,0.6150877773761749,0.8288440108299255,0.45554810762405396,-1.156651275533807,0.03150814771652222,0.022934705018997192,0.008573442697525024,0.8629267811775208,0.9593315422534943,0.8322115229579781,0.6149749624264695,-1.210445915236635,0.02347320924589641,0.008367619086137569
adl-33-cam0-rgb,adl,33,192842,0.8323792815208435,0.6149084866046906,0.8292683959007263,0.4551350474357605,-1.1154425835152775,0.03240394592285156,0.02318704128265381,0.009216904640197754,0.8636131286621094,0.9597488741079966,0.8325600114477649,0.615990835221814,-1.1466395754957266,0.022951772073646612,0.008779846873634293
adl-33-cam0-rgb,adl,35,192908,0.832509309053421,0.6157322227954865,0.8295385539531708,0.4553072452545166,-1.0608839073882077,0.0328790545463562,0.02307453751564026,0.009804517030715942,0.8567895293235779,0.9580103754997253,0.8326139388146326,0.6173804616515246,-1.010899058304531,0.022210798480293933,0.008913921845423698
adl-33-cam0-rgb,adl,37,192974,0.8325024247169495,0.6209430396556854,0.8297184407711029,0.4559657871723175,-0.9667720219263819,0.032046496868133545,0.022211968898773193,0.009834527969360352,0.8416981101036072,0.9539406498273214,0.832521723333374,0.619096250761122,-0.904285065418384,0.021204205173434604,0.010066536984918424
adl-33-cam0-rgb,adl,39,193040,0.8323374688625336,0.621612548828125,0.8296306729316711,0.4563957154750824,-0.9386096203819482,0.03203392028808594,0.019081324338912964,0.012952595949172974,0.8473251461982727,0.9555564522743225,0.8321221855295673,0.6207650142572649,-0.8876617592136242,0.019906343061686566,0.013725184000931758
adl-33-cam0-rgb,adl,41,193106,0.8314113616943359,0.6216856837272644,0.8285964727401733,0.45637501776218414,-0.9755309549534188,0.036009013652801514,0.018400967121124268,0.017608046531677246,0.8562379479408264,0.9581627547740936,0.8314429224827578,0.622053785370541,-1.0745527209377155,0.0187645355860392,0.020727227518568793
adl-33-cam0-rgb,adl,43,193172,0.8296006619930267,0.6225629448890686,0.8259704113006592,0.4565650373697281,-1.252816354842064,0.047528743743896484,0.01898255944252014,0.028546184301376343,0.8598990440368652,0.9592399795850118,0.8300743730037231,0.622644194276817,-1.4569858592803708,0.01868618153906485,0.03015025379337785
adl-33-cam0-rgb,adl,45,193238,0.8279585838317871,0.6226524710655212,0.8219472765922546,0.4582008868455887,-2.093438359526677,0.061338722705841064,0.019557654857635498,0.041781067848205566,0.8361091017723083,0.9513579805692037,0.8279208956342743,0.6224426774235505,-2.12152298400109,0.020207569970713005,0.04065024594723914
adl-33-cam0-rgb,adl,47,193304,0.8253657817840576,0.622994989156723,0.8163878619670868,0.45968931913375854,-3.146734696145464,0.07536888122558594,0.022740721702575684,0.052628159523010254,0.8322222828865051,0.9492424627145132,0.8246060030542914,0.6231049690153683,-2.996367883030027,0.023549190976402942,0.04972636067506031
adl-33-cam0-rgb,adl,49,193370,0.8201371431350708,0.6238016784191132,0.8090527355670929,0.46240024268627167,-3.9286772161931225,0.08453953266143799,0.028095245361328125,0.05644428730010986,0.842843234539032,0.9516581694285074,0.8200132960364921,0.6244465064950826,-3.9814805148976067,0.028399464371916493,0.05547731727748714
adl-33-cam0-rgb,adl,51,193436,0.8147581517696381,0.6252575516700745,0.8002570867538452,0.46512579917907715,-5.174425240330027,0.09096240997314453,0.03352496027946472,0.05743744969367981,0.8459023833274841,0.9499499698479971,0.814225852102427,0.6261584591039839,-5.083719406711741,0.03476004360558145,0.0565374004634427
adl-33-cam0-rgb,adl,53,193502,0.8073903322219849,0.6287024021148682,0.7902856767177582,0.4679689556360245,-6.0743430916846,0.09274601936340332,0.039161860942840576,0.053584158420562744,0.8585128784179688,0.9532873233159384,0.8075078420050721,0.6281933959944415,-6.1926220606342195,0.03979184062449957,0.05347056267581453
adl-33-cam0-rgb,adl,55,193568,0.8001854419708252,0.6306928396224976,0.7802977859973907,0.47019925713539124,-7.063831619911295,0.09183573722839355,0.044193387031555176,0.04764235019683838,0.8681188225746155,0.9563595155874888,0.8005826185534,0.6298941113216011,-7.266194429742737,0.04125488823626458,0.048201452731054
adl-33-cam0-rgb,adl,57,193634,0.7936993837356567,0.6312292814254761,0.7701022028923035,0.4709714502096176,-8.376332932070822,0.08563828468322754,0.04399019479751587,0.04164808988571167,0.8740987181663513,0.9590372443199158,0.7940643936782676,0.6308860643343484,-8.190426118951725,0.03881650530930715,0.042318206457864604
adl-33-cam0-rgb,adl,59,193700,0.7880541980266571,0.6312933266162872,0.7627016007900238,0.47173382341861725,-9.028321133873812,0.06814509630203247,0.032464414834976196,0.035680681467056274,0.8761048316955566,0.9609317084153494,0.7880285724158915,0.6309831200482,-8.794784797527027,0.033424348155141344,0.036439119092313704
adl-33-cam0-rgb,adl,61,193766,0.783287912607193,0.6301252543926239,0.7574747502803802,0.4723624438047409,-9.292399462305687,0.055119872093200684,0.023281842470169067,0.031838029623031616,0.8871927261352539,0.9645387629667918,0.7831135527654116,0.6304629163824625,-9.133986728456769,0.02655222470110109,0.031590954436884255
adl-33-cam0-rgb,adl,63,193832,0.7790548503398895,0.6294864416122437,0.7538783550262451,0.4726652354001999,-9.120591002898232,0.04592019319534302,0.018240541219711304,0.027679651975631714,0.8979305624961853,0.9679233034451803,0.7791447208557283,0.6299864973598734,-9.188687010686754,0.020350215754983716,0.027734902255978897
adl-33-cam0-rgb,adl,65,193898,0.7757753729820251,0.6293313801288605,0.7511182427406311,0.47291409969329834,-8.958210651880197,0.04082387685775757,0.01611196994781494,0.024711906909942627,0.9055222868919373,0.9702689250310262,0.7761801971501591,0.6295654117028942,-9.08594475371714,0.016248749964164942,0.02486751270500609
adl-33-cam0-rgb,adl,67,193964,0.7744134068489075,0.630066990852356,0.7499472498893738,0.4749031811952591,-8.960595838985158,0.03882330656051636,0.01579993963241577,0.023023366928100586,0.9120920300483704,0.9722783068815867,0.7741293960061413,0.6294187882761926,-8.993577308495238,0.015284423059199257,0.022832977436321605
adl-33-cam0-rgb,adl,69,194030,0.7732070088386536,0.6301103234291077,0.7487538456916809,0.47750087082386017,-9.103327079117758,0.0378146767616272,0.016172587871551514,0.021642088890075684,0.916117250919342,0.9729653298854828,0.7730831280673209,0.629951787846428,-9.010914151126467,0.015354465483587001,0.021545082588732473
adl-33-cam0-rgb,adl,71,194096,0.7733454704284668,0.6300349831581116,0.7489632666110992,0.4839625358581543,-9.476364473732977,0.0359119176864624,0.014242172241210938,0.021669745445251465,0.9142740368843079,0.9725626409053802,0.7734011530360091,0.6307517713282522,-9.376648454586157,0.014841147573479305,0.021761985826285857
adl-33-cam0-rgb,adl,73,194162,0.7740770280361176,0.6318474113941193,0.7496728003025055,0.4911624491214752,-9.841010564880685,0.03665441274642944,0.014483422040939331,0.022170990705490112,0.9099639654159546,0.9726075530052185,0.7748191547600212,0.631386926937928,-10.18721572875343,0.013473962034497921,0.023176448685782263
adl-33-cam0-rgb,adl,75,194228,0.7766253650188446,0.6342789232730865,0.7508412003517151,0.501061201095581,-10.95409970807082,0.037008702754974365,0.01231655478477478,0.024692147970199585,0.9027486443519592,0.9723996718724569,0.7769862428888087,0.632429287547156,-11.181174495932414,0.011302902068926642,0.025205962069622844
adl-33-cam0-rgb,adl,77,194294,0.7805100381374359,0.6356766819953918,0.752894252538681,0.5147978961467743,-12.868852111587232,0.036576807498931885,0.007698863744735718,0.028877943754196167,0.8906397819519043,0.9711913466453552,0.7799390771172252,0.6351372273195348,-12.6934619353836,0.008450654936043203,0.027757090407532492
adl-33-cam0-rgb,adl,79,194360,0.7830195426940918,0.6387862265110016,0.7557584047317505,0.5342051982879639,-14.610168460934327,0.036264002323150635,0.00544053316116333,0.030823469161987305,0.8424622416496277,0.9635728995005289,0.7828660017742213,0.6410748516068304,-14.427476329176706,0.0057576712849852245,0.030161347095068354
adl-33-cam0-rgb,adl,81,194426,0.7854042053222656,0.6483451128005981,0.7579923868179321,0.5507313907146454,-15.685767654771574,0.03472703695297241,0.0031528472900390625,0.03157418966293335,0.7852343916893005,0.9521585603555044,0.7853953367445881,0.6510581125170628,-16.176994397240357,0.0030406340634151928,0.033414787931359644
adl-33-cam0-rgb,adl,83,194492,0.7876612842082977,0.663266122341156,0.7584041059017181,0.5757102370262146,-18.4772741358496,0.03426700830459595,0.000949174165725708,0.03331783413887024,0.7340465188026428,0.9427184065183004,0.7874034048416902,0.6651918001763223,-17.95782157836707,0.000993974926151754,0.03387723663152549
adl-33-cam0-rgb,adl,85,194558,0.7876907587051392,0.6826261878013611,0.7588954865932465,0.5999525785446167,-19.203260527401444,0.03443056344985962,0.0010420680046081543,0.033388495445251465,0.693429708480835,0.9354448219140371,0.787916113545884,0.6785092926644656,-19.21729391645781,0.000777618322537579,0.03180265927211544
adl-33-cam0-rgb,adl,87,194624,0.787959486246109,0.7006393373012543,0.7592829465866089,0.6231842637062073,-20.31629027595858,0.03397536277770996,0.0005998313426971436,0.03337553143501282,0.6455036997795105,0.9232458372910818,0.7875161350289459,0.6936080439008155,-20.25553851584838,0.001643877395819799,0.027840657229031292
adl-33-cam0-rgb,adl,89,194690,0.7875091135501862,0.7144112586975098,0.7595874667167664,0.6445066630840302,-21.773005568085836,0.02046138048171997,0.002202361822128296,0.018259018659591675,0.5840222239494324,0.9010778665542603,0.786203469290877,0.7104880538853727,-21.07255537653878,0.0035927521459984124,0.021991230502273064
adl-33-cam0-rgb,adl,91,194756,0.7828702330589294,0.7221341133117676,0.7596350908279419,0.6619026958942413,-21.0948436016395,0.021985769271850586,0.008022010326385498,0.013963758945465088,0.5311272740364075,0.8829380472501119,0.7839781163316772,0.7291493226181371,-21.668344498529017,0.0066242425730734245,0.014254379091840765
adl-34-cam0-rgb,adl,1,195756,0.7648984789848328,0.635069727897644,0.7667650878429413,0.4521332234144211,0.5846022832359418,0.05292344093322754,0.03067481517791748,0.02224862575531006,0.9945806860923767,0.9986446102460226,0.7656571523709726,0.6346559076598193,0.7211948719193783,0.02812263225064131,0.02082631569920161
adl-34-cam0-rgb,adl,3,195822,0.7648753225803375,0.6351669728755951,0.7660239934921265,0.45247313380241394,0.36023726036472736,0.05223405361175537,0.029898911714553833,0.022335141897201538,0.9933257102966309,0.9983389377593994,0.7648296404968605,0.6352425274523821,0.2105018978086931,0.030694804227713368,0.023963355476205976
adl-34-cam0-rgb,adl,5,195888,0.7643338441848755,0.6357880234718323,0.7627147138118744,0.45369693636894226,-0.5094532274987748,0.05411553382873535,0.03036355972290039,0.02375197410583496,0.9929920434951782,0.9982463518778483,0.7637121535095815,0.6357844226675117,-0.7394703220605997,0.0326472591657143,0.026277982814487424
adl-34-cam0-rgb,adl,7,195954,0.7634092569351196,0.6354354918003082,0.756403237581253,0.4567577987909317,-2.2454387216828975,0.06153517961502075,0.03151184320449829,0.03002333641052246,0.993008553981781,0.9982066253821055,0.7623046914091356,0.6362815933052081,-2.1287217876885003,0.033979997064644114,0.02777019771404595
adl-34-cam0-rgb,adl,9,196020,0.7610065937042236,0.6357866525650024,0.7485138773918152,0.4608381390571594,-4.084441778705781,0.06376016139984131,0.03388535976409912,0.029874801635742188,0.9931030869483948,0.9982230563958486,0.7606072541955218,0.6367340393654704,-3.957252499075005,0.034693017924502766,0.028440000174881533
adl-34-cam0-rgb,adl,11,196086,0.7583664357662201,0.638164222240448,0.7389029562473297,0.46880052983760834,-6.555740634526001,0.06544452905654907,0.03634771704673767,0.0290968120098114,0.9929539561271667,0.9981641372044882,0.7579609482061284,0.6372120846143523,-6.056498153454811,0.035603010422223524,0.028216609062054414
adl-34-cam0-rgb,adl,13,196152,0.7546191513538361,0.6385283768177032,0.7302245199680328,0.48058250546455383,-8.779918655445403,0.06461316347122192,0.03861132264137268,0.026001840829849243,0.9909666776657104,0.9976549843947092,0.7555317818086373,0.6370556718343254,-8.752029832253648,0.03510885566343988,0.027084694667295937
adl-34-cam0-rgb,adl,15,196218,0.7528811991214752,0.6379251778125763,0.7243703901767731,0.49945004284381866,-11.634119187526053,0.05803203582763672,0.034154146909713745,0.023877888917922974,0.9874802827835083,0.9969013532002767,0.7536356073695333,0.636624995119127,-12.56482749185307,0.03346802494226591,0.02508488013630818
adl-34-cam0-rgb,adl,17,196284,0.7523757517337799,0.6373999714851379,0.7187561690807343,0.5196067690849304,-15.929377202649073,0.05227518081665039,0.02819797396659851,0.02407720685005188,0.979971706867218,0.995221346616745,0.7525835923560242,0.6377218858504183,-17.018594158606827,0.0313001361502197,0.024275002670494476
adl-34-cam0-rgb,adl,19,196350,0.7526338696479797,0.6388524174690247,0.7126773595809937,0.5398202240467072,-21.972593065810134,0.052701473236083984,0.027999937534332275,0.02470153570175171,0.9556244015693665,0.9897197087605795,0.7522573523965221,0.6415128593062933,-21.61326703450249,0.029046178509146578,0.024338197269480947
adl-34-cam0-rgb,adl,21,196416,0.7522650063037872,0.6459477245807648,0.7097119092941284,0.5658273100852966,-27.97340987294104,0.05245077610015869,0.028181105852127075,0.024269670248031616,0.9231313467025757,0.9821634193261465,0.7520623866355769,0.6491631551996444,-26.283081789047863,0.0276474406966915,0.02482606231908258
adl-34-cam0-rgb,adl,23,196482,0.7519576251506805,0.6610060632228851,0.7092660069465637,0.5874156355857849,-30.119075336376174,0.05488324165344238,0.028972536325454712,0.02591070532798767,0.8930093050003052,0.9750416576862335,0.7516239506083638,0.6602475760561037,-30.195967363655004,0.027901995104628687,0.025011173703453723
adl-34-cam0-rgb,adl,25,196548,0.7510977983474731,0.6747745275497437,0.7076828479766846,0.6068579256534576,-32.588305945006994,0.054147958755493164,0.028450727462768555,0.02569723129272461,0.8785332441329956,0.9707377254962921,0.7507052851187708,0.6728857282178217,-33.22977433509334,0.028779951137897733,0.024624267826864693
adl-34-cam0-rgb,adl,27,196614,0.7489336729049683,0.6879384815692902,0.7046834528446198,0.6257739663124084,-35.444189786097915,0.05356258153915405,0.02972888946533203,0.02383369207382202,0.842540979385376,0.9603504339853922,0.7494628542945487,0.6863550816005433,-34.9203752430948,0.02986995998399078,0.023797044764349434
adl-34-cam0-rgb,adl,29,196680,0.7485256791114807,0.6987802684307098,0.7045508623123169,0.6385595798492432,-36.13795521792787,0.054225802421569824,0.03073638677597046,0.023489415645599365,0.8414097428321838,0.9601532518863678,0.7485042171818859,0.6985002558726758,-36.25573579770079,0.03220901822114915,0.024320822644543303
adl-34-cam0-rgb,adl,31,196746,0.7469146549701691,0.7074337601661682,0.7041774988174438,0.6525420844554901,-37.903348580262644,0.056578099727630615,0.03244790434837341,0.024130195379257202,0.7864561080932617,0.9440266191959381,0.7476436119058937,0.709293651890444,-37.76364032958077,0.031999091049293375,0.02626284453775972
adl-34-cam0-rgb,adl,33,196812,0.7464097440242767,0.7202427685260773,0.7034892439842224,0.6646564900875092,-37.673237918843704,0.06223577260971069,0.03581884503364563,0.026416927576065063,0.7086979150772095,0.9179080923398336,0.7462616371773018,0.7194824318736145,-38.90065619184869,0.032903247852346065,0.02734495619416752
adl-34-cam0-rgb,adl,35,196878,0.7463328242301941,0.7282011806964874,0.7031919360160828,0.6773330569267273,-40.30103649882074,0.06957954168319702,0.03588312864303589,0.03369641304016113,0.638129472732544,0.8931654989719391,0.7447106170963926,0.7289738608645151,-39.752172743213585,0.03381166845173029,0.02872237957917249
adl-34-cam0-rgb,adl,37,196944,0.7436021864414215,0.7387738823890686,0.7022994756698608,0.6908978223800659,-40.7843633058806,0.060404956340789795,0.026352375745773315,0.03405258059501648,0.5749666094779968,0.8707376221815745,0.7429905516631669,0.7377679388631468,-40.318189983675495,0.03472435284744607,0.030395114692774665
adl-34-cam0-rgb,adl,39,197010,0.7399469614028931,0.7455714046955109,0.7016173899173737,0.7004646062850952,-40.35627104992121,0.067726731300354,0.03972893953323364,0.02799779176712036,0.517552375793457,0.8503771126270294,0.7411014408776246,0.7458646658695098,-40.59870791323442,0.035641301039493416,0.03236316153497404
adl-35-cam0-rgb,adl,1,198010,0.7519584000110626,0.6271535754203796,0.7441220581531525,0.46203020215034485,-2.717075649727848,0.050891101360321045,0.04265931248664856,0.008231788873672485,0.9766181707382202,0.9947140117486318,0.7527091214151089,0.6278152595866806,-2.773196554151985,0.042010653741431925,0.008977748408462065
adl-35-cam0-rgb,adl,3,198076,0.7519063651561737,0.6267721652984619,0.7441562414169312,0.46159063279628754,-2.686280748291334,0.050447702407836914,0.0421583354473114,0.008289366960525513,0.9764600992202759,0.9945981403191885,0.7515666164232018,0.626450777324763,-2.760625713754961,0.042742833675760185,0.007962192459539935
adl-35-cam0-rgb,adl,5,198142,0.7517141997814178,0.6261057555675507,0.743084579706192,0.4616764038801193,-3.0042543661621584,0.050374388694763184,0.042170554399490356,0.008203834295272827,0.9763635396957397,0.9944715996583303,0.7509480932187204,0.6255053346807306,-2.8710567148118438,0.042737138490656225,0.007445004169559066
adl-35-cam0-rgb,adl,7,198208,0.7512832581996918,0.6254608035087585,0.7421863079071045,0.4616636335849762,-3.1788214505222765,0.04988604784011841,0.041993170976638794,0.007892876863479614,0.9771611094474792,0.9945429364840189,0.7508535518016645,0.6249789316545833,-3.1044895573226325,0.041993568186120024,0.007426183538519459
adl-35-cam0-rgb,adl,9,198274,0.7513247132301331,0.6248503029346466,0.741052895784378,0.4618609547615051,-3.606091373166501,0.04853212833404541,0.04059731960296631,0.007934808731079102,0.9781321883201599,0.9947052597999573,0.7512829921720336,0.6248715682463204,-3.460924241287325,0.04051212276215155,0.0079057305664211
adl-35-cam0-rgb,adl,11,198340,0.7518213093280792,0.62471142411232,0.7408429384231567,0.4625777006149292,-3.87368907765338,0.047569453716278076,0.039134591817855835,0.008434861898422241,0.9790226221084595,0.994921882947286,0.7518245332684856,0.6249066339684762,-3.852362154773269,0.038436464933089824,0.008501812751158997
adl-35-cam0-rgb,adl,13,198406,0.7528056204319,0.6254099905490875,0.7407771050930023,0.4640481621026993,-4.263157305821962,0.044412434101104736,0.0349138081073761,0.009498625993728638,0.9791368842124939,0.9949609339237213,0.7533111346490444,0.6253242726191804,-4.391445895097219,0.03531389744766858,0.009954753247174335
adl-35-cam0-rgb,adl,15,198472,0.7554923892021179,0.6266040503978729,0.7410583794116974,0.46938151121139526,-5.245406156597189,0.04399991035461426,0.03192168474197388,0.01207822561264038,0.9790657162666321,0.9949188927809397,0.7557933189910201,0.6269304570439564,-5.156013548682165,0.03147954742113745,0.012466040911612554
adl-35-cam0-rgb,adl,17,198538,0.7589601278305054,0.6293472349643707,0.7421503961086273,0.4761945307254791,-6.263597287260522,0.042462289333343506,0.026924073696136475,0.015538215637207031,0.9770360589027405,0.9942857623100281,0.7595785581446302,0.6296586675561342,-6.4480061629529,0.026860152359132604,0.01678575207660722
adl-35-cam0-rgb,adl,19,198604,0.7634612023830414,0.6315834820270538,0.7434501647949219,0.48699599504470825,-7.879730028845647,0.04212981462478638,0.022495120763778687,0.01963469386100769,0.9698429703712463,0.9923664132754008,0.7634234513555243,0.6328439428692763,-8.044285622762644,0.022462907549622737,0.020302406637183485
adl-35-cam0-rgb,adl,21,198670,0.7674824893474579,0.637353390455246,0.7443259358406067,0.5035443156957626,-9.818174223998442,0.04224586486816406,0.018572956323623657,0.023672908544540405,0.9404687285423279,0.9865305324395498,0.767088742870272,0.6350115600860471,-10.027858211029516,0.01870991696010934,0.021739944364085308
adl-35-cam0-rgb,adl,23,198736,0.7715959548950195,0.6398699879646301,0.7449224293231964,0.5213965475559235,-12.68820926537666,0.04082643985748291,0.014330267906188965,0.026496171951293945,0.9280138611793518,0.982840100924174,0.7698287770345602,0.6369243073257007,-12.413346002921447,0.015661329418033727,0.02142019240887131
adl-35-cam0-rgb,adl,25,198802,0.7705120742321014,0.6405960321426392,0.7463259994983673,0.5436358749866486,-14.00622656900389,0.03200560808181763,0.014489561319351196,0.01751604676246643,0.9154419898986816,0.9797515571117401,0.7715440536990299,0.6406469836637562,-14.464733990899177,0.014760363669622491,0.019224336136987173
adl-35-cam0-rgb,adl,27,198868,0.7721876502037048,0.6417114436626434,0.7487280070781708,0.5630951225757599,-16.615459977405955,0.02667778730392456,0.012798428535461426,0.013879358768463135,0.8799387216567993,0.9704854587713877,0.7719066939054617,0.6467439502606651,-15.838187586977352,0.01339364116326037,0.01701816864860004
adl-35-cam0-rgb,adl,29,198934,0.7716701030731201,0.6535838842391968,0.7499561607837677,0.5872349143028259,-18.121652724008854,0.02806192636489868,0.012876570224761963,0.015185356140136719,0.8321250677108765,0.959623396396637,0.7718160646560377,0.6560989920195037,-16.781097983075018,0.011343343046320448,0.016316948127952983
adl-35-cam0-rgb,adl,31,199000,0.7713908851146698,0.6710921823978424,0.7519280016422272,0.6068964004516602,-16.866259234168265,0.02854025363922119,0.01316174864768982,0.015378504991531372,0.7747758626937866,0.9452669819196066,0.7713061133762448,0.66885128217342,-17.55305191119202,0.008427429379838874,0.017327117326455692
adl-35-cam0-rgb,adl,33,199066,0.7702175378799438,0.6847062408924103,0.7526262998580933,0.6296288371086121,-17.71302440027544,0.02489382028579712,0.00335770845413208,0.02153611183166504,0.7093655467033386,0.9221025904019674,0.774610329370993,0.6930918533564636,-21.476836167649026,0.004491707076241955,0.01924363939793076
adl-35-cam0-rgb,adl,35,199132,0.7713364064693451,0.7010449767112732,0.7533528804779053,0.6527848839759827,-20.43728616734256,0.026335179805755615,0.0021794140338897705,0.024155765771865845,0.6447579860687256,0.8998090525468191,0.7717256433777984,0.7034232529984914,-21.88687897516005,0.00520409482382076,0.020614736652993508
adl-35-cam0-rgb,adl,37,199198,0.7697448432445526,0.7128168940544128,0.753730982542038,0.6761445701122284,-23.58965615272337,0.024765610694885254,0.003733426332473755,0.0210321843624115,0.5818234086036682,0.877101461092631,0.7646265633694527,0.7004682281058577,-19.970594808358953,0.009011811508244755,0.020999866646605622
adl-35-cam0-rgb,adl,39,199264,0.769514411687851,0.725498616695404,0.7528333365917206,0.6936405897140503,-27.63685386754196,0.028530120849609375,0.011656194925308228,0.016873925924301147,0.5250431299209595,0.8567188779513041,0.7549044791754179,0.6880620625111954,-16.514659447618776,0.014947374403734722,0.020902818157559316
adl-35-cam0-rgb,adl,253,206326,0.7301609814167023,0.636519581079483,0.724948525428772,0.512285977602005,-2.4025437449356475,0.05286717414855957,0.03213414549827576,0.020733028650283813,0.5221706032752991,0.8414179881413778,0.7442645202209413,0.6703500289679596,-11.630306417966295,0.02179892819165148,0.019920919751708097
adl-35-cam0-rgb,adl,255,206392,0.7287235260009766,0.6376038491725922,0.7225155532360077,0.5001654475927353,-2.586242499026845,0.050940632820129395,0.030411601066589355,0.02052903175354004,0.5659960508346558,0.8557912607987722,0.7344793765059786,0.6509948605066761,-6.388293065757722,0.026949241047813738,0.019722862935169408
adl-35-cam0-rgb,adl,257,206458,0.7287355065345764,0.6383657157421112,0.7223638892173767,0.48775967955589294,-2.4225404232045764,0.04987192153930664,0.029022276401519775,0.020849645137786865,0.6062180995941162,0.8696255584557852,0.7276945893382603,0.6355807074220656,-2.096389323901269,0.031460300668493445,0.020428172437659563
adl-35-cam0-rgb,adl,259,206524,0.7286572158336639,0.6363632082939148,0.7226599752902985,0.4756937623023987,-2.137662945629184,0.05024689435958862,0.02950921654701233,0.020737677812576294,0.6439107060432434,0.8823464314142863,0.7249892252090162,0.6287807922858688,0.04849164695255115,0.035531414406640136,0.020851788195696712
adl-35-cam0-rgb,adl,261,206590,0.729777067899704,0.6358255743980408,0.7233552932739258,0.4670086205005646,-2.1784735158433564,0.058740079402923584,0.037267833948135376,0.021472245454788208,0.6781083941459656,0.893831342458725,0.7287545577014154,0.6364390341750462,-1.7546758765803299,0.03986095440336114,0.02063453623226708
adl-35-cam0-rgb,adl,263,206656,0.7302046716213226,0.6359181702136993,0.7258033156394958,0.4607385993003845,-1.43924361388263,0.06954747438430786,0.0478646457195282,0.021682828664779663,0.7094271779060364,0.9042471547921499,0.7303317780102476,0.6362302136885646,-1.2002623211019512,0.04608211605063757,0.021896480997919486
adl-35-cam0-rgb,adl,265,206722,0.7316911518573761,0.6357522010803223,0.7310879230499268,0.4586004912853241,-0.19510018392555437,0.07742971181869507,0.05439409613609314,0.02303561568260193,0.7370138168334961,0.9134482542673746,0.7333708122953182,0.6357475541112734,-0.7030122358877672,0.050023947830323975,0.024779200424879626
adl-35-cam0-rgb,adl,267,206788,0.7372509837150574,0.6355756521224976,0.7374337911605835,0.45740456879138947,0.05878670781452544,0.08234071731567383,0.05392104387283325,0.028419673442840576,0.7619626522064209,0.9217696388562521,0.7382289746623008,0.6351354176347896,-0.32836524443290044,0.05017010577313305,0.02960329706018617
adl-35-cam0-rgb,adl,269,206854,0.7447613477706909,0.6356041431427002,0.7442529499530792,0.45418035984039307,-0.1605576318922902,0.08002829551696777,0.044199466705322266,0.03582882881164551,0.7831371426582336,0.9289477268854777,0.7443038414825083,0.6340473292967965,0.05142073255651884,0.045970907846054405,0.03556124820853719
adl-35-cam0-rgb,adl,271,206920,0.7519476413726807,0.6317478716373444,0.752137154340744,0.4484177678823471,0.05922807625669937,0.07967525720596313,0.036620497703552246,0.04305475950241089,0.8014515042304993,0.9352478186289469,0.7514258845027897,0.6329272865474989,0.2737024261610749,0.038796972144733724,0.04245718062182004
adl-35-cam0-rgb,adl,273,206986,0.7588450610637665,0.6307616829872131,0.7599014043807983,0.4463808387517929,0.32825184119905737,0.07973116636276245,0.030653327703475952,0.0490778386592865,0.817406177520752,0.9408793250719706,0.7570364763210344,0.6319587540961958,0.6758156831954433,0.033800883365399895,0.04672311325093882
adl-35-cam0-rgb,adl,275,207052,0.7637237310409546,0.6306425929069519,0.7675924003124237,0.4465569257736206,1.203927505555947,0.07791799306869507,0.025820136070251465,0.052097856998443604,0.832374632358551,0.9460996488730112,0.7624912628879793,0.6309692523567186,1.1187885309517278,0.028291104598478823,0.050258641402958756
adl-35-cam0-rgb,adl,277,207118,0.7687642574310303,0.6307017505168915,0.7737312614917755,0.4478053003549576,1.5556257994023182,0.07604062557220459,0.02112114429473877,0.05491948127746582,0.8431467413902283,0.9502217968304952,0.767790244203625,0.6299587813290677,1.6026209694299283,0.02226763584397054,0.05306376507787988
adl-35-cam0-rgb,adl,279,207184,0.770969957113266,0.6290124356746674,0.7781866788864136,0.4476098418235779,2.278191056579079,0.07125329971313477,0.019167691469192505,0.05208560824394226,0.8565545082092285,0.9547182619571686,0.7729334202679716,0.628927341013243,2.1273129986300447,0.01573047710187505,0.05513848427570221
adl-36-cam0-rgb,adl,71,210494,0.30970124900341034,0.46621982753276825,0.3052615821361542,0.31770409643650055,-1.7122660398335638,0.01847785711288452,0.021479621529579163,0.003001764416694641,0.5206378698348999,0.8513885835806528,0.30894871579878247,0.4676388061407836,-1.5849168100624969,0.022184038071921375,0.0004793818249846788
adl-36-cam0-rgb,adl,73,210560,0.31025999784469604,0.46817179024219513,0.3078008145093918,0.31901419162750244,-0.9445583913562817,0.024854540824890137,0.020225167274475098,0.004629373550415039,0.5500797629356384,0.8627683222293854,0.3111173141183274,0.4671687780907656,-1.15265887127705,0.019479556607477588,0.006679905093077444
adl-36-cam0-rgb,adl,75,210626,0.31225480139255524,0.4692462384700775,0.3097313642501831,0.3183225393295288,-0.9578934800680757,0.029222458600997925,0.018219277262687683,0.011003181338310242,0.5752508044242859,0.8727703789869944,0.3128267613130729,0.4675977584474527,-0.8597910334989818,0.017461488457211162,0.012080160692914729
adl-36-cam0-rgb,adl,77,210692,0.31458356976509094,0.469652384519577,0.3128477782011032,0.31808747351169586,-0.6561491201320877,0.030186355113983154,0.015242904424667358,0.014943450689315796,0.6159327030181885,0.8851066529750824,0.31407705738301905,0.468925747210845,-0.7063132967282921,0.016129833621122098,0.01668014862449653
adl-36-cam0-rgb,adl,79,210758,0.314982146024704,0.46958352625370026,0.3132365643978119,0.3171641379594803,-0.6561506961998441,0.03608694672584534,0.015767186880111694,0.020319759845733643,0.6536970138549805,0.8963791231314341,0.3148682023281654,0.471152744380942,-0.6922256609649791,0.015484592099210378,0.020479868887822834
adl-36-cam0-rgb,adl,81,210824,0.3150838613510132,0.47337372601032257,0.3129199147224426,0.3169797509908676,-0.7927229775584874,0.04095035791397095,0.01567050814628601,0.025279849767684937,0.6881017088890076,0.9066401819388071,0.31563492312833813,0.47433612666604774,-0.944779630627074,0.015181809212222222,0.024854362978563645
adl-36-cam0-rgb,adl,83,210890,0.3151853680610657,0.4771087169647217,0.31182365119457245,0.3176221251487732,-1.2075226391748448,0.042885541915893555,0.0156918466091156,0.027193695306777954,0.7188760638237,0.9157443344593048,0.3155231164905411,0.4786198641701687,-1.1751111270618804,0.01596851124391925,0.026975869874417482
adl-36-cam0-rgb,adl,85,210956,0.3150354474782944,0.4854165017604828,0.31053197383880615,0.31947140395641327,-1.5545304961461255,0.04613563418388367,0.01752971112728119,0.028605923056602478,0.7450510859489441,0.9221502145131429,0.3139962417867788,0.48321509458027806,-1.3576619891545532,0.01828184033627115,0.026776027563330376
adl-36-cam0-rgb,adl,87,211022,0.31295284628868103,0.48857223987579346,0.3072773516178131,0.3201427161693573,-1.9299401384368677,0.045461297035217285,0.02012750506401062,0.025333791971206665,0.7700813412666321,0.9285541077454885,0.31221930740715576,0.4874437670687053,-1.7131717306518803,0.020929424535660487,0.02480572681406356
adl-36-cam0-rgb,adl,89,211088,0.30951976776123047,0.49068206548690796,0.3044058382511139,0.31969551742076874,-1.7131128850841497,0.044400691986083984,0.024124205112457275,0.02027648687362671,0.7915551662445068,0.9319486320018768,0.3095640118891022,0.4903317273824239,-2.034266586209699,0.023920292010554983,0.02106625699635705
adl-36-cam0-rgb,adl,91,211154,0.30505238473415375,0.49149924516677856,0.2992348223924637,0.31854425370693207,-1.9264904991666503,0.04398414492607117,0.028492018580436707,0.01549212634563446,0.8051570057868958,0.935857097307841,0.3065993679421284,0.49207244136116646,-2.334549696027725,0.026616654161250915,0.01684218419320653
adl-36-cam0-rgb,adl,93,211220,0.30510443449020386,0.4930615723133087,0.29520486295223236,0.3171120136976242,-3.220276839255787,0.042863667011260986,0.028424501419067383,0.014439165592193604,0.8102523684501648,0.9396329621473948,0.3039261538099929,0.49274878365136776,-2.6415497585036345,0.028247072518645902,0.013083271198458469
adl-36-cam0-rgb,adl,95,211286,0.3011820465326309,0.49429167807102203,0.29241809248924255,0.31633003056049347,-2.819327913530788,0.03856411576271057,0.029120340943336487,0.009443774819374084,0.8179913759231567,0.9436269601186117,0.3019522240796642,0.49417920817028316,-2.9356614889077943,0.0291978087905165,0.010730962281103243
adl-36-cam0-rgb,adl,97,211352,0.301071435213089,0.4965178668498993,0.2912301793694496,0.31550508737564087,-3.111978310758992,0.038529157638549805,0.029223769903182983,0.009305387735366821,0.8355455994606018,0.9490720729033152,0.3008467813074842,0.49756776589851803,-3.172441025125218,0.03020916124442951,0.009512977166609319
adl-36-cam0-rgb,adl,99,211418,0.3010099083185196,0.5005413740873337,0.29077907651662827,0.3141578435897827,-3.1418860325486735,0.03952619433403015,0.02932848036289215,0.010197713971138,0.8517447710037231,0.9540338416894277,0.3006597942475112,0.5023554541589886,-3.2060000439154273,0.031177976624274108,0.009324700994925054
adl-36-cam0-rgb,adl,101,211484,0.301127165555954,0.5072864294052124,0.2911292165517807,0.31532835960388184,-2.981500771429719,0.04259493947029114,0.03180333971977234,0.010791599750518799,0.8662945032119751,0.958100308974584,0.30140273524569183,0.5081622848263028,-2.812259065385491,0.03165461026228863,0.010502959742690563
adl-36-cam0-rgb,adl,103,211550,0.30313098430633545,0.5164870321750641,0.294302761554718,0.3162233978509903,-2.524135908682414,0.04605257511138916,0.033415257930755615,0.012637317180633545,0.879421591758728,0.9610073367754618,0.303700798388683,0.5136489813978015,-2.339303398621878,0.03080996032401076,0.01363319003736816
adl-36-cam0-rgb,adl,105,211616,0.3068408668041229,0.5189734101295471,0.30005499720573425,0.3193288594484329,-1.9467201218571157,0.046441346406936646,0.029100090265274048,0.017341256141662598,0.8913671970367432,0.9640051027139028,0.30701241387433253,0.5180285055657994,-1.6834660027917323,0.02810581357448128,0.018182291612996657
adl-36-cam0-rgb,adl,107,211682,0.31215423345565796,0.5219351649284363,0.3098241686820984,0.3232494592666626,-0.67189915492825,0.046822965145111084,0.02236342430114746,0.024459540843963623,0.8929256200790405,0.9657874008019766,0.31178781254724974,0.5211019910130141,-1.1804952447065569,0.02266401936223493,0.024985689169916718
adl-36-cam0-rgb,adl,109,211748,0.3168654143810272,0.5209994316101074,0.31507667899131775,0.321400910615921,-0.5134519258507592,0.047861337661743164,0.01670631766319275,0.031155019998550415,0.8911439776420593,0.9670943915843964,0.3173158535838638,0.5223849190003936,-0.7680234218152173,0.015419907190582949,0.0337218543538799
adl-36-cam0-rgb,adl,111,211814,0.32380056381225586,0.5228358805179596,0.3212936222553253,0.32117100059986115,-0.7122200575279504,0.04885387420654297,0.009079188108444214,0.039774686098098755,0.8871268033981323,0.9678163031737009,0.32342497798013436,0.5233304201266459,-0.682084286670904,0.009404281452620688,0.04090467721094811
adl-36-cam0-rgb,adl,113,211880,0.33027154207229614,0.5253904759883881,0.3262593299150467,0.31973405182361603,-1.11765856708226,0.04851284623146057,0.0024950504302978516,0.04601779580116272,0.8944899439811707,0.9703082144260406,0.32986466805914216,0.5251880281673358,-0.8239524332631436,0.006922357977726749,0.039405934931911885
adl-36-cam0-rgb,adl,115,211946,0.3353789746761322,0.5265642702579498,0.33237388730049133,0.3190563768148422,-0.829687901315561,0.039823949337005615,0.0037696361541748047,0.04359358549118042,0.9043475985527039,0.9730642835299174,0.3359043267898224,0.5273948596927504,-1.0149579878839006,0.005442425415113368,0.03403460256981122
adl-36-cam0-rgb,adl,117,212012,0.3428337723016739,0.5316943526268005,0.3372585326433182,0.318618580698967,-1.498832222242733,0.016293048858642578,0.009833529591560364,0.026126578450202942,0.9131394624710083,0.9752213954925537,0.3418720528418879,0.5308582897568155,-1.1190064175468932,0.005603871304235411,0.02783609829939801
adl-36-cam0-rgb,adl,119,212078,0.34866420924663544,0.5341735184192657,0.3439037799835205,0.31668783724308014,-1.2539168438156625,0.009542882442474365,0.012509360909461975,0.00296647846698761,0.9108518958091736,0.9716571172078451,0.3480598524664382,0.5348246184004326,-1.295115517161636,0.008827355452430186,0.02114175853533143
adl-36-cam0-rgb,adl,121,212144,0.3532879054546356,0.5375880599021912,0.34896963834762573,0.3158700615167618,-1.1157741119370503,0.02486175298690796,0.007340520620346069,0.01752123236656189,0.8971354961395264,0.9705211718877157,0.35430826537020743,0.5380551550553467,-1.4783717316542648,0.01374200786346995,0.015171049477218014
adl-36-cam0-rgb,adl,123,212210,0.36162765324115753,0.5430768132209778,0.35385578870773315,0.3160039931535721,-1.9602578584725394,0.03716552257537842,0.016187086701393127,0.02097843587398529,0.9022257328033447,0.9725723365942637,0.36222995379012335,0.5412924729642405,-2.0239422088088803,0.020060670001682233,0.011493153063765837
adl-36-cam0-rgb,adl,125,212276,0.37112952768802643,0.5456902384757996,0.36038972437381744,0.3158887177705765,-2.6757785599508894,0.04052931070327759,0.026249155402183533,0.014280155301094055,0.9082105755805969,0.9746496280034384,0.37111794006772836,0.5440883859669483,-2.5929300162878475,0.02300961889745866,0.011227049094773976
adl-36-cam0-rgb,adl,127,212342,0.37919022142887115,0.544979989528656,0.3671502023935318,0.3150874972343445,-2.9979778366003393,0.03770807385444641,0.029352381825447083,0.008355692028999329,0.9116514921188354,0.9761698345343272,0.38092683784631365,0.5482079456378879,-3.2538853873859495,0.020915291332579248,0.01244719984469474
adl-36-cam0-rgb,adl,129,212408,0.39368441700935364,0.551661491394043,0.37571728229522705,0.314075767993927,-4.324692735398078,0.022275596857070923,0.029849141836166382,0.007573544979095459,0.9049460887908936,0.975830207268397,0.3909387413041411,0.552144530789676,-3.7245689313269708,0.019913833378713344,0.01125376371594217
adl-36-cam0-rgb,adl,131,212474,0.4016225039958954,0.5569579899311066,0.3848799467086792,0.31404176354408264,-3.9427716053592943,0.002576977014541626,0.011612802743911743,0.01418977975845337,0.9097645878791809,0.9773221413294474,0.400935759598558,0.5568232262805419,-4.038063242695775,0.022292773896481537,0.01467191960130417
adl-36-cam0-rgb,adl,133,212540,0.4099518358707428,0.5646364986896515,0.3932441771030426,0.3140518218278885,-3.814533213141252,0.03702676296234131,0.013057738542556763,0.023969024419784546,0.916270911693573,0.9790874322255453,0.4104265184242482,0.5623469422389926,-3.9622456919729405,0.03380746623396352,0.022132687689938042
adl-36-cam0-rgb,adl,135,212606,0.41944003105163574,0.5661730766296387,0.4034661650657654,0.3141768276691437,-3.627086463929412,0.08212625980377197,0.04936861991882324,0.03275763988494873,0.9231867790222168,0.9808391729990641,0.420337543988124,0.5683300315817705,-3.7006576120848402,0.05049476091995893,0.03243204899680559
adl-36-cam0-rgb,adl,137,212672,0.43154729902744293,0.5738182961940765,0.41489873826503754,0.31568725407123566,-3.690268639586579,0.12430828809738159,0.07951055467128754,0.044797733426094055,0.9286901354789734,0.9822421371936798,0.4304989762765498,0.5730921306135326,-3.1426924922545694,0.06855204682071478,0.04425000144547708
adl-36-cam0-rgb,adl,139,212738,0.44122855365276337,0.5770439803600311,0.43133898079395294,0.3167112469673157,-2.1755176362313478,0.15259847044944763,0.09825344383716583,0.0543450266122818,0.9326099753379822,0.983257015546163,0.44301734826007383,0.5772359039618331,-2.7045723478738246,0.08270602263671484,0.05725744837548301
adl-36-cam0-rgb,adl,141,212804,0.4567709118127823,0.5810971260070801,0.44650307297706604,0.32043756544589996,-2.25581528363095,0.15291643142700195,0.08353124558925629,0.06938518583774567,0.9373859763145447,0.984323134024938,0.4571743968761322,0.580320221263092,-2.178127692867479,0.08516890662057046,0.07120364581867719
adl-36-cam0-rgb,adl,143,212870,0.47164350748062134,0.5826976597309113,0.4647173285484314,0.32385653257369995,-1.5327786260653882,0.15390324592590332,0.07156455516815186,0.08233869075775146,0.9422457814216614,0.9854865173498789,0.47232502821461914,0.582990193908864,-1.6657777084730854,0.07448266549801918,0.08369136546855352
adl-36-cam0-rgb,adl,145,212936,0.4882223457098007,0.583743691444397,0.48226581513881683,0.32493504881858826,-1.3184406001992572,0.14713528752326965,0.053895846009254456,0.0932394415140152,0.9472710490226746,0.986678828795751,0.48748949002393843,0.5836295352611698,-1.1715253226046218,0.058806413179868136,0.0909020060842686
adl-36-cam0-rgb,adl,147,213002,0.5027278363704681,0.5836522579193115,0.4995027780532837,0.3247293382883072,-0.7136203912648045,0.1373070478439331,0.04314258694648743,0.09416446089744568,0.9519320130348206,0.9876847267150879,0.5014979260695438,0.583236952364702,-0.6749629306086715,0.043423363721215816,0.08795400170278742
adl-36-cam0-rgb,adl,149,213068,0.5147460550069809,0.5829482674598694,0.5134138762950897,0.3243344724178314,-0.29514103306008566,0.11104315519332886,0.03087104856967926,0.0801721066236496,0.9561700224876404,0.9886420766512553,0.5134288222887808,0.5814541815679302,-0.022848365557514697,0.030500745037933402,0.07160742555087768
adl-36-cam0-rgb,adl,151,213134,0.5239850878715515,0.5800991356372833,0.5259144455194473,0.3235246241092682,0.4308376783670755,0.07721272110939026,0.021948695182800293,0.055264025926589966,0.9600207209587097,0.9895436068375906,0.523853885534005,0.5796650370736134,0.4302325944532095,0.019008334193910847,0.05258890070440442
adl-36-cam0-rgb,adl,153,213200,0.530988484621048,0.5787114500999451,0.5363398492336273,0.3223407119512558,1.1957920402071147,0.03452378511428833,0.0125979483127594,0.02192583680152893,0.9632334113121033,0.990259031454722,0.5330580355543071,0.5803066305009825,0.6827741194785684,0.012158654081873032,0.03467559375804219
adl-36-cam0-rgb,adl,155,213266,0.5413124859333038,0.5798849761486053,0.5444362461566925,0.32156550884246826,0.6928225563174187,0.004030287265777588,0.0010252892971038818,0.00505557656288147,0.9639317989349365,0.9892776012420654,0.5415411560566387,0.5833279914928198,0.5883689861467656,0.008626618684628298,0.02099756773932153
adl-36-cam0-rgb,adl,157,213332,0.5499463975429535,0.5871178507804871,0.5507024675607681,0.32141822576522827,0.1630393874689658,0.03151726722717285,0.006952792406082153,0.024564474821090698,0.9648211598396301,0.989476482073466,0.5494072376004537,0.5889685565517053,0.2624871604225484,0.00953809439619897,0.014108300015523819
adl-36-cam0-rgb,adl,159,213398,0.5581885278224945,0.599343478679657,0.5558530539274216,0.32188180088996887,-0.4822634906139764,0.03516668081283569,0.015378385782241821,0.019788295030593872,0.9603222012519836,0.9883176585038503,0.5570018143106841,0.5957627028097829,-0.3259019538975737,0.009093225131303187,0.012145734710610775
adl-36-cam0-rgb,adl,161,213464,0.5638642311096191,0.6032470166683197,0.5590545833110809,0.323688343167305,-0.9856440225971096,0.028604447841644287,0.01608741283416748,0.012517035007476807,0.9505932927131653,0.9863506058851877,0.5642423507197071,0.6021451983616973,-0.9767036277600674,0.01051705262877723,0.01246950210946977
adl-36-cam0-rgb,adl,163,213530,0.5695211291313171,0.6079775393009186,0.5632719546556473,0.325461745262146,-1.2671608153779053,0.025534093379974365,0.015745878219604492,0.009788215160369873,0.9500131011009216,0.9864794214566549,0.5704736350934735,0.6066043602697768,-1.3905668498025565,0.013809640170175773,0.011268997089171291
adl-36-cam0-rgb,adl,165,213596,0.5764521956443787,0.6073377728462219,0.567826509475708,0.3266204446554184,-1.7599909612406446,0.009196162223815918,0.004327356815338135,0.004868805408477783,0.9513941407203674,0.9870883425076803,0.5761875822430558,0.6083797838264722,-1.568224361257532,0.018086362710762822,0.007612615178673805
adl-36-cam0-rgb,adl,167,213662,0.5825938880443573,0.6080490052700043,0.5739511549472809,0.3265986144542694,-1.7588768160162718,0.03041917085647583,0.022908002138137817,0.007511168718338013,0.9476062655448914,0.9864699443181356,0.5816037893553309,0.6079364670561497,-1.5593484593191795,0.02348922431726989,0.009011129409203787
adl-36-cam0-rgb,adl,169,213728,0.5875144898891449,0.6072987020015717,0.5806786417961121,0.3268383890390396,-1.3962321762592371,0.04902070760726929,0.033850640058517456,0.015170067548751831,0.9495892524719238,0.9864851534366608,0.5873259392393607,0.6074817756037683,-1.3865423271495128,0.030246471558814395,0.013253253904771993
adl-36-cam0-rgb,adl,171,213794,0.5927061140537262,0.6071047782897949,0.5878334045410156,0.3282698839902878,-1.0011561721168247,0.0624886155128479,0.04210779070854187,0.02038082480430603,0.9520933032035828,0.9866515100002289,0.5933864573379607,0.6069221590762521,-1.1541178146579856,0.03581148050564187,0.019902509012263547
adl-36-cam0-rgb,adl,173,213860,0.5996657013893127,0.6064150333404541,0.5946123600006104,0.3309548795223236,-1.0509783584985803,0.06477516889572144,0.03671693801879883,0.028058230876922607,0.9540278911590576,0.9865624606609344,0.600575196665602,0.6074182636294005,-1.0329862619327572,0.0368448997730816,0.030079829099374372
adl-36-cam0-rgb,adl,175,213926,0.6081470251083374,0.608057290315628,0.6034452319145203,0.336751252412796,-0.992849048188727,0.06821715831756592,0.03141814470291138,0.03679901361465454,0.9564152359962463,0.9868616163730621,0.6090402194173812,0.6081701465499341,-1.2201751266092882,0.03005012379580241,0.04035658405456702
adl-36-cam0-rgb,adl,177,213992,0.617717444896698,0.6101570129394531,0.6106914579868317,0.3435189574956894,-1.5094104415317917,0.06940531730651855,0.02115684747695923,0.048248469829559326,0.9584619402885437,0.9869061609109243,0.6181553915723568,0.6091580652829364,-1.6965438669054067,0.02109954896427333,0.047582538483978795
adl-36-cam0-rgb,adl,179,214058,0.6286879181861877,0.6126785278320312,0.6176166832447052,0.3521237075328827,-2.43309138408061,0.06537598371505737,0.007971048355102539,0.057404935359954834,0.9545729160308838,0.9856635928153992,0.626809410589597,0.6117260478017641,-2.252455873056859,0.011751149510924418,0.04931876682615892
adl-36-cam0-rgb,adl,181,214124,0.6357128620147705,0.6143088042736053,0.6218137443065643,0.36160510778427124,-3.148189773838178,0.05651724338531494,0.005345344543457031,0.05117189884185791,0.9361745715141296,0.982081135114034,0.6341984389406252,0.6163067766082226,-2.7904377465982004,0.005353481351555162,0.04530192982582812
adl-36-cam0-rgb,adl,183,214190,0.6407691538333893,0.6184757947921753,0.6250293552875519,0.36829814314842224,-3.5999896978452885,0.03962177038192749,0.0027631819248199463,0.036858588457107544,0.9083874821662903,0.9769503871599833,0.6406617134938499,0.621830891995202,-3.440272114568093,0.0028159000398792736,0.039221481456384974
adl-36-cam0-rgb,adl,185,214256,0.6452921032905579,0.6293604671955109,0.6281436681747437,0.37506844103336334,-3.8579566560442657,0.021706104278564453,0.002811133861541748,0.0245172381401062,0.8673970699310303,0.9700130025545756,0.646867574293375,0.6272990818405555,-4.27055520436182,0.004801282376954045,0.032982566139914724
adl-36-cam0-rgb,adl,187,214322,0.6511981785297394,0.6355674862861633,0.629743903875351,0.38201387226581573,-4.836524680908201,0.01688408851623535,0.009004563093185425,0.025888651609420776,0.8328601717948914,0.9633030891418457,0.652663030536659,0.6320583452652018,-5.1808998189122,0.009903067763233584,0.029848377554963636
adl-36-cam0-rgb,adl,189,214388,0.6596727073192596,0.636995255947113,0.6319012343883514,0.3919926732778549,-6.466974242886612,0.018233835697174072,0.018475383520126343,0.036709219217300415,0.7885359525680542,0.9544084866841634,0.6590222146087901,0.6358094165077448,-6.329646560005147,0.016045674101098768,0.03263416899231084
adl-36-cam0-rgb,adl,191,214454,0.6673678457736969,0.6370380818843842,0.6338484883308411,0.40188731253147125,-8.112524905988154,0.01698392629623413,0.02429160475730896,0.04127553105354309,0.7478624582290649,0.946364680926005,0.66576566840663,0.6382223946965608,-7.786354414567532,0.02350429822872208,0.039927997114338344
adl-36-cam0-rgb,adl,193,214520,0.6716577112674713,0.6394338309764862,0.6360460519790649,0.41291604936122894,-8.934541542513342,0.01823604106903076,0.029933840036392212,0.048169881105422974,0.692400336265564,0.9349168737729391,0.6735815460031673,0.6389373497013398,-11.177825588421191,0.03332748944625189,0.05017310380935662
adl-36-cam0-rgb,adl,195,214586,0.678176999092102,0.6441619992256165,0.6385108232498169,0.43060286343097687,-10.52213121237447,0.01887667179107666,0.03689455986022949,0.05577123165130615,0.6440668106079102,0.9234654406706492,0.678832174637616,0.6444284694019324,-11.347470997468246,0.03704737997674317,0.05746223425968376
adl-36-cam0-rgb,adl,197,214652,0.6840686798095703,0.6519460678100586,0.6409661769866943,0.4467821717262268,-11.86461618560684,0.01951056718826294,0.04292857646942139,0.062439143657684326,0.5904043316841125,0.9071708619594574,0.682179442731848,0.6566251805334371,-8.701962826639813,0.03925171429976751,0.06023328644888733
adl-36-cam0-rgb,adl,199,214718,0.6892955601215363,0.6639425754547119,0.6456154882907867,0.4610791653394699,-12.151274669818315,0.020630955696105957,0.04715260863304138,0.06778356432914734,0.5368064641952515,0.8899402717749277,0.6852017769565826,0.6683715450041219,-5.228669725328285,0.039049182283929895,0.06005034020968843
adl-36-cam0-rgb,adl,247,216302,0.6815038919448853,0.6934359669685364,0.6907655000686646,0.6309050023555756,8.424961984806862,0.03154647350311279,0.02349621057510376,0.05504268407821655,0.5237671732902527,0.8835087716579437,0.6872016347202899,0.6826156493389242,-0.08770967058199819,0.036526817818740696,0.0570750093176251
adl-36-cam0-rgb,adl,253,216500,0.6867913901805878,0.7092600762844086,0.7005189955234528,0.6336133778095245,10.285533561718532,0.01169276237487793,0.0351540744304657,0.04684683680534363,0.5330924391746521,0.8636711041132609,0.6881790160229706,0.6993574935378444,6.720917337599043,0.03168462090419995,0.051307293772697396
adl-36-cam0-rgb,adl,255,216566,0.6904059052467346,0.708344966173172,0.7043667435646057,0.6368817389011383,11.053910375946542,0.018946349620819092,0.025343596935272217,0.04428994655609131,0.5233709812164307,0.8520119686921438,0.6881339208646247,0.7185970776008829,15.197211299214842,0.02452259154030764,0.042747193574905314
adl-37-cam0-rgb,adl,33,218622,0.17445028573274612,0.4602637141942978,0.16688524186611176,0.30819886922836304,-2.8480483542791633,0.06007900834083557,0.004168741405010223,0.05591026693582535,0.8980486989021301,0.9662405451138815,0.16942913130377266,0.4583424663904941,-2.427440441907477,0.0013493761420249552,0.05072525735154293
adl-37-cam0-rgb,adl,35,218688,0.17680136114358902,0.4557855576276779,0.16979524493217468,0.30675894021987915,-2.6916369116129384,0.06496256589889526,0.006753616034984589,0.058208949863910675,0.9041394591331482,0.9680450260639191,0.18090364720785246,0.45218536099701206,-2.85267617777416,0.01074888358513511,0.04659717516465618
adl-37-cam0-rgb,adl,37,218754,0.18379832804203033,0.43893977999687195,0.17886122316122055,0.3059125244617462,-2.1254704556996695,0.005497008562088013,0.011139065027236938,0.01663607358932495,0.9111099243164062,0.9702678918838501,0.1911705993599705,0.44720615201440195,-3.0685804067253883,0.017832405368487007,0.04203884546116831
adl-37-cam0-rgb,adl,39,218820,0.2026955932378769,0.4405777156352997,0.19604407995939255,0.3131088763475418,-2.987069632726868,0.06096343696117401,0.033534690737724304,0.027428746223449707,0.9176321625709534,0.9724542597929636,0.20022998776012677,0.44340483944266373,-3.075153128761163,0.022599941492080656,0.03705026824107932
adl-37-cam0-rgb,adl,41,218886,0.21255651861429214,0.44214415550231934,0.20377876609563828,0.31415142118930817,-3.923206510246352,0.06336905062198639,0.02605808526277542,0.03731096535921097,0.9243593811988831,0.9747165441513062,0.20808181240832102,0.4407814232817969,-2.8723943438814814,0.02505149195591605,0.03163144350438919
adl-37-cam0-rgb,adl,43,218952,0.21652328968048096,0.44290439784526825,0.21056653559207916,0.3152932673692703,-2.6725670749243817,0.06480832397937775,0.022549673914909363,0.042258650064468384,0.9284430146217346,0.9765817224979401,0.21591195831825175,0.44037240633974795,-2.4131843860142332,0.025236776380827892,0.02705123485166785
adl-37-cam0-rgb,adl,45,219018,0.2194065824151039,0.4430541545152664,0.21600935608148575,0.3158233314752579,-1.529507455379863,0.045116573572158813,0.02089022845029831,0.024226345121860504,0.934617817401886,0.9783912003040314,0.22119991503881653,0.44135337513246514,-1.7412258163115244,0.022239036471038635,0.024392195626512715
adl-37-cam0-rgb,adl,47,219084,0.22306617349386215,0.43901288509368896,0.22166375070810318,0.31507980823516846,-0.6483295602488891,0.026488780975341797,0.01752706617116928,0.008961714804172516,0.9347229599952698,0.9782798091570536,0.2243018408035816,0.44051495110575706,-1.0219032291494479,0.016278484070197823,0.014809340980403846
adl-37-cam0-rgb,adl,49,219150,0.22721126675605774,0.4396873414516449,0.22689667344093323,0.3160330504179001,-0.14576793235162344,0.014196544885635376,0.013362690806388855,0.000833854079246521,0.935434103012085,0.9787506262461344,0.22786846456976648,0.44038249332925394,-0.54486404175467,0.013650423681839184,0.006180691157842604
adl-37-cam0-rgb,adl,51,219216,0.23196351528167725,0.439969465136528,0.23076003044843674,0.31658782064914703,-0.55885472428411,0.010461553931236267,0.010883405804634094,0.00042185187339782715,0.9322518110275269,0.9781209925810496,0.23172144001567485,0.4413443413518717,-0.6597327339652281,0.011423867534507387,0.0009948093589250155
adl-37-cam0-rgb,adl,53,219282,0.23628786951303482,0.44345010817050934,0.23305866122245789,0.3183204382658005,-1.478298061361308,0.00456845760345459,0.008799679577350616,0.004231221973896027,0.918931245803833,0.9750080207983652,0.23488687375536177,0.4433410198657537,-1.0158454226601723,0.009473998470481844,0.001947230365111197
adl-37-cam0-rgb,adl,55,219348,0.2372734397649765,0.4471007436513901,0.23392649739980698,0.3195887804031372,-1.503558140144579,0.003806397318840027,0.010052144527435303,0.006245747208595276,0.9024627804756165,0.9721861978371938,0.23692652234783385,0.4460980387090082,-1.4374857745221725,0.009313976674368875,0.005041078571633335
adl-37-cam0-rgb,adl,57,219414,0.23814302682876587,0.4489026218652725,0.23373989760875702,0.32069796323776245,-1.967023675090313,0.004899129271507263,0.011258497834205627,0.006359368562698364,0.8996091485023499,0.9720161656538645,0.23805524886170473,0.44806436162232255,-1.8935820279715379,0.011102811469660162,0.0073718674384154175
adl-37-cam0-rgb,adl,59,219480,0.23805230855941772,0.44961485266685486,0.2332001030445099,0.32000865042209625,-2.1440418293242183,0.0023639053106307983,0.012004941701889038,0.00964103639125824,0.8959497809410095,0.9717115461826324,0.238922455255345,0.4495421360323433,-2.4192296688209716,0.013891103173489159,0.008179299533367145
adl-37-cam0-rgb,adl,61,219546,0.23894523829221725,0.4497729390859604,0.23311367630958557,0.31822045147418976,-2.5381906307737214,0.009718269109725952,0.01886603981256485,0.009147770702838898,0.8983583450317383,0.972593347231547,0.2397102703263746,0.44976331106511996,-2.8214296061790685,0.01837530551534708,0.007931524476447651
adl-37-cam0-rgb,adl,63,219612,0.24099015444517136,0.449728861451149,0.23305058479309082,0.31733886897563934,-3.4319788015023014,0.018122270703315735,0.02383185178041458,0.0057095810770988464,0.9067673087120056,0.9748883744080862,0.24081085780353223,0.44962879860555904,-3.262037237531595,0.02348119055940988,0.007432861406823762
adl-37-cam0-rgb,adl,65,219678,0.2433939278125763,0.45062240958213806,0.23386231064796448,0.3160196542739868,-4.050521356909972,0.021649867296218872,0.027378320693969727,0.0057284533977508545,0.9148454070091248,0.9770244359970093,0.24216984709103867,0.450321322266673,-3.548406793463812,0.02893584637672866,0.006253273907677942
adl-37-cam0-rgb,adl,67,219744,0.2434931844472885,0.4507397264242172,0.23569809645414352,0.3151393383741379,-3.2900690628191103,0.029141202569007874,0.03455181419849396,0.005410611629486084,0.9222314357757568,0.9788922965526581,0.24382900627273466,0.4522201265994598,-3.6068708657472124,0.033036480831119354,0.004271939171083039
adl-37-cam0-rgb,adl,69,219810,0.24483896791934967,0.45450617372989655,0.2368146851658821,0.3164556622505188,-3.326614288277672,0.031802743673324585,0.035718366503715515,0.00391562283039093,0.9286239147186279,0.9803518851598104,0.24562446734347865,0.45551462458583636,-3.3040253844097167,0.0343050538074402,0.002908398449678954
adl-37-cam0-rgb,adl,71,219876,0.2474621832370758,0.46016834676265717,0.24046434462070465,0.31808701157569885,-2.8196728614981437,0.034215256571769714,0.0353054404258728,0.0010901838541030884,0.9346442818641663,0.9814002712567648,0.2474048423109113,0.4597890666036888,-2.5654763028612173,0.03383749010629979,0.0022190632177637743
adl-37-cam0-rgb,adl,73,219942,0.24975670129060745,0.4649855047464371,0.2449992597103119,0.3190162181854248,-1.8667274180249291,0.031366318464279175,0.03040795773267746,0.0009583607316017151,0.9390659332275391,0.9806168973445892,0.24953539308273393,0.4645187957333273,-1.7837835922753906,0.03157843068822633,0.0019414045593955276
adl-37-cam0-rgb,adl,75,220008,0.2523116022348404,0.46944931149482727,0.24987336993217468,0.3209250867366791,-0.9405056515829919,0.029325753450393677,0.02659226953983307,0.002733483910560608,0.9251238703727722,0.977522999048233,0.2522097587649953,0.46888671654127306,-1.1481725222596264,0.02780051055279641,0.0027794873108079386
adl-37-cam0-rgb,adl,77,220074,0.2542421966791153,0.4720472991466522,0.25403372198343277,0.3202007859945297,-0.07866306867979468,0.02932065725326538,0.024696364998817444,0.004624292254447937,0.9215536117553711,0.9777511755625407,0.2547728438656048,0.47173227208517265,-0.4473514800500162,0.024294832697162344,0.004612241666038309
adl-37-cam0-rgb,adl,79,220140,0.2571626454591751,0.4738881438970566,0.25653865188360214,0.32083913683891296,-0.23359838077044326,0.028959408402442932,0.02145610749721527,0.007503300905227661,0.9191657900810242,0.977963258822759,0.2569462786311707,0.4731823895529744,0.0019787375903089887,0.021313128501047787,0.007173396775990843
adl-37-cam0-rgb,adl,81,220206,0.25918231159448624,0.4736648350954056,0.2594107985496521,0.32018572092056274,0.08529713377514947,0.02930380403995514,0.019393764436244965,0.009910039603710175,0.9251270890235901,0.9797213276227316,0.2586393959788013,0.47324799285048463,0.22071069286563538,0.019675731691189115,0.009424968360564397
adl-37-cam0-rgb,adl,83,220272,0.2602466717362404,0.4734053462743759,0.2614412382245064,0.3192290961742401,0.4439221249625516,0.02943338453769684,0.01820673793554306,0.011226646602153778,0.931630551815033,0.9814644555250803,0.2599756733163607,0.473495456498938,0.30777013267727943,0.018860518545299354,0.011599561610779189
adl-37-cam0-rgb,adl,85,220338,0.2606809139251709,0.4739820808172226,0.2609967142343521,0.3168421685695648,0.11514579756913848,0.031200498342514038,0.018140166997909546,0.013060331344604492,0.9379792809486389,0.9831203917662302,0.261009810290811,0.4746600697179887,0.22873367979929704,0.018558929750929636,0.013284184264414217
adl-37-cam0-rgb,adl,87,220404,0.2610534578561783,0.47505077719688416,0.2612438276410103,0.3163239359855652,0.06871793015306504,0.03319868445396423,0.01946978271007538,0.013728901743888855,0.9436140060424805,0.9845116436481476,0.2617531454924377,0.4779148480463847,-0.02943278346670406,0.018657691938020422,0.013985147336860735
adl-37-cam0-rgb,adl,89,220470,0.2623990699648857,0.482535183429718,0.261554554104805,0.3179831951856613,-0.2940515651269171,0.03508800268173218,0.019898004829883575,0.015189997851848602,0.9479143619537354,0.9850306808948517,0.2623135195924086,0.48249130628325654,-0.5592857436076185,0.018417166037992972,0.013765045510225978
adl-37-cam0-rgb,adl,91,220536,0.2627452090382576,0.48765407502651215,0.25911401212215424,0.3194911628961563,-1.2370143212951652,0.03226521611213684,0.019344918429851532,0.012920297682285309,0.9525396823883057,0.9859341084957123,0.2624486014892009,0.48683804615493387,-1.236650202395242,0.019396833946436487,0.01264837155223407
adl-37-cam0-rgb,adl,93,220602,0.2627815455198288,0.49407123029232025,0.25624798238277435,0.3211481422185898,-2.1637805338179525,0.029518723487854004,0.019174233078956604,0.0103444904088974,0.9467111825942993,0.9837761223316193,0.2620102048436281,0.4907555796238244,-1.8764167988631935,0.021308640638987193,0.010736319925877938
adl-37-cam0-rgb,adl,95,220668,0.2612980157136917,0.4933128356933594,0.2535736560821533,0.3210974633693695,-2.568160849984403,0.02949613332748413,0.021273329854011536,0.008222803473472595,0.9374363422393799,0.9828152457873026,0.26104939403213945,0.4932650401865758,-2.538912136776031,0.023731201048537216,0.008539351485508332
adl-37-cam0-rgb,adl,97,220734,0.25933729112148285,0.4924437254667282,0.2503427714109421,0.3199109733104706,-2.9842560649566336,0.035658806562423706,0.02934877574443817,0.006310030817985535,0.9302505850791931,0.9820744593938192,0.2598564343212483,0.4942597433344103,-3.0340417333085044,0.02647136961355866,0.006558397083313424
adl-37-cam0-rgb,adl,99,220800,0.2582321837544441,0.49539895355701447,0.24838881939649582,0.31883397698402405,-3.190893513676053,0.035856932401657104,0.03057464212179184,0.005282290279865265,0.9339144825935364,0.9831676681836446,0.25887522269120944,0.49447617805623323,-3.347030804083497,0.029080147480035713,0.005462959215238489
adl-37-cam0-rgb,adl,101,220866,0.25816694647073746,0.49593937397003174,0.2471906542778015,0.31690043210983276,-3.508226080880466,0.035477399826049805,0.030603431165218353,0.004873968660831451,0.9399115443229675,0.9846725265185038,0.2580754245707995,0.49594357029184044,-3.383467937577623,0.03130806153599829,0.004777045444750676
adl-37-cam0-rgb,adl,103,220932,0.2586909532546997,0.4997469633817673,0.2479955181479454,0.31713351607322693,-3.3519110489923194,0.035850852727890015,0.03040376305580139,0.005447089672088623,0.9447648525238037,0.985778828461965,0.2579612470356929,0.5007520907627032,-3.2107041968391266,0.03172108540674304,0.004753988058794106
adl-37-cam0-rgb,adl,105,220998,0.25882912427186966,0.5034002363681793,0.24873416125774384,0.3180704265832901,-3.1178349221637274,0.035937368869781494,0.030306391417980194,0.0056309774518013,0.9491263031959534,0.9861116111278534,0.2587744645871122,0.5073570687146407,-2.8988739122748477,0.02996156813004312,0.005412409251386462
adl-37-cam0-rgb,adl,107,221064,0.2592962384223938,0.5157345533370972,0.2521359622478485,0.32239724695682526,-2.1209884350208945,0.03641927242279053,0.029795289039611816,0.006623983383178711,0.9536473751068115,0.9848317801952362,0.2603579217414832,0.5146057356745642,-2.4223797886047556,0.02770919488234949,0.007512915927868374
adl-37-cam0-rgb,adl,109,221130,0.2623177841305733,0.5249723792076111,0.2562423124909401,0.32696132361888885,-1.7574256596761269,0.034519076347351074,0.02405368536710739,0.010465390980243683,0.947649359703064,0.9842076500256857,0.2626165868916033,0.5217153735749125,-1.8966301123658218,0.024667825662728474,0.01108259498040912
adl-37-cam0-rgb,adl,111,221196,0.26623938977718353,0.5282923579216003,0.26065032184123993,0.3276805579662323,-1.5958542323552911,0.03465235233306885,0.01955731213092804,0.015095040202140808,0.9386702179908752,0.9833037058512369,0.26568202319599293,0.5268947792388652,-1.4053448314683905,0.02071952394076753,0.01619800505958076
adl-37-cam0-rgb,adl,113,221262,0.26955946534872055,0.5306214988231659,0.26626065373420715,0.3276592791080475,-0.9311651319494896,0.03903144598007202,0.015945442020893097,0.023086003959178925,0.9317124485969543,0.9826787014802297,0.269244144521492,0.5301530097986189,-0.9529057109628798,0.015538904154713512,0.023033838606241943
adl-37-cam0-rgb,adl,115,221328,0.27310992777347565,0.5308829843997955,0.2702472284436226,0.327543705701828,-0.8065817658506979,0.04080146551132202,0.0119352787733078,0.02886618673801422,0.9298969507217407,0.9828594624996185,0.2733544241556354,0.531858837578719,-0.7574780059910546,0.010465506738398484,0.03002939189409276
adl-37-cam0-rgb,adl,117,221394,0.2772430032491684,0.5321672558784485,0.27574610710144043,0.32593728601932526,-0.4158674201156163,0.0413350909948349,0.006658867001533508,0.03467622399330139,0.9338545203208923,0.9839477241039276,0.2773818414319641,0.5339474868980829,-0.6117782224330336,0.006767720048561747,0.03429052014371528
adl-37-cam0-rgb,adl,119,221460,0.28063277900218964,0.5371412932872772,0.2792249098420143,0.3243771940469742,-0.3791230945052857,0.039467766880989075,0.001626238226890564,0.03784152865409851,0.9398109316825867,0.9852916200955709,0.28103385407687226,0.5379705998030568,-0.4933438117295269,0.004340518862654115,0.03343426787750024
adl-37-cam0-rgb,adl,121,221526,0.285711407661438,0.5444806814193726,0.28225353360176086,0.32359836995601654,-0.8968821721678089,0.02984774112701416,0.002530992031097412,0.03237873315811157,0.9453966021537781,0.9862643678983053,0.28443854708563154,0.5439923203094689,-0.5213411150793079,0.0025839055061856364,0.027968698282004392
adl-37-cam0-rgb,adl,123,221592,0.28814996778964996,0.549863189458847,0.2853342741727829,0.32393118739128113,-0.7140157557481828,0.015751957893371582,0.0038059502840042114,0.019557908177375793,0.9500554800033569,0.9853226145108541,0.2876664339463944,0.5509160821572002,-0.6569148873922406,0.0027678020588763315,0.020544737512931135
adl-37-cam0-rgb,adl,125,221658,0.2901228368282318,0.5584786832332611,0.2874206602573395,0.3257480710744858,-0.6652169859446737,0.002433598041534424,0.00497099757194519,0.007404595613479614,0.9243984818458557,0.9793867866198221,0.2907354772348936,0.5574589414255952,-0.9672744672177755,0.0047186973033013216,0.012997842776826949
adl-37-cam0-rgb,adl,127,221724,0.2938910871744156,0.5648323893547058,0.28847280889749527,0.3272368460893631,-1.306382579190927,0.00205424427986145,0.004075005650520325,0.006129249930381775,0.8645511269569397,0.9692854781945547,0.2943875667723738,0.5628748710279332,-1.4686179597605604,0.006192227656191036,0.008269325479284498
adl-37-cam0-rgb,adl,129,221790,0.29859381914138794,0.5663110315799713,0.28985751420259476,0.3259042054414749,-2.081193970679167,0.00032326579093933105,0.008982807397842407,0.009306073188781738,0.8304800391197205,0.9636052052179972,0.2987942532414477,0.5663225835277912,-2.1002930395427875,0.004215385168145741,0.008583280108707798
adl-37-cam0-rgb,adl,131,221856,0.30370423197746277,0.5689164698123932,0.29177214205265045,0.3236449509859085,-2.7851575620011273,0.004753202199935913,0.008618444204330444,0.013371646404266357,0.8273192644119263,0.9636478424072266,0.3040131980077524,0.5686094670584699,-2.7310607601837935,0.003073631491495932,0.012928361823032412
adl-37-cam0-rgb,adl,133,221922,0.3111470490694046,0.5714743435382843,0.2952598035335541,0.32232633233070374,-3.6485996795159585,0.01688086986541748,0.0038794726133346558,0.020760342478752136,0.8367838859558105,0.9658395946025848,0.31038524378171684,0.5709492388741786,-3.388678844146279,0.006753610519619726,0.019805213912224846
adl-37-cam0-rgb,adl,135,221988,0.3177042603492737,0.5721652507781982,0.30125904828310013,0.319732666015625,-3.727377878878428,0.032904207706451416,0.004936814308166504,0.027967393398284912,0.8515061140060425,0.9689165751139323,0.3169801729969127,0.5747827655309199,-3.6764695245142924,0.018946006249039693,0.026689844278546086
adl-37-cam0-rgb,adl,137,222054,0.3236788213253021,0.5788925886154175,0.3083364814519882,0.3160383999347687,-3.340464522965256,0.06472840905189514,0.031242579221725464,0.03348582983016968,0.8653780221939087,0.9717765053113302,0.3243580327663582,0.5805453304604526,-3.5989005302065395,0.03663792690157369,0.03419848205723283
adl-37-cam0-rgb,adl,139,222120,0.3338952511548996,0.5893654227256775,0.315644770860672,0.31617067754268646,-3.821904084994195,0.10424521565437317,0.060550883412361145,0.043694332242012024,0.8775057792663574,0.9742403825124105,0.33295516134340475,0.5882491234577054,-3.287541333897863,0.05604191234101456,0.04290467062037738
adl-37-cam0-rgb,adl,141,222186,0.3418954908847809,0.597132533788681,0.32944001257419586,0.3168303221464157,-2.5443152260491386,0.1363348662853241,0.08428335189819336,0.05205151438713074,0.8885312080383301,0.9764427642027537,0.34340493580995646,0.59670970127696,-2.784815881069258,0.07175060693835789,0.05407253514120581
adl-37-cam0-rgb,adl,143,222252,0.35544027388095856,0.6048794686794281,0.34522248804569244,0.3194811940193176,-2.0504190690006867,0.14757004380226135,0.0823376327753067,0.06523241102695465,0.897925615310669,0.9782256384690603,0.35645849473806634,0.6054060394629763,-2.2703221068974986,0.07751883759901108,0.06945911636858265
adl-37-cam0-rgb,adl,145,222318,0.37061573565006256,0.6136965453624725,0.36123260855674744,0.32371316850185394,-1.8532995806267383,0.14902964234352112,0.06854204833507538,0.08048759400844574,0.905430793762207,0.9795461297035217,0.37141312245940694,0.6121203582008155,-1.743473606292656,0.07042356661129813,0.08458842195215667
adl-37-cam0-rgb,adl,147,222384,0.38798654079437256,0.6162980794906616,0.38130491971969604,0.3263356238603592,-1.3200362446803267,0.15044286847114563,0.05246847867965698,0.09797438979148865,0.9062399864196777,0.9788230260213217,0.38734416689449513,0.6166224026834801,-1.3311019363061698,0.05479086264645374,0.09594587156008834
adl-37-cam0-rgb,adl,149,222450,0.404403954744339,0.6204097270965576,0.3994121551513672,0.3278469443321228,-0.9775040297951658,0.14107725024223328,0.034672051668167114,0.10640519857406616,0.9103570580482483,0.9789536595344543,0.4033070195030851,0.6192285253372019,-1.1407905375037277,0.03594561882349315,0.09461622836785902
adl-37-cam0-rgb,adl,151,222516,0.418068066239357,0.6199763119220734,0.4140280783176422,0.3291601985692978,-0.7958959560819141,0.10893023014068604,0.02050130069255829,0.08842892944812775,0.917954683303833,0.980490525563558,0.4176114511180228,0.6198323047780363,-0.8609700825299149,0.020229734641648962,0.07785098209525587
adl-37-cam0-rgb,adl,153,222582,0.43099308013916016,0.6195271015167236,0.4260667413473129,0.3298081010580063,-0.9741550339462471,0.07247185707092285,0.00826495885848999,0.06420689821243286,0.9219709038734436,0.9810173312822977,0.42972641460823224,0.6188203469241327,-0.4613232796182378,0.01002591319414443,0.058666714471139865
adl-37-cam0-rgb,adl,155,222648,0.4400586485862732,0.6185469925403595,0.439275786280632,0.33012567460536957,-0.15551761645119838,0.021874815225601196,0.0022542178630828857,0.01962059736251831,0.9212207198143005,0.9810028870900472,0.43982676684340294,0.6190353488767293,-0.06392281295060517,0.005263301652747311,0.042050282224948214
adl-37-cam0-rgb,adl,157,222714,0.4496563822031021,0.6192910075187683,0.45058123767375946,0.3314734995365143,0.18411017841165703,0.0151272714138031,0.004399523138999939,0.010727748274803162,0.8957042098045349,0.976065586010615,0.4497121696993379,0.6207955963425813,0.07237452701155367,0.007258415544703916,0.03149644256412205
adl-37-cam0-rgb,adl,159,222780,0.4582160413265228,0.6224877834320068,0.46029767394065857,0.33394552767276764,0.41334221178167624,0.05816692113876343,0.013399213552474976,0.04476770758628845,0.8769078254699707,0.9722363154093424,0.4605340151946775,0.6256682188995979,-0.18857431218914003,0.013864015539487184,0.030177240699400594
adl-37-cam0-rgb,adl,161,222846,0.47013768553733826,0.6327885985374451,0.46842455863952637,0.33843591809272766,-0.3334565618657157,0.06448599696159363,0.01938098669052124,0.04510501027107239,0.8694853186607361,0.9709335764249166,0.4717390049587589,0.6318985094755749,-0.740213876117185,0.016632630840524423,0.03269912786297979
adl-37-cam0-rgb,adl,163,222912,0.4852139949798584,0.6405667364597321,0.47466185688972473,0.3428208976984024,-2.0297178547892165,0.06318587064743042,0.02752774953842163,0.03565812110900879,0.8302427530288696,0.9644322295983633,0.4838982482493175,0.6392692493927934,-1.595716189330292,0.015845399527322654,0.03422395646314079
adl-37-cam0-rgb,adl,165,222978,0.49764829874038696,0.6480750143527985,0.4820726215839386,0.345882385969162,-2.9505403823190144,0.050035715103149414,0.021459460258483887,0.028576254844665527,0.7711416482925415,0.9545785387357076,0.49586052502388495,0.6461176578100616,-2.4742098599051863,0.016206933177394762,0.028031782283411355
adl-37-cam0-rgb,adl,167,223044,0.5060691237449646,0.6496229469776154,0.49010688066482544,0.3477952629327774,-3.0272834392418346,0.012567758560180664,0.0009154677391052246,0.013483226299285889,0.764245867729187,0.9538104931513468,0.506793747732649,0.6509954547469226,-3.134827320934593,0.01959834160742819,0.01668071127557133
adl-37-cam0-rgb,adl,169,223110,0.5167358070611954,0.6544047892093658,0.4993903934955597,0.3476431220769882,-3.2362644527920312,0.023303091526031494,0.018605157732963562,0.004697933793067932,0.7428021430969238,0.9504956305027008,0.515662090796412,0.6531128409879023,-3.3183287988311347,0.028393335608176813,0.011524201665089745
adl-37-cam0-rgb,adl,171,223176,0.5239501893520355,0.6544499397277832,0.5061051994562149,0.3475656658411026,-3.327940307144642,0.05975383520126343,0.047725409269332886,0.012028425931930542,0.7622381448745728,0.953809787829717,0.523127411480073,0.6540635717121543,-3.1050129261980093,0.0403183232912253,0.01150235636925799
adl-37-cam0-rgb,adl,173,223242,0.5305888652801514,0.6536213755607605,0.515412837266922,0.34701891243457794,-2.8336800690370527,0.07997727394104004,0.0620502233505249,0.017927050590515137,0.780651330947876,0.9561358094215393,0.5315801904444046,0.653644879013944,-2.864665053882267,0.05476929066759159,0.016075771156843586
adl-37-cam0-rgb,adl,175,223308,0.5385953485965729,0.6535647511482239,0.5257445275783539,0.347687691450119,-2.4057543081355743,0.09642791748046875,0.07065770030021667,0.025770217180252075,0.7994112968444824,0.9590341150760651,0.5407007723659656,0.6543397010662846,-2.5647485219777244,0.06742250609707513,0.02469388901929315
adl-37-cam0-rgb,adl,177,223374,0.5501048266887665,0.6550567448139191,0.5379589200019836,0.3524390310049057,-2.298397741631427,0.10043150186538696,0.06618687510490417,0.03424462676048279,0.8136661648750305,0.9607925315697988,0.5504931534652578,0.6559849291136761,-2.2361662739898978,0.06900258181673097,0.03448668683504125
adl-37-cam0-rgb,adl,179,223440,0.5641488432884216,0.6558827459812164,0.5519466549158096,0.3601478040218353,-2.3627155848102284,0.10637688636779785,0.06180840730667114,0.04456847906112671,0.8199095726013184,0.9595340887705485,0.561941043639079,0.6586600357577905,-2.204833696750284,0.06183862892580229,0.04535753644390017
adl-37-cam0-rgb,adl,181,223506,0.572685718536377,0.6638567447662354,0.5617274343967438,0.36715933680534363,-2.115212844859882,0.10728675127029419,0.05411046743392944,0.053176283836364746,0.8193016052246094,0.9565035700798035,0.5741293832853234,0.660847125889418,-2.519842909149978,0.05076741217534772,0.05706639671738521
adl-37-cam0-rgb,adl,183,223572,0.5853818356990814,0.6663343906402588,0.5708427727222443,0.37452028691768646,-2.8522908146918944,0.10273414850234985,0.03760102391242981,0.06513312458992004,0.8135324120521545,0.9508408506711324,0.5853957818958142,0.6633405823470184,-3.0152006430392913,0.03611984513538735,0.06552516833528287
adl-37-cam0-rgb,adl,185,223638,0.5974932312965393,0.6645771861076355,0.5766218602657318,0.3800943195819855,-4.196044643939036,0.09807908535003662,0.02155846357345581,0.07652062177658081,0.7989280819892883,0.9424030482769012,0.5958779527769451,0.6660928353344713,-3.6642432370298144,0.024176742994424034,0.06791893473435265
adl-37-cam0-rgb,adl,187,223704,0.6063045561313629,0.6645399928092957,0.5821886956691742,0.3807794004678726,-4.857703168900802,0.08266603946685791,0.01182892918586731,0.0708371102809906,0.7979309558868408,0.9373808999856313,0.6056522884410172,0.6691969960798939,-4.564101511851231,0.015352831516430986,0.06542418890701218
adl-37-cam0-rgb,adl,189,223770,0.6134182512760162,0.6716537177562714,0.5847187936306,0.3843362331390381,-5.7042175081991005,0.06104809045791626,0.005103856325149536,0.055944234132766724,0.7856207489967346,0.9311253229777018,0.6157641990102205,0.6711535443475226,-5.9980381267816165,0.011491122054847274,0.058516473094106146
adl-37-cam0-rgb,adl,191,223836,0.6251080632209778,0.6744314432144165,0.5884053707122803,0.392375648021698,-7.413991349590309,0.02787846326828003,0.016524434089660645,0.044402897357940674,0.7321754693984985,0.9213130474090576,0.6249723509276575,0.6723166324875562,-7.964956459130912,0.011516675030514262,0.05112706660192243
adl-37-cam0-rgb,adl,193,223902,0.6338480412960052,0.6744257509708405,0.584468424320221,0.39577706158161163,-10.049116649008015,0.02750307321548462,0.017734915018081665,0.045237988233566284,0.6808368563652039,0.9131033519903818,0.6338312403980262,0.6714865069884749,-10.425306743610133,0.014563494946533449,0.04630998512367143
adl-37-cam0-rgb,adl,195,223968,0.6432839632034302,0.6681955754756927,0.5779741704463959,0.40055452287197113,-13.713323046814878,0.0249214768409729,0.01951998472213745,0.04444146156311035,0.6455940008163452,0.9079592823982239,0.6424113152089048,0.6617056937702797,-13.435293902003956,0.012082880064522534,0.05021731303883831
adl-37-cam0-rgb,adl,197,224034,0.6496980488300323,0.6599571704864502,0.5724828839302063,0.40719786286354065,-16.98733068760399,0.038034141063690186,0.017789334058761597,0.05582347512245178,0.5962049961090088,0.8987480501333872,0.6492103176973589,0.6585994258329457,-16.081306794688153,0.02067100834020802,0.052827585182148584
adl-37-cam0-rgb,adl,199,224100,0.6555597186088562,0.6524643003940582,0.5702904462814331,0.41144199669361115,-19.4828458096073,0.03440028429031372,0.025320887565612793,0.059721171855926514,0.5473268032073975,0.8895063002904257,0.6547708135920676,0.6633039974805071,-19.06620063898258,0.035159979160729896,0.052579741328309546
adl-37-cam0-rgb,adl,201,224166,0.6597840487957001,0.6473504304885864,0.5672704577445984,0.4189988523721695,-22.054672844577297,0.036193251609802246,0.02803787589073181,0.06423112750053406,0.501085638999939,0.8778572479883829,0.6604965454314169,0.6724956087219758,-22.40834656249139,0.05020670289601075,0.0524450412818363
adl-37-cam0-rgb,adl,269,226410,0.6622242331504822,0.7088501751422882,0.6451744437217712,0.6703051626682281,-23.861460579850828,0.06626224517822266,0.10125654935836792,0.034994304180145264,0.5345576405525208,0.8722225328286489,0.665302283578104,0.6853456206910011,-26.625654516824806,0.07001551018132782,0.051853082138738515
adl-37-cam0-rgb,adl,271,226476,0.6711752712726593,0.7108154594898224,0.6418630182743073,0.6619562208652496,-30.960919468204082,0.0524592399597168,0.09632697701454163,0.04386773705482483,0.5810979008674622,0.8849981427192688,0.6697353413610738,0.6980448851595699,-30.866782780845224,0.09010610358539584,0.05032197711787691
adl-37-cam0-rgb,adl,273,226542,0.6759940683841705,0.704851508140564,0.6408806145191193,0.654910147190094,-35.11080926853204,0.025390148162841797,0.08603736758232117,0.06064721941947937,0.6154704689979553,0.8918463985125223,0.673338611017573,0.7087747804272216,-33.63298777417836,0.10382990339101636,0.05162157834350281
adl-37-cam0-rgb,adl,275,226608,0.6755253970623016,0.708477258682251,0.633137583732605,0.6551410257816315,-38.47515932321353,0.05947166681289673,0.11655113101005554,0.057079464197158813,0.6539211869239807,0.9026598135630289,0.6764475570354618,0.7149882264983592,-35.358576696722075,0.11008676628529751,0.055593976855793995
adl-37-cam0-rgb,adl,277,226674,0.6777603924274445,0.7099795937538147,0.6296710669994354,0.6416386961936951,-35.13283761574383,0.05068552494049072,0.11095592379570007,0.06027039885520935,0.6846545338630676,0.9103792409102122,0.6785680587157533,0.7132395356248458,-35.321268801455105,0.10517410256645882,0.0632371770871149
adl-37-cam0-rgb,adl,279,226740,0.6787693500518799,0.7200965881347656,0.6299304962158203,0.638588011264801,-30.929479815263488,0.03755998611450195,0.10266304016113281,0.06510305404663086,0.6815272569656372,0.9035387138525645,0.6792065787624993,0.7183354735632469,-33.9222766683054,0.10679295491346533,0.06470878170682229
adl-37-cam0-rgb,adl,281,226806,0.6807933747768402,0.7275209724903107,0.6257510781288147,0.6415610909461975,-32.632468124235096,0.0373651385307312,0.10291787981987,0.0655527412891388,0.6992254853248596,0.909318596124649,0.6796886571299968,0.7252994982195097,-32.387520164202215,0.10665554208156851,0.06391465547796958
adl-37-cam0-rgb,adl,283,226872,0.6806654930114746,0.7313887774944305,0.6280679106712341,0.6414736211299896,-30.326312335904685,0.03574627637863159,0.10068422555923462,0.06493794918060303,0.6491339206695557,0.8920558790365855,0.6813792012212587,0.7321717216596964,-30.71718410939056,0.09927031036579233,0.06303356310505878
adl-37-cam0-rgb,adl,285,226938,0.681158572435379,0.7352849245071411,0.6250287294387817,0.6434999406337738,-31.44729671757519,0.03969293832778931,0.09951290488243103,0.059819966554641724,0.5917906761169434,0.8730092247327169,0.6817764203785808,0.7363974946143812,-29.803534735061966,0.09593007265231296,0.060991615702063406
adl-37-cam0-rgb,adl,287,227004,0.681403636932373,0.7411807477474213,0.6294373273849487,0.648163765668869,-29.19102277903213,0.03677856922149658,0.09448325634002686,0.05770468711853027,0.5770125389099121,0.8670003215471903,0.6815321638986652,0.7390961040666082,-29.211644984208295,0.0937069909913198,0.05868918967969482
adl-37-cam0-rgb,adl,289,227070,0.6841515004634857,0.7437337934970856,0.636376291513443,0.648256778717041,-26.582668159711314,0.029952704906463623,0.08435514569282532,0.054402440786361694,0.6088746786117554,0.8772447804609934,0.6806135515629977,0.741301085912819,-27.566972611577462,0.09022784104078865,0.05778453876445812
adl-37-cam0-rgb,adl,291,227136,0.677788257598877,0.7369318902492523,0.6353912353515625,0.651564359664917,-26.41088267872949,0.032319605350494385,0.09122270345687866,0.05890309810638428,0.610418975353241,0.8788281281789144,0.6802596088611708,0.7432677619384986,-26.29565280268079,0.09047952694294244,0.05607653077030587
adl-37-cam0-rgb,adl,293,227202,0.6781630516052246,0.7457384169101715,0.6320694088935852,0.6537823975086212,-26.622660895399598,0.0346074104309082,0.09230631589889526,0.05769890546798706,0.5537388920783997,0.8613877594470978,0.6798232335806915,0.7432400492620663,-25.554161155127034,0.0913545273857198,0.055624779555704607
adl-37-cam0-rgb,adl,295,227268,0.6784075498580933,0.7444563806056976,0.6383395195007324,0.6538144648075104,-23.84770436711077,0.034053027629852295,0.09136462211608887,0.05731159448623657,0.5748305320739746,0.8692700962225596,0.678522136433299,0.7418001709562347,-25.88338460935604,0.09355001390238331,0.056779857192720606
adl-37-cam0-rgb,adl,297,227334,0.6801654994487762,0.7429346442222595,0.6368731558322906,0.6531884074211121,-25.752018714618494,0.05211162567138672,0.1033715307712555,0.051259905099868774,0.5276685357093811,0.8513773381710052,0.6776385591143643,0.7425524036347597,-26.08106711326289,0.09669053889972293,0.057184324636087705
adl-37-cam0-rgb,adl,299,227400,0.6767486333847046,0.7376850247383118,0.6322377920150757,0.6542205214500427,-28.070584061811598,0.035382628440856934,0.0950080156326294,0.05962538719177246,0.536846399307251,0.8555713097254435,0.6765501087620135,0.7428085340823951,-26.23595684621725,0.09887795388956593,0.05781385689586779
adl-37-cam0-rgb,adl,301,227466,0.6726281642913818,0.7403946816921234,0.6302312016487122,0.6566725373268127,-26.857691393866325,0.03569531440734863,0.09939712285995483,0.0637018084526062,0.5289303064346313,0.8523130913575491,0.6740307985962202,0.7408754706898798,-26.230156727161834,0.10131533940633122,0.059877078770558985
adl-37-cam0-rgb,adl,303,227532,0.6737881600856781,0.7465949952602386,0.6313469409942627,0.6537967622280121,-24.57696048146537,0.04691237211227417,0.10468783974647522,0.05777546763420105,0.5102167725563049,0.8487342695395151,0.6713598926604042,0.7394659484361663,-26.043607087176923,0.10407508412996913,0.06167284660525127
adl-37-cam0-rgb,adl,305,227598,0.6671160459518433,0.735682487487793,0.6283963024616241,0.6552044451236725,-25.693223253843996,0.04382014274597168,0.10834532976150513,0.06452518701553345,0.542249321937561,0.8579437534014384,0.6695464037971569,0.7383366815455537,-25.07949230766879,0.10583047368825757,0.06286757578065376
adl-37-cam0-rgb,adl,307,227664,0.6681875586509705,0.735702633857727,0.6315580010414124,0.6532355844974518,-23.94945452187772,0.043822288513183594,0.10731738805770874,0.06349509954452515,0.5866391062736511,0.8717750410238901,0.6696592199079908,0.7376375861498174,-24.44046472699892,0.10908614673139713,0.06144126217602642
adl-37-cam0-rgb,adl,309,227730,0.669896274805069,0.7342838644981384,0.6364163160324097,0.6557466685771942,-23.088275048245787,0.05155014991760254,0.11163029074668884,0.060080140829086304,0.6278577446937561,0.8845307429631551,0.6700954172776366,0.7352580621645037,-23.393026126987287,0.1106833744616734,0.061131333246891545
adl-37-cam0-rgb,adl,311,227796,0.6724938750267029,0.7357253134250641,0.6370974183082581,0.6524251699447632,-23.0219356180759,0.05199480056762695,0.11120903491973877,0.059214234352111816,0.6626628637313843,0.8952151238918304,0.6701256214798261,0.7335216821014097,-22.405499191028774,0.11218260118971639,0.06141827116796972
adl-37-cam0-rgb,adl,313,227862,0.67265185713768,0.7348640859127045,0.6372897326946259,0.6480385065078735,-22.159972992363446,0.05200684070587158,0.11143442988395691,0.05942758917808533,0.6960588097572327,0.9055335323015848,0.6706769334805467,0.7321655191642371,-20.3684920764643,0.11341922907602203,0.05969551450762389
adl-37-cam0-rgb,adl,315,227928,0.6694118976593018,0.7315754890441895,0.6473181247711182,0.6587896347045898,-16.885397959912293,0.05103415250778198,0.11371243000030518,0.0626782774925232,0.7257351279258728,0.9144743283589681,0.6720440218716979,0.7344995254562003,-18.964059932594708,0.11092074028341269,0.05985146593221845
adl-37-cam0-rgb,adl,317,227994,0.6694854199886322,0.7348885536193848,0.6459762752056122,0.6624550521373749,-17.981448218100482,0.05371248722076416,0.11240139603614807,0.05868890881538391,0.753073513507843,0.9229661325613657,0.6708444074376827,0.7377071714762475,-17.463014449123314,0.11092814674109075,0.05585668884314492
adl-37-cam0-rgb,adl,319,228060,0.6716651022434235,0.7348390817642212,0.6508044898509979,0.6567051708698273,-14.948464753237287,0.048233747482299805,0.10499140620231628,0.05675765872001648,0.7777228355407715,0.9306252102057139,0.6707913762047167,0.7410681096764342,-16.3697537896498,0.1080239242289488,0.05722650537243129
adl-37-cam0-rgb,adl,321,228126,0.676542192697525,0.7569983601570129,0.6452159881591797,0.6566404402256012,-17.335482809806532,0.03312349319458008,0.09308835864067078,0.0599648654460907,0.7998821139335632,0.9374951223532358,0.6710697767280387,0.742969920237858,-15.991061885371668,0.09861992744656338,0.06383575802241559
adl-37-cam0-rgb,adl,323,228192,0.6651878952980042,0.7447815835475922,0.6429910361766815,0.6651324033737183,-15.57224095738137,0.05223488807678223,0.10560429096221924,0.05336940288543701,0.795745313167572,0.932550311088562,0.6741430965852935,0.7469992916305334,-16.247248296383546,0.08596287970935099,0.06948317929263745
adl-37-cam0-rgb,adl,325,228258,0.6776681244373322,0.7440107464790344,0.6536200642585754,0.6616368889808655,-16.274531712303997,0.023583710193634033,0.07070603966712952,0.09428974986076355,0.7401291131973267,0.9203314284483591,0.6748891201886253,0.7471448095329901,-15.831945844764155,0.0749993897103643,0.07649358216818265
adl-37-cam0-rgb,adl,327,228324,0.6758297383785248,0.7410765588283539,0.6531252562999725,0.6598965525627136,-15.625281247574932,0.04122591018676758,0.05263534188270569,0.09386125206947327,0.7115929126739502,0.9091779490311941,0.6753038874952298,0.7456873299239506,-15.428746698530189,0.06719281043841199,0.08381637195488062
adl-37-cam0-rgb,adl,329,228390,0.6826483309268951,0.7523058652877808,0.6573635935783386,0.6539469659328461,-14.416647237242643,0.02073127031326294,0.05776730179786682,0.07849857211112976,0.7362533211708069,0.9169930219650269,0.6757579890938539,0.7418935086045936,-14.040402185903021,0.06110470751663298,0.09125582106185667
adl-37-cam0-rgb,adl,331,228456,0.6700432896614075,0.7361007332801819,0.6510268151760101,0.6534004807472229,-12.949748450627956,0.026022791862487793,0.06476044654846191,0.09078323841094971,0.6997163891792297,0.9121387402216593,0.6779422314910135,0.7420968652029563,-12.821699625422017,0.055415293225994276,0.09671898257164714
adl-37-cam0-rgb,adl,333,228522,0.6776732802391052,0.7412326335906982,0.6584256291389465,0.645603358745575,-11.380082098189147,0.03740513324737549,0.06148594617843628,0.09889107942581177,0.7275897264480591,0.9204625189304352,0.6778466806009209,0.7419098449217798,-11.779168688564198,0.057435742833397516,0.09355089868301938
adl-37-cam0-rgb,adl,335,228588,0.6792338490486145,0.7413744926452637,0.662277102470398,0.6477724015712738,-10.268214539441953,0.04932737350463867,0.053569138050079346,0.10289651155471802,0.707152783870697,0.9200897117455801,0.6782539682986923,0.7415417228942298,-11.102129312323605,0.0584843945709657,0.09502511597298943
adl-37-cam0-rgb,adl,337,228654,0.6821967959403992,0.7433300316333771,0.6642313301563263,0.6490462124347687,-10.788193443594823,0.04395812749862671,0.05054837465286255,0.09450650215148926,0.6464513540267944,0.9080133338769277,0.679498906646455,0.741860207412149,-10.841513213715896,0.05200664731331194,0.09847048905504716
adl-37-cam0-rgb,adl,339,228720,0.681043267250061,0.7454569041728973,0.660668283700943,0.651503711938858,-12.235874142814701,0.03369784355163574,0.05149787664413452,0.08519572019577026,0.5914888381958008,0.8933091759681702,0.6823793769656827,0.7458756148041058,-11.093423764141564,0.044769112552915234,0.09181056716741408
adl-37-cam0-rgb,adl,341,228786,0.6788217723369598,0.7453455328941345,0.6600832641124725,0.6508273482322693,-11.213651155158718,0.048084378242492676,0.04510292410850525,0.09318730235099792,0.5693604350090027,0.8932364384333292,0.6825584826531346,0.7477097424206791,-11.409531772714155,0.042691088858104874,0.08879817032710807
adl-37-cam0-rgb,adl,343,228852,0.6853165328502655,0.7522190809249878,0.6640684008598328,0.651948094367981,-11.96439135121248,0.06141924858093262,0.0271168053150177,0.08853605389595032,0.517177402973175,0.877319852511088,0.681717269451587,0.7493777137685126,-11.978963392743573,0.042102114075706104,0.08501031318784268
adl-37-cam0-rgb,adl,345,228918,0.6801455914974213,0.7519172430038452,0.6590101420879364,0.6609007120132446,-13.073267227134084,0.02222222089767456,0.041551023721694946,0.0637732446193695,0.5083519816398621,0.8780570824941,0.6798557373610407,0.7508795288476069,-12.801718624229826,0.04300218820571898,0.08044699574961797
adl-37-cam0-rgb,adl,347,228984,0.6763304471969604,0.7509191930294037,0.6534152030944824,0.6559603810310364,-13.567099812805466,0.033300697803497314,0.05196094512939453,0.08526164293289185,0.5170427560806274,0.8824548323949178,0.6769738863814957,0.7522151876579621,-13.877797467172917,0.045391311248143495,0.07510821801243395
adl-38-cam0-rgb,adl,39,231238,0.1930718719959259,0.4327123612165451,0.19877427071332932,0.31214435398578644,2.7078500775900176,0.011977270245552063,0.010296717286109924,0.0016805529594421387,0.5117438435554504,0.8894282579421997,0.19562773668404773,0.43442683554056893,1.9332509893491567,0.018169709859472333,0.005258699709718875
adl-38-cam0-rgb,adl,41,231304,0.20190206915140152,0.43679849803447723,0.20200733095407486,0.3168986588716507,0.05030078046631213,0.02435651421546936,0.01758105307817459,0.006775461137294769,0.5407108664512634,0.8875486751397451,0.199843427945267,0.43535518059224765,0.8129530750230018,0.0162735079274033,0.00548743592067198
adl-38-cam0-rgb,adl,43,231370,0.20574144273996353,0.43738821148872375,0.20404740422964096,0.31742070615291595,-0.8090091247864856,0.03581973910331726,0.025471888482570648,0.010347850620746613,0.5800580978393555,0.894240657488505,0.2038090263416756,0.4363300608414589,-0.15826414356337293,0.01527195578013663,0.005598335264823133
adl-38-cam0-rgb,adl,45,231436,0.2081666886806488,0.43816612660884857,0.20637811720371246,0.3166882395744324,-0.8435295956948854,0.03596743941307068,0.027439698576927185,0.008527740836143494,0.6177077889442444,0.9023579557736715,0.20752453187327358,0.4373514762882027,-0.9804006664099683,0.015165053417672316,0.005591397742172336
adl-38-cam0-rgb,adl,47,231502,0.21075474470853806,0.4380473345518112,0.20789550989866257,0.3174900412559509,-1.3586186051721456,0.0035248249769210815,0.006205327808856964,0.0026805028319358826,0.6395218968391418,0.9065154492855072,0.21098994454006065,0.43841942693247876,-1.6534564935167828,0.015952800840010353,0.005466623352719584
adl-38-cam0-rgb,adl,49,231568,0.21297580003738403,0.43857571482658386,0.20893346518278122,0.318072110414505,-1.9212861774306702,0.01316976547241211,0.011432737112045288,0.0017370283603668213,0.6208108067512512,0.9013637204964956,0.21335184064520357,0.4388810474248153,-2.0264817109077327,0.014627525300690603,0.004210967973713229
adl-38-cam0-rgb,adl,51,231634,0.21519501507282257,0.43947893381118774,0.21016497910022736,0.31796562671661377,-2.3704020067962177,0.0191190242767334,0.014544367790222168,0.0045746564865112305,0.6327981948852539,0.9039369424184164,0.21618171436187994,0.43985767552862887,-2.386461456000456,0.016639942859674406,0.0028069775341909133
adl-38-cam0-rgb,adl,53,231700,0.21969691663980484,0.44188787043094635,0.21379057317972183,0.31792646646499634,-2.7278879138331127,0.026873990893363953,0.023875273764133453,0.0029987171292304993,0.6664361357688904,0.9124716917673746,0.21951989823089502,0.44178514976005984,-2.712060926684741,0.02343012631197509,0.003119390957799305
adl-38-cam0-rgb,adl,55,231766,0.22390216588974,0.44411584734916687,0.2170308381319046,0.3187039643526077,-3.136105003800485,0.03990963101387024,0.0335676372051239,0.006341993808746338,0.6981679797172546,0.9205010235309601,0.22284188924671736,0.44446346505637746,-2.6885524254124666,0.03291058127498209,0.004591698447863254
adl-38-cam0-rgb,adl,57,231832,0.22592055797576904,0.44625037908554077,0.22145025432109833,0.3187810927629471,-2.0085199693626787,0.04462507367134094,0.04165199398994446,0.0029730796813964844,0.7273629903793335,0.9279089272022247,0.22620295671931562,0.44711095533329626,-2.226267385394447,0.038072313581194145,0.005791105684779931
adl-38-cam0-rgb,adl,59,231898,0.23005367815494537,0.450867161154747,0.22591634839773178,0.31945955753326416,-1.8033450492065408,0.0512976348400116,0.043068721890449524,0.008228912949562073,0.7528121471405029,0.9343293408552805,0.22967778820367052,0.4494059765751737,-1.4809554841685144,0.04043767923787553,0.007202079511566069
adl-38-cam0-rgb,adl,61,231964,0.23243070393800735,0.4516507089138031,0.2311611771583557,0.32027313113212585,-0.5536428952785317,0.04673454165458679,0.03705894201993942,0.00967559963464737,0.775305449962616,0.9398210048675537,0.23327309596332085,0.45084931078927276,-0.5937346138786492,0.03881900496297063,0.009907552303173826
adl-38-cam0-rgb,adl,63,232030,0.23674454540014267,0.4513768404722214,0.23797860741615295,0.320733442902565,0.541201802859906,0.04528088867664337,0.03390956670045853,0.011371321976184845,0.7968993782997131,0.9453923304875692,0.23742514348778337,0.4516951185671276,0.07531149854014035,0.03461432634364986,0.012159148819776823
adl-38-cam0-rgb,adl,65,232096,0.24179451167583466,0.45167236030101776,0.24349712580442429,0.3219662010669708,0.7520614422343925,0.04387563467025757,0.029325172305107117,0.014550462365150452,0.8154361248016357,0.9500203231970469,0.2418940657854593,0.4519720089771009,0.5392724497567734,0.029451495286448134,0.014059079770659967
adl-38-cam0-rgb,adl,67,232162,0.2464558333158493,0.4514305293560028,0.2484319508075714,0.32124342024326324,0.8696290929891403,0.04126766324043274,0.0248250812292099,0.01644258201122284,0.8324446678161621,0.9540736178557078,0.24577748320706444,0.45171621332178835,0.9907067088244716,0.025218507589457834,0.014092646023153722
adl-38-cam0-rgb,adl,69,232228,0.24984261393547058,0.4523508548736572,0.2512495815753937,0.3209734708070755,0.6135776458547563,0.035257115960121155,0.02192103862762451,0.013336077332496643,0.8485855460166931,0.9583880503972372,0.24888621254529752,0.45198715016955354,1.3136755067814034,0.022579827188671374,0.013428681888879615
adl-38-cam0-rgb,adl,71,232294,0.25111864507198334,0.4529857784509659,0.2550063654780388,0.3199918568134308,1.6744115237999584,0.030959248542785645,0.020117029547691345,0.0108422189950943,0.8632645606994629,0.9623936514059702,0.2509458767838805,0.4531419762930306,1.4650341998772207,0.020222547540674964,0.012421284306358964
adl-38-cam0-rgb,adl,73,232360,0.25151941180229187,0.453975111246109,0.25581955909729004,0.32031218707561493,1.8426601355837948,0.02968980371952057,0.019461363554000854,0.010228440165519714,0.8763881325721741,0.966006318728129,0.25200429813557335,0.45476496638931685,1.5458494080743024,0.01904157645903622,0.010739792186718467
adl-38-cam0-rgb,adl,75,232426,0.25169233977794647,0.4564715623855591,0.2560463398694992,0.32053330540657043,1.8345135543840836,0.028244763612747192,0.019065633416175842,0.00917913019657135,0.8876731395721436,0.9691333969434103,0.25237875112465413,0.45692665642732083,1.5814011103304704,0.018616757416105863,0.009194879627330982
adl-38-cam0-rgb,adl,77,232492,0.25301598012447357,0.4601720720529556,0.25488272309303284,0.3215407580137253,0.7714709372719813,0.02759253978729248,0.017636433243751526,0.009956106543540955,0.8974787592887878,0.9718538125356039,0.2526327231616681,0.4590798498361135,1.152326859987674,0.018137223212233843,0.008541960027310743
adl-38-cam0-rgb,adl,79,232558,0.25259724259376526,0.4612884074449539,0.25356413424015045,0.3232864886522293,0.40142850622989307,0.026364028453826904,0.01939263939857483,0.006971389055252075,0.906951367855072,0.9745006263256073,0.25265621042354763,0.461286114214302,0.32917866906454374,0.01878259527734861,0.007812016905644228
adl-38-cam0-rgb,adl,81,232624,0.25233281403779984,0.4631362110376358,0.2519989535212517,0.3233596086502075,-0.13685239046167816,0.025990992784500122,0.01959242671728134,0.0063985660672187805,0.9149366617202759,0.9767836332321167,0.252302007177175,0.46291947855061716,-0.7082375078121095,0.02015815946188837,0.006788715526655113
adl-38-cam0-rgb,adl,83,232690,0.25214622914791107,0.46377064287662506,0.24666761606931686,0.322184681892395,-2.215932145217669,0.026745706796646118,0.020401015877723694,0.006344690918922424,0.9223535060882568,0.9788865347703298,0.25145113700396016,0.4639824402409708,-1.7561924658170085,0.02235620684953992,0.005699811301706149
adl-38-cam0-rgb,adl,85,232756,0.2500319704413414,0.4649670869112015,0.24359889328479767,0.3213767260313034,-2.5652269184755605,0.0310935378074646,0.026552684605121613,0.004540853202342987,0.9256145358085632,0.9801334142684937,0.25025055231728044,0.46431824648793063,-2.6344600360015638,0.024999332569894298,0.004506622751553847
adl-38-cam0-rgb,adl,87,232822,0.2488771229982376,0.4647383987903595,0.23957864195108414,0.3219445049762726,-3.7257376743515875,0.03100399672985077,0.02746109664440155,0.0035429000854492188,0.9316202998161316,0.981831431388855,0.24922030483618407,0.4647677665277986,-3.3930987459780106,0.027407705622575974,0.003756923302685538
adl-38-cam0-rgb,adl,89,232888,0.2479502260684967,0.4660816639661789,0.23857048153877258,0.320817768573761,-3.694481287225035,0.03197237849235535,0.029254138469696045,0.0027182400226593018,0.9375109076499939,0.9834035436312357,0.24827675589106263,0.46589859326680433,-3.8130348116515913,0.029222365226838454,0.0027562031820738946
adl-38-cam0-rgb,adl,91,232954,0.24783815443515778,0.46651415526866913,0.23806045204401016,0.31979577243328094,-3.812705083089446,0.03132109344005585,0.02926655113697052,0.002054542303085327,0.9434401988983154,0.9849567910035452,0.24769460071216892,0.46829418509037396,-3.870718496974251,0.028730007993194404,0.00200946112989863
adl-38-cam0-rgb,adl,93,233020,0.24776515364646912,0.47048337757587433,0.23812095820903778,0.32002514600753784,-3.667574538998234,0.02980223298072815,0.028199821710586548,0.0016024112701416016,0.9485192894935608,0.9862003227074941,0.24758333825703788,0.4715891299825719,-3.747766649813678,0.02646328973305686,0.001448063881366282
adl-38-cam0-rgb,adl,95,233086,0.24767232686281204,0.4761699438095093,0.23851919174194336,0.32089710235595703,-3.3736087200427725,0.025134846568107605,0.023879729211330414,0.0012551173567771912,0.9532797932624817,0.987339715162913,0.24775227623713444,0.47522025223160136,-3.236347416557617,0.023900775005032973,0.0011234743706075648
adl-38-cam0-rgb,adl,97,233152,0.2482055351138115,0.4799884259700775,0.23992697894573212,0.321262389421463,-2.9856281958096593,0.020015612244606018,0.01822657138109207,0.0017890408635139465,0.9571638703346252,0.9878513912359873,0.248231010164791,0.47823497214358535,-2.643725331245018,0.02085642016682271,0.0015633543267910596
adl-38-cam0-rgb,adl,99,233218,0.24853865057229996,0.481357604265213,0.2437649890780449,0.32368285953998566,-1.734121316622975,0.020297110080718994,0.018732808530330658,0.0015643015503883362,0.9607222080230713,0.9879465699195862,0.24892741099838533,0.4806899427077464,-1.9544254361459317,0.018380598265887314,0.0026222405495581655
adl-38-cam0-rgb,adl,101,233284,0.24986585974693298,0.4811495393514633,0.246980682015419,0.321970671415329,-1.0383941660516596,0.021533936262130737,0.017215460538864136,0.0043184757232666016,0.9638424515724182,0.9882473150889078,0.24973355375585066,0.48184244495965634,-1.2820590247824688,0.016859667190225587,0.004264311744021125
adl-38-cam0-rgb,adl,103,233350,0.25076236575841904,0.481540709733963,0.2487642839550972,0.32197265326976776,-0.7174097005054216,0.023982495069503784,0.01622460037469864,0.007757894694805145,0.9665963053703308,0.9889247814814249,0.2505719704932461,0.4823457521922654,-0.775219328634539,0.01657022071349154,0.007218468369859628
adl-38-cam0-rgb,adl,105,233416,0.25139133632183075,0.483441099524498,0.24996033310890198,0.32161010801792145,-0.5066292119365964,0.02667713165283203,0.016778424382209778,0.009898707270622253,0.968355655670166,0.9896898865699768,0.25116669928485663,0.4829719425279849,-0.3967724567924086,0.016685196815373036,0.010842669158528877
adl-38-cam0-rgb,adl,107,233482,0.25142601877450943,0.48433490097522736,0.2506064176559448,0.3216007649898529,-0.28856445910212986,0.030385419726371765,0.01677875965833664,0.013606660068035126,0.9699092507362366,0.9902744293212891,0.2515740980962651,0.4844951359998605,-0.2433177217661216,0.016351619775677118,0.014583977334427088
adl-38-cam0-rgb,adl,109,233548,0.25164172798395157,0.4866378754377365,0.2505546510219574,0.3219419866800308,-0.3781759089714433,0.035924553871154785,0.016716502606868744,0.01920805126428604,0.9720430374145508,0.9909283717473348,0.2515666505152525,0.48654481626692203,-0.1514859240446288,0.01654763490735708,0.017488928939098893
adl-38-cam0-rgb,adl,111,233614,0.2512432336807251,0.489149272441864,0.2509923577308655,0.32283614575862885,-0.08642806790110612,0.0359584242105484,0.016089528799057007,0.019868895411491394,0.9741880297660828,0.9914487799008688,0.25143645855384433,0.4894363935633648,-0.22668832399669545,0.01650806626071143,0.019232068194713396
adl-38-cam0-rgb,adl,113,233680,0.2511514350771904,0.4935636967420578,0.24966951459646225,0.3252754807472229,-0.5045248952978945,0.03614342212677002,0.016472823917865753,0.019670598208904266,0.9732227921485901,0.9913988610108694,0.25128973323803405,0.4934033997260124,-0.7441758950320964,0.016286410101048334,0.019761808184318184
adl-38-cam0-rgb,adl,115,233746,0.2503548935055733,0.49695391952991486,0.24684157967567444,0.3287786543369293,-1.1967799078929289,0.03552606701850891,0.01714032143354416,0.018385745584964752,0.9698672294616699,0.9910244544347128,0.25067302662056723,0.49870111338503875,-1.5391376406347446,0.016401154654366607,0.01847396584558278
adl-38-cam0-rgb,adl,117,233812,0.24984437972307205,0.504090428352356,0.24252991378307343,0.33493606746196747,-2.47600542122942,0.031932324171066284,0.01624002307653427,0.015692301094532013,0.9637792110443115,0.9901305238405863,0.24928806796347386,0.503868293839615,-2.4421699107069124,0.017008736245817925,0.015676975411512098
adl-38-cam0-rgb,adl,119,233878,0.24824312329292297,0.5102016925811768,0.23643331974744797,0.34334607422351837,-4.0485622885709756,0.030699744820594788,0.017739444971084595,0.012960299849510193,0.9592248797416687,0.9896153509616852,0.24728577387281275,0.5087491348063267,-3.4640140765658054,0.017760980825919585,0.012643578248622596
adl-38-cam0-rgb,adl,121,233944,0.24430539458990097,0.5144427716732025,0.23221290111541748,0.3504260629415512,-4.216628602744181,0.028898894786834717,0.02001715451478958,0.008881740272045135,0.9533146023750305,0.9888232946395874,0.24468618134657508,0.513120008430955,-4.179555352561584,0.019561882336418323,0.00879990377209402
adl-38-cam0-rgb,adl,123,234010,0.2410726100206375,0.5148776471614838,0.22832024097442627,0.3546312302350998,-4.549994766515071,0.02786087989807129,0.02239777147769928,0.005463108420372009,0.9497699737548828,0.9884317815303802,0.24170065822797385,0.5164490098948079,-4.687545738061123,0.02260405889579225,0.005360536051518983
adl-38-cam0-rgb,adl,125,234076,0.23858711868524551,0.5182569622993469,0.225409135222435,0.3694619983434677,-5.061179100255056,0.027881264686584473,0.024930261075496674,0.002951003611087799,0.9449846744537354,0.9878117640813192,0.23846237280797097,0.5180124963000732,-4.8679642095820626,0.027104179935279825,0.00315584600358814
adl-38-cam0-rgb,adl,127,234142,0.2358725145459175,0.5207822918891907,0.22441771626472473,0.3837002217769623,-4.776630449870948,0.032667964696884155,0.032641761004924774,2.6203691959381104e-05,0.931239902973175,0.985345462958018,0.23544185705386161,0.5187314969378625,-5.076857951536572,0.032147155856931314,0.002329380449020498
adl-38-cam0-rgb,adl,129,234208,0.23316152393817902,0.5205096900463104,0.22249892354011536,0.4089079797267914,-5.457561935245672,0.03468596935272217,0.03744228184223175,0.0027563124895095825,0.9234687685966492,0.9839883049329122,0.23327296246568843,0.5198543342677022,-5.533083026752475,0.03659060097489,0.002638526067331236
adl-38-cam0-rgb,adl,131,234274,0.23103654384613037,0.5219328701496124,0.22197218239307404,0.42880867421627045,-5.5594439723029305,0.03723345696926117,0.04207447171211243,0.004841014742851257,0.8729538321495056,0.973599245150884,0.23163799535144425,0.5235086365953661,-6.088383799303175,0.041023766839659,0.0038307258190014605
adl-38-cam0-rgb,adl,133,234340,0.23006008565425873,0.527097225189209,0.22173870354890823,0.45462746918201447,-6.550333379736029,0.03829196095466614,0.04377271234989166,0.005480751395225525,0.8228057622909546,0.9615393082300822,0.23063888287905457,0.5297112151399828,-6.194667083941436,0.04344904506619352,0.0045338020180210855
adl-38-cam0-rgb,adl,135,234406,0.23067162930965424,0.5378815829753876,0.22377096116542816,0.4775669276714325,-6.526895055386194,0.038119614124298096,0.042996928095817566,0.00487731397151947,0.7504719495773315,0.9437808493773142,0.2301600940557782,0.539618406460914,-6.15030524987593,0.0445399895890966,0.004917931182559943
adl-38-cam0-rgb,adl,137,234472,0.23022913187742233,0.554023027420044,0.22471100836992264,0.4995080530643463,-5.779916065033472,0.04108968377113342,0.045996375381946564,0.004906691610813141,0.6914454698562622,0.9341276387373606,0.22993677941622637,0.5531937067126806,-5.62865023763257,0.044216112044208424,0.004131164159867665
adl-38-cam0-rgb,adl,139,234538,0.2301366850733757,0.5676999092102051,0.22763550281524658,0.5228826701641083,-3.1942771741952694,0.03961898386478424,0.041144855320453644,0.001525871455669403,0.6244055032730103,0.9167845646540324,0.22896429367395674,0.5644490106023228,12.429263733548163,0.0447616709388179,0.001138450069860978
adl-38-cam0-rgb,adl,141,234604,0.2292494922876358,0.5822646021842957,0.22789790481328964,0.5508489012718201,-2.4634984834105684,0.04018285870552063,0.04301433265209198,0.00283147394657135,0.5840161442756653,0.9117408692836761,0.22923504641819792,0.5773430500195648,0.4046753319765294,0.042465753175995505,0.0015772412091622614
adl-38-cam0-rgb,adl,143,234670,0.22878330945968628,0.5934164524078369,0.22908221185207367,0.5732353925704956,0.8485477766036307,0.035402506589889526,0.037241965532302856,0.00183945894241333,0.5314812660217285,0.9003018736839294,0.23035124079747601,0.5951757976761103,-52.41507011084049,0.03555355998344746,0.005029205571521405
adl-38-cam0-rgb,adl,145,234736,0.22885386645793915,0.5976338684558868,0.229526586830616,0.5914972722530365,6.2560318045906405,0.03388422727584839,0.03582654893398285,0.0019423216581344604,0.5117037892341614,0.8943992654482523,0.23162532712925554,0.6126384290007799,-45.97690524229546,0.02853569465475679,0.009014446017417035
adl-38-cam0-rgb,adl,153,235000,0.23766327649354935,0.6367796957492828,0.2342277318239212,0.6614620983600616,-172.0759097071107,0.03635440766811371,0.01211053878068924,0.02424386888742447,0.5100181698799133,0.8749811549981436,0.2334473381891394,0.6316072900831954,-28.218429675248586,0.019569658865402257,0.014615190661314758
adl-38-cam0-rgb,adl,155,235066,0.23732227832078934,0.6656421720981598,0.23471412062644958,0.667757123708725,-129.03855007312015,0.02569703757762909,0.00021507591009140015,0.02591211348772049,0.5338585376739502,0.8774471978346506,0.23581727397712784,0.6520823809233575,0.8603565903000572,0.008655452615383884,0.02183143950321457
adl-38-cam0-rgb,adl,157,235132,0.2366892397403717,0.6664277613162994,0.23672784864902496,0.6809962391853333,179.84815693454945,0.028639167547225952,0.0029903054237365723,0.02564886212348938,0.5179073214530945,0.8677215874195099,0.23873513449322084,0.674063701521266,41.25945355435047,-0.0042069240952983256,0.030663192543116478
adl-39-cam0-rgb,adl,57,237980,0.2519877031445503,0.4285803288221359,0.24047483503818512,0.2984640598297119,-5.05644199085463,0.042767882347106934,0.03790631145238876,0.00486157089471817,0.5298694968223572,0.8625215391318003,0.2512248432094399,0.4285322819695326,-4.9614489947431535,0.03832656605677171,0.004325866247668396
adl-39-cam0-rgb,adl,59,238046,0.25466305017471313,0.42948460578918457,0.24681808054447174,0.29964588582515717,-3.4576578640928255,0.042201489210128784,0.03428128361701965,0.00792020559310913,0.5742806792259216,0.8749639689922333,0.25546452118591817,0.4297133553660275,-3.5944897923740258,0.03316302141456893,0.008907716608408715
adl-39-cam0-rgb,adl,61,238112,0.25874339789152145,0.43084515631198883,0.2534566894173622,0.2996448576450348,-2.3074818014840983,0.04031771421432495,0.028045035898685455,0.012272678315639496,0.6136537194252014,0.8860584298769633,0.2592249301798415,0.43083295589272574,-2.444490469993541,0.028726569418009225,0.012360329203533396
adl-39-cam0-rgb,adl,63,238178,0.262544684112072,0.4317764639854431,0.25813890248537064,0.29913924634456635,-1.902481955213475,0.03960612416267395,0.024657197296619415,0.014948926866054535,0.6508563756942749,0.8966125051180521,0.26250607019120986,0.4318910835496273,-1.5114510276016997,0.025017210067092597,0.014683704033042439
adl-39-cam0-rgb,adl,65,238244,0.2656702995300293,0.43366338312625885,0.26426785439252853,0.29948344826698303,-0.598832169572696,0.0393490195274353,0.022072643041610718,0.017276376485824585,0.6828603744506836,0.9055458903312683,0.26530794122002305,0.4328877383367318,-0.7953714651985004,0.022034943361819017,0.015877841096935824
adl-39-cam0-rgb,adl,67,238310,0.2675340250134468,0.4339046776294708,0.26724057644605637,0.298763245344162,-0.12441290362297716,0.03486672043800354,0.02054380625486374,0.014322914183139801,0.7120886445045471,0.9135223031044006,0.26792121752774006,0.4335102591163662,-0.3803603717785049,0.01952195264302288,0.015552994041215781
adl-39-cam0-rgb,adl,69,238376,0.2698969393968582,0.4342191070318222,0.26973725855350494,0.2983391582965851,-0.06733174590346262,0.03358733654022217,0.017840132117271423,0.015747204422950745,0.7401590347290039,0.9218742450078329,0.2696717832060084,0.4343908874245427,-0.07800614731894971,0.018470717811739264,0.014176624065095709
adl-39-cam0-rgb,adl,71,238442,0.27103547751903534,0.434832826256752,0.2705376148223877,0.2982587516307831,-0.20886324889038635,0.02929365634918213,0.017254367470741272,0.012039288878440857,0.7649264335632324,0.9292501012484232,0.2707352856278932,0.4354676481062193,0.1471206863123186,0.017967798493125194,0.012861542371444353
adl-39-cam0-rgb,adl,73,238508,0.27131782472133636,0.43683890998363495,0.2714541554450989,0.29825471341609955,0.05636409318874902,0.02716076374053955,0.017526492476463318,0.009634271264076233,0.7855100035667419,0.9353941380977631,0.27128723844305225,0.437337991930705,0.22752488582665448,0.017876068234959696,0.011498710164776079
adl-39-cam0-rgb,adl,75,238574,0.271328404545784,0.4405391961336136,0.27171640843153,0.29918690025806427,0.1572732095776371,0.030425995588302612,0.019545182585716248,0.010880813002586365,0.8025948405265808,0.940499464670817,0.27174206777955506,0.44041913399448573,0.05358848582054967,0.017693673538697205,0.010775269335740557
adl-39-cam0-rgb,adl,77,238640,0.2712209224700928,0.44289132952690125,0.2710921913385391,0.29975560307502747,-0.051529752383720866,0.030116021633148193,0.01910415291786194,0.011011868715286255,0.8214398622512817,0.9461668531099955,0.27161600827783694,0.44383487395651866,-0.4279994395157325,0.01832499529247158,0.009463031344857552
adl-39-cam0-rgb,adl,79,238706,0.27121490240097046,0.4479530602693558,0.26943279802799225,0.3027987629175186,-0.7034027326165769,0.02734968066215515,0.019018501043319702,0.00833117961883545,0.8286725878715515,0.9489328364531199,0.2709344657081542,0.44685310351126056,-1.189551815398508,0.020278495692071432,0.008290774442932811
adl-39-cam0-rgb,adl,81,238772,0.27119307219982147,0.45070919394493103,0.26447518169879913,0.30561238527297974,-2.6508652871541356,0.027185887098312378,0.020144805312156677,0.007041081786155701,0.8415776491165161,0.9530251820882162,0.2699946784031335,0.4492674333192563,-2.1975644628008686,0.023082809950108103,0.00662677896358233
adl-39-cam0-rgb,adl,83,238838,0.26846957206726074,0.45076538622379303,0.25951915979385376,0.30514095723629,-3.5171060581662075,0.030450880527496338,0.02661871910095215,0.0038321614265441895,0.851595401763916,0.9562240044275919,0.26884657841224135,0.45111048563476186,-3.2209520591157137,0.026424536070266288,0.004544108977049453
adl-39-cam0-rgb,adl,85,238904,0.26663023978471756,0.45130781829357147,0.25616802275180817,0.30449438095092773,-4.076120443146554,0.03468126058578491,0.03263195604085922,0.0020493045449256897,0.8620273470878601,0.9594778517882029,0.2675992519437489,0.4526412820532202,-4.062081863298143,0.029948140571127678,0.002704227125489863
adl-39-cam0-rgb,adl,87,238970,0.26656296849250793,0.45352549850940704,0.2547231465578079,0.30477379262447357,-4.550836465239616,0.03491678833961487,0.03321292996406555,0.0017038583755493164,0.8733302354812622,0.9627820551395416,0.26645037357683266,0.4533435829403074,-4.62980683658264,0.03284795027532614,0.0014646526151921308
adl-39-cam0-rgb,adl,89,239036,0.2658848762512207,0.45518651604652405,0.25331293046474457,0.30478619039058685,-4.778239280917864,0.034942835569381714,0.03376618027687073,0.0011766552925109863,0.8845489621162415,0.9660357236862183,0.26564900835097055,0.4542015415507471,-4.860000154044678,0.03390708327035362,0.0006797263374576314
adl-39-cam0-rgb,adl,91,239102,0.2654059827327728,0.4560468941926956,0.25245971977710724,0.30453427135944366,-4.883875895050314,0.03256863355636597,0.032530635595321655,3.7997961044311523e-05,0.8955177068710327,0.9692283570766449,0.2654266487726398,0.4556184959360009,-5.024103164959641,0.03287654818394479,0.0004463953115207287
adl-39-cam0-rgb,adl,93,239168,0.2652670070528984,0.45637843012809753,0.252023808658123,0.3045632243156433,-4.985426006179762,0.03141021728515625,0.03148586302995682,7.564574480056763e-05,0.9050175547599792,0.9719525476296743,0.26519918496603534,0.4579264708669664,-4.870035507042536,0.03093133779702244,0.00022550859363564143
adl-39-cam0-rgb,adl,95,239234,0.26519380509853363,0.4592486768960953,0.25274838507175446,0.3050864636898041,-4.615443533104541,0.028545796871185303,0.027973875403404236,0.0005719214677810669,0.9126887917518616,0.9738957186539968,0.26480942983905953,0.4604017453276227,-4.227327042241275,0.028868916295307495,-0.0004630387474448123
adl-39-cam0-rgb,adl,97,239300,0.26518264412879944,0.46321071684360504,0.2547716796398163,0.30748075246810913,-3.8246849627032304,0.02612084150314331,0.0262700617313385,0.00014922022819519043,0.92002934217453,0.9752312401930491,0.26510364630005534,0.46299282225953486,-3.4436107318078655,0.026224946046804413,-0.00040029492471125086
adl-39-cam0-rgb,adl,99,239366,0.26541106402873993,0.4675609767436981,0.2590450793504715,0.3115062415599823,-2.3359876476852497,0.023549884557724,0.023826465010643005,0.00027658045291900635,0.9270873069763184,0.9769826630751292,0.26628836673317496,0.4652959079324418,-2.735782880753592,0.023128315161316908,0.0011563332694949516
adl-39-cam0-rgb,adl,101,239432,0.26676975935697556,0.46697676181793213,0.2631411552429199,0.3135775625705719,-1.3550588159159014,0.021722406148910522,0.020688779652118683,0.0010336264967918396,0.9334418773651123,0.9787779450416565,0.267969672394779,0.46692481114492723,-2.18404614326281,0.020069162212150923,0.0039240857545947555
adl-39-cam0-rgb,adl,103,239498,0.2705211788415909,0.46703048050403595,0.26502301543951035,0.3147296756505966,-2.0675190365448177,0.02493634819984436,0.017303988337516785,0.007632359862327576,0.9392850995063782,0.9802551170190176,0.26969975058908546,0.4672829219789209,-1.8473027071330872,0.018006568282713596,0.007256331317352515
adl-39-cam0-rgb,adl,105,239564,0.2727775424718857,0.46670621633529663,0.26648955047130585,0.3149154782295227,-2.372144272348037,0.02788683772087097,0.014885500073432922,0.01300133764743805,0.9435105919837952,0.9814018507798513,0.2716330882339246,0.46627665140153973,-1.901726832974291,0.01643028284435146,0.011131025141193737
adl-39-cam0-rgb,adl,107,239630,0.27257391810417175,0.4668549597263336,0.26668237894773483,0.3149542212486267,-2.221129529735223,0.030767440795898438,0.015751928091049194,0.015015512704849243,0.9465875029563904,0.9824998478094736,0.2727749663772001,0.4660304075195669,-2.188452487671179,0.015760690102845535,0.014108576170809836
adl-39-cam0-rgb,adl,109,239696,0.2722548022866249,0.46705716848373413,0.2664354592561722,0.3146428018808365,-2.186551852892057,0.0320400595664978,0.01722528785467148,0.014814771711826324,0.9492282867431641,0.9834560751914978,0.27283380535386814,0.46859903259452734,-2.464720363782007,0.01575519005844601,0.015401644398381677
adl-39-cam0-rgb,adl,111,239762,0.27295857667922974,0.4691939949989319,0.2650950253009796,0.31544776260852814,-2.927915986532873,0.032063424587249756,0.016546189785003662,0.015517234802246094,0.9466071128845215,0.9832018812497457,0.27171443647894467,0.47335730628533734,-2.769714745233571,0.016026287432356807,0.01445360185005962
adl-39-cam0-rgb,adl,113,239828,0.26971734315156937,0.4795258045196533,0.26136990636587143,0.32210899889469147,-3.035415189351947,0.02928227186203003,0.01714586466550827,0.012136407196521759,0.9449955224990845,0.9830004870891571,0.2701058393561991,0.4788978548147971,-3.2459683318724784,0.01722010563720354,0.012496977850988297
adl-39-cam0-rgb,adl,115,239894,0.2683565765619278,0.48855482041835785,0.25795356929302216,0.3301715701818466,-3.7579318922709404,0.027734458446502686,0.01771967113018036,0.010014787316322327,0.945235550403595,0.9834115703900655,0.268559322793246,0.48480525967620597,-3.9050946221591705,0.01887203520768646,0.010516988057078722
adl-39-cam0-rgb,adl,117,239960,0.2665049135684967,0.4919700473546982,0.2531905099749565,0.33482205867767334,-4.842833811473818,0.02841988205909729,0.02028721570968628,0.00813266634941101,0.9459430575370789,0.983853946129481,0.2668694374494219,0.49046174452934355,-4.467358539681939,0.02183456473794331,0.008595558020459613
adl-39-cam0-rgb,adl,119,240026,0.26525314152240753,0.49177131056785583,0.2519233822822571,0.34043188393116,-5.0335402953316715,0.033738017082214355,0.026886746287345886,0.006851270794868469,0.9495187997817993,0.9850291808446249,0.26528825697960756,0.4939574146425562,-5.014921307520092,0.026072419567025547,0.006865210089332604
adl-39-cam0-rgb,adl,121,240092,0.26489390432834625,0.4955739378929138,0.2506658062338829,0.34870894253253937,-5.53347550983448,0.03654685616493225,0.030069127678871155,0.006477728486061096,0.9531272649765015,0.9859378139177958,0.26447768515838654,0.49559600051347236,-5.653299497636648,0.0304491810210339,0.006001260115470712
adl-39-cam0-rgb,adl,123,240158,0.2637201398611069,0.4974296987056732,0.24994510412216187,0.3562159985303879,-5.571429900774097,0.04017817974090576,0.03488679230213165,0.005291387438774109,0.9563712477684021,0.9866911768913269,0.2638812578601751,0.4958283432892383,-6.040807193839015,0.0340384146867892,0.005450762453533346
adl-39-cam0-rgb,adl,125,240224,0.26370783150196075,0.49621914327144623,0.24893957376480103,0.3658938407897949,-6.465088624800085,0.041562169790267944,0.03626777231693268,0.005294397473335266,0.9373605251312256,0.9827369153499603,0.2637904510869604,0.4973811904589328,-6.07809719198711,0.035382598896563255,0.005325803379991863
adl-39-cam0-rgb,adl,127,240290,0.26431897282600403,0.49992720782756805,0.2501545250415802,0.3734762966632843,-6.391366016560399,0.04082083702087402,0.03499069809913635,0.005830138921737671,0.9131965637207031,0.9791578551133474,0.2642101402922622,0.5000063440887436,-5.801055870342542,0.0342212319374084,0.005728948941994532
adl-39-cam0-rgb,adl,129,240356,0.2652687057852745,0.4991012215614319,0.254289373755455,0.38210800290107727,-5.361270879895624,0.03818255662918091,0.031410254538059235,0.006772302091121674,0.8980515599250793,0.9769463837146759,0.2654970079273369,0.5025010202483173,-5.311374795205724,0.03109455276361271,0.0067949965918734905
adl-39-cam0-rgb,adl,131,240422,0.2671460211277008,0.5076390504837036,0.25837280601263046,0.39150460064411163,-4.3201241783046145,0.03448599576950073,0.025833874940872192,0.00865212082862854,0.8579878211021423,0.9706158141295115,0.26772864208076896,0.504817922974561,-4.864680572139004,0.026350839571519295,0.009133252359571898
adl-39-cam0-rgb,adl,133,240488,0.27002889662981033,0.5091358423233032,0.2631925493478775,0.40319788455963135,-3.692269468555964,0.03310665488243103,0.021407417953014374,0.011699236929416656,0.8140581846237183,0.9630100230375925,0.2703046131701693,0.5060647765408339,-4.139770813806186,0.021493396459719802,0.01262398289911673
adl-39-cam0-rgb,adl,135,240554,0.2737806439399719,0.5084742903709412,0.26746615767478943,0.4191299378871918,-4.042704512432076,0.03165268898010254,0.016100764274597168,0.015551924705505371,0.7520114779472351,0.9517169495423635,0.27269950405859805,0.5069596869991964,-3.413158272961549,0.017489296533328605,0.016408611040610747
adl-39-cam0-rgb,adl,137,240620,0.2761012315750122,0.5077267587184906,0.27113353461027145,0.43524831533432007,-3.920939831584606,0.03414696455001831,0.013647466897964478,0.020499497652053833,0.7177487015724182,0.9450609982013702,0.27519835965522427,0.5116216610133388,-3.3347357893806038,0.014099662241352586,0.018198429689907907
adl-39-cam0-rgb,adl,139,240686,0.2774980217218399,0.5104496479034424,0.27444854378700256,0.4442306011915207,-2.6366863940991716,0.034767597913742065,0.01181270182132721,0.022954896092414856,0.6601681709289551,0.9331453243891398,0.2777957872394874,0.5177206656633516,-3.534995580224554,0.011163215771381987,0.019398507953206162
adl-39-cam0-rgb,adl,141,240752,0.2791609615087509,0.523768424987793,0.2756273224949837,0.45919911563396454,-3.1324609681673334,0.030950039625167847,0.010162338614463806,0.02078770101070404,0.599133312702179,0.9201134244600931,0.2804917868113877,0.5252567009492353,-4.013937645493403,0.008679957123416841,0.020008845830505523
adl-39-cam0-rgb,adl,143,240818,0.28394924104213715,0.5395256578922272,0.27716460078954697,0.47009435296058655,-5.581070439801188,0.02287125587463379,0.00563378632068634,0.01723746955394745,0.5394997596740723,0.8983115057150522,0.2832863583709252,0.5342297668709898,-4.7715619851871525,0.006649886297457136,0.020029443321805986
adl-40-cam0-rgb,adl,89,244722,0.26759563386440277,0.4279208481311798,0.2649115175008774,0.3000836670398712,-1.20282647756521,0.03656330704689026,0.025245293974876404,0.011318013072013855,0.5014721751213074,0.8381871779759725,0.26758370769746354,0.4283829494859231,-0.8863640489499817,0.02589825509172497,0.010955473419391744
adl-40-cam0-rgb,adl,91,244788,0.26986467838287354,0.4291030615568161,0.2700168937444687,0.30043749511241913,0.06778265521074962,0.0326286256313324,0.022875964641571045,0.009752660989761353,0.5382539629936218,0.8490222295125326,0.26965341188690867,0.427414457861221,-0.24296743859760916,0.023075394377563938,0.00961346915273955
adl-40-cam0-rgb,adl,93,244854,0.2711348831653595,0.42619362473487854,0.2722547650337219,0.30018632113933563,0.5091991772110787,0.029733121395111084,0.021884888410568237,0.007848232984542847,0.5811919569969177,0.8627682626247406,0.2713174456706294,0.4269266746002872,0.1678299391213517,0.02091283175723377,0.008460250245286268
adl-40-cam0-rgb,adl,95,244920,0.27218422293663025,0.42606450617313385,0.27265577018260956,0.30022265017032623,0.21469439058319964,0.027207285165786743,0.02025124430656433,0.006956040859222412,0.6182788014411926,0.8749516407648722,0.2725758090486257,0.42691959970312177,0.3460280842069007,0.01941056723073447,0.0074958166970319
adl-40-cam0-rgb,adl,97,244986,0.2736799418926239,0.42662009596824646,0.2739768549799919,0.2988518476486206,0.13314603893782495,0.025128275156021118,0.018666177988052368,0.00646209716796875,0.6488445997238159,0.8848051726818085,0.2734285020208974,0.42739323316972433,0.29162699665903763,0.01856860079806602,0.006720168507976441
adl-40-cam0-rgb,adl,99,245052,0.2740355134010315,0.42866840958595276,0.27349890768527985,0.2991332858800888,-0.23734926888728985,0.025412440299987793,0.01829656958580017,0.007115870714187622,0.6633204221725464,0.8895900150140127,0.27393783532179755,0.4285441359658255,-0.14915522601882247,0.018150693668431507,0.006456738942629322
adl-40-cam0-rgb,adl,101,245118,0.27381204068660736,0.43048378825187683,0.2731001228094101,0.29897473752498627,-0.31016489777244066,0.023874342441558838,0.018034502863883972,0.005839839577674866,0.6929036378860474,0.8994027674198151,0.2740024925568399,0.43028227597862034,-0.7267818362839826,0.018169474034082297,0.006241759696564108
adl-40-cam0-rgb,adl,103,245184,0.2737555354833603,0.43297645449638367,0.2705998346209526,0.2992706745862961,-1.3520341400904865,0.02402898669242859,0.018131360411643982,0.005897626280784607,0.7184042930603027,0.9080797433853149,0.2733185615116379,0.4317247879195517,-1.3275736481221807,0.019998659432192357,0.005538157957456836
adl-40-cam0-rgb,adl,105,245250,0.2726239562034607,0.43292956054210663,0.2675374671816826,0.2990492731332779,-2.1757814866984315,0.028495043516159058,0.023540347814559937,0.004954695701599121,0.742332935333252,0.9159631828467051,0.27221755409266485,0.4330585862134952,-2.002680181490953,0.022755923306013053,0.004448573858965004
adl-40-cam0-rgb,adl,107,245316,0.2709589749574661,0.4333575367927551,0.264406681060791,0.2980484664440155,-2.772362207338295,0.02806505560874939,0.02480970323085785,0.0032553523778915405,0.7491886615753174,0.9192549586296082,0.27116731980017217,0.4341493345055223,-2.598466073127973,0.025861116618046992,0.0031392975222496716
adl-40-cam0-rgb,adl,109,245382,0.26938454806804657,0.4350685477256775,0.26230400055646896,0.29866908490657806,-2.9715782614495887,0.03238832950592041,0.031015262007713318,0.0013730674982070923,0.7579267621040344,0.9226192037264506,0.2701943511248147,0.4351231428064819,-3.1173521169944505,0.028838870619540567,0.0019952068790728885
adl-40-cam0-rgb,adl,111,245448,0.2697310447692871,0.4369906634092331,0.2617778033018112,0.29838886857032776,-3.2841422476548257,0.03172162175178528,0.030786216259002686,0.0009354054927825928,0.7775420546531677,0.9286915361881256,0.2693988623105599,0.4363272230733518,-3.2270829988108662,0.031095748565671717,0.00095371679439173
adl-40-cam0-rgb,adl,113,245514,0.2698696181178093,0.4383377283811569,0.2619240880012512,0.299034982919693,-3.264491419566378,0.032213062047958374,0.0313899889588356,0.0008230730891227722,0.7964139580726624,0.9340671896934509,0.2691798329804879,0.4385611497478561,-3.1719768999354003,0.03176861888531478,0.00036430768507383617
adl-40-cam0-rgb,adl,115,245580,0.2699124738574028,0.440079927444458,0.2620651125907898,0.2996208667755127,-3.1977555551698735,0.03191813826560974,0.031017042696475983,0.0009010955691337585,0.8156484961509705,0.9400954941908518,0.2702086833325812,0.44105567083214203,-3.0140808057541664,0.031171885564987747,0.0010737079756084449
adl-40-cam0-rgb,adl,117,245646,0.27117156982421875,0.44364072382450104,0.2650080993771553,0.30006515979766846,-2.4581073901993533,0.03172546625137329,0.029616057872772217,0.0021094083786010742,0.8299894332885742,0.9435003201166788,0.2724041175984197,0.44376959880709066,-2.8256876024413877,0.028348244533136252,0.002991391434555958
adl-40-cam0-rgb,adl,119,245712,0.2743322402238846,0.44753995537757874,0.26770980656147003,0.3010910749435425,-2.5891572730320487,0.03021177649497986,0.025896504521369934,0.004315271973609924,0.8317297697067261,0.9461499055226644,0.27535595028818394,0.4465836825179841,-2.609418147036817,0.024980381614976076,0.005572461043343391
adl-40-cam0-rgb,adl,121,245778,0.2796751707792282,0.4488960951566696,0.2733975276350975,0.30096277594566345,-2.429924435271331,0.030110925436019897,0.020523592829704285,0.009587332606315613,0.8304392099380493,0.947924941778183,0.2786771719912426,0.44916685112626975,-2.4185602601151444,0.02101164756270195,0.008404903887928293
adl-40-cam0-rgb,adl,123,245844,0.2827628552913666,0.45139919221401215,0.2768024504184723,0.3017429709434509,-2.2807314314254943,0.02800688147544861,0.015942513942718506,0.012064367532730103,0.8307503461837769,0.9496766825517019,0.2817102025920174,0.45088995528685516,-2.1505361794885003,0.01748397349666205,0.010927925926524307
adl-40-cam0-rgb,adl,125,245910,0.28443199396133423,0.4523160308599472,0.27911296486854553,0.30134835839271545,-2.0178618540979913,0.027335315942764282,0.014273613691329956,0.013061702251434326,0.840579092502594,0.9532133340835571,0.28380422674732253,0.4517753299696614,-1.870288257250989,0.015025430943542722,0.012757223792922425
adl-40-cam0-rgb,adl,127,245976,0.2844909578561783,0.45243091881275177,0.28039152175188065,0.3010966181755066,-1.5516836584081586,0.027073919773101807,0.013769969344139099,0.013303950428962708,0.8537063598632812,0.9571317732334137,0.2847644866028901,0.45265219363815273,-1.4825539724091517,0.013677400169950525,0.013734231263528119
adl-40-cam0-rgb,adl,129,246042,0.2844032645225525,0.45249590277671814,0.28182774037122726,0.29873964190483093,-0.9596543496148389,0.027519702911376953,0.014096856117248535,0.013422846794128418,0.8666039705276489,0.9608655174573263,0.2848355959762222,0.45363851917254394,-1.1106716066813052,0.0134634846474701,0.014028822704827096
adl-40-cam0-rgb,adl,131,246108,0.2844632863998413,0.4545488506555557,0.2818562686443329,0.2989557683467865,-0.959921459200131,0.027840375900268555,0.013736903667449951,0.014103472232818604,0.8785350918769836,0.9640810986359915,0.2849638292412733,0.454768839594605,-1.019757416788568,0.013101739994375201,0.014253760248551616
adl-40-cam0-rgb,adl,133,246174,0.2848576456308365,0.45716412365436554,0.2817043513059616,0.3005869537591934,-1.1537188802592564,0.02683064341545105,0.012327179312705994,0.014503464102745056,0.8897432088851929,0.9671399692694346,0.2850136569826114,0.4562491842291565,-1.191240603949395,0.01232708235839743,0.01439107148162212
adl-40-cam0-rgb,adl,135,246240,0.28503695130348206,0.4575756937265396,0.2808781564235687,0.30148153007030487,-1.5261623637244883,0.02705824375152588,0.012311220169067383,0.014747023582458496,0.9000334739685059,0.9695115188757578,0.2847277256962537,0.4578682305492873,-1.7331158588633753,0.011447913525424461,0.014052383504904689
adl-40-cam0-rgb,adl,137,246306,0.2849816083908081,0.45962972939014435,0.27693428844213486,0.30268594622612,-2.9352804983845617,0.02330315113067627,0.009952783584594727,0.013350367546081543,0.9082920551300049,0.9710483054320017,0.284293979277342,0.45925422890103673,-2.801294706669262,0.010921906986277841,0.01358058661609499
adl-40-cam0-rgb,adl,139,246372,0.2829589247703552,0.46031129360198975,0.27295736968517303,0.3035823702812195,-3.6513421412306175,0.023348987102508545,0.011067450046539307,0.012281537055969238,0.9166297316551208,0.9733216861883799,0.2832964455539526,0.4601744615928428,-4.032301639589464,0.011132171337222625,0.012509800203434816
adl-40-cam0-rgb,adl,141,246438,0.2808902710676193,0.46126195788383484,0.2666057273745537,0.30474957823753357,-5.21481343770365,0.02331477403640747,0.012964770197868347,0.010350003838539124,0.9242174029350281,0.9750187695026398,0.281498723183617,0.4614478489666267,-5.218460162494067,0.0133827957304525,0.010811322921024241
adl-40-cam0-rgb,adl,143,246504,0.2802695631980896,0.46225614845752716,0.26127108931541443,0.30448757112026215,-6.866488339131309,0.02631467580795288,0.01628929376602173,0.010025382041931152,0.9253939986228943,0.9760549664497375,0.2791718631918292,0.4631032614093832,-6.169836487648401,0.017242239892998792,0.008715543815325851
adl-40-cam0-rgb,adl,145,246570,0.2767496705055237,0.4641808420419693,0.2578124850988388,0.30610357224941254,-6.831308174616488,0.027272790670394897,0.02082955837249756,0.006443232297897339,0.927066445350647,0.977339526017507,0.27663479703458316,0.46454079733008363,-6.7525861408359065,0.022182539137668905,0.0064661943099715395
adl-40-cam0-rgb,adl,147,246636,0.2736146003007889,0.4672839194536209,0.25442151725292206,0.3065735399723053,-6.810380270125522,0.032762229442596436,0.029054060578346252,0.003708168864250183,0.9295891523361206,0.9785662094751993,0.2744346551951904,0.46590623278896465,-7.090670946300472,0.02674438575387513,0.004084676891178274
adl-40-cam0-rgb,adl,149,246702,0.2717757299542427,0.4673735499382019,0.2524663358926773,0.30629757046699524,-6.835857136353556,0.034051090478897095,0.03197687119245529,0.002074219286441803,0.9345075488090515,0.9802220861117045,0.27209001782781594,0.46687997264779424,-6.973032554475056,0.03100545385054175,0.002332015632292922
adl-40-cam0-rgb,adl,151,246768,0.27023594826459885,0.46739715337753296,0.2509514316916466,0.3060542494058609,-6.8159448437267125,0.03386285901069641,0.0331534817814827,0.0007093772292137146,0.9373255968093872,0.9812164505322775,0.26990255303842126,0.46764260930416324,-6.6555455809399895,0.033590962586206745,0.0012056067972988265
adl-40-cam0-rgb,adl,153,246834,0.26902027428150177,0.4678756147623062,0.25067514926195145,0.3070146292448044,-6.506093732414424,0.0334283709526062,0.03410129249095917,0.0006729215383529663,0.9424605369567871,0.9827730158964793,0.2684207664101151,0.46825134709025806,-6.431013008112269,0.03445285871560434,0.0011994358458560254
adl-40-cam0-rgb,adl,155,246900,0.26645489782094955,0.46891506016254425,0.2498815879225731,0.3072557896375656,-5.853513508649986,0.0329681932926178,0.03536001592874527,0.002391822636127472,0.947379469871521,0.9842054148515066,0.26723719049583744,0.4692799667646352,-6.075951174325372,0.0338665287603031,0.001737637566281601
adl-40-cam0-rgb,adl,157,246966,0.2662084847688675,0.4713638722896576,0.25025132298469543,0.3079127073287964,-5.57591548383368,0.02954593300819397,0.03222458064556122,0.0026786476373672485,0.951756477355957,0.9853217403093973,0.26610418276869335,0.4712026036017894,-5.589782666366217,0.03351242317781815,0.0024962747122818218
adl-40-cam0-rgb,adl,159,247032,0.26561329513788223,0.4741167277097702,0.250656396150589,0.3088119179010391,-5.170085569761748,0.02908661961555481,0.03226646035909653,0.0031798407435417175,0.9562129378318787,0.9863001306851705,0.26536749367848067,0.4739709522300978,-4.969684803450101,0.03308110868001908,0.0031845725717998636
adl-40-cam0-rgb,adl,161,247098,0.26510174572467804,0.47819192707538605,0.25244827568531036,0.3107890784740448,-4.322593268839718,0.02863973379135132,0.032286569476127625,0.003646835684776306,0.9595363736152649,0.9865642090638479,0.2650109349197636,0.47815663519101675,-4.314618312157382,0.03257462443598416,0.0033751849681784014
adl-40-cam0-rgb,adl,163,247164,0.26475711911916733,0.4821544885635376,0.25410405546426773,0.3112344294786453,-3.566503787843025,0.02909475564956665,0.032647646963596344,0.0035528913140296936,0.9557901620864868,0.9865220189094543,0.26507094899168226,0.48352427335528514,-3.606165761590277,0.031708784207895156,0.0036327179956745738
adl-40-cam0-rgb,adl,165,247230,0.265775628387928,0.4886617213487625,0.25745251029729843,0.3135119825601578,-2.720649613204087,0.027794480323791504,0.030978016555309296,0.0031835362315177917,0.9421417117118835,0.9847547312577566,0.2654478228711459,0.48959092376552027,-2.829354093099341,0.030683249235153153,0.003249098018650364
adl-40-cam0-rgb,adl,167,247296,0.2662620097398758,0.4966430962085724,0.2595778629183769,0.3179163485765457,-2.1417891117598633,0.02610883116722107,0.029179677367210388,0.003070846199989319,0.9165388941764832,0.9809164106845856,0.26640583474785695,0.49554693834348085,-1.9613526824787875,0.02877809233092638,0.0025981694008364786
adl-40-cam0-rgb,adl,169,247362,0.2675938457250595,0.5014862418174744,0.2632972300052643,0.3232804387807846,-1.3811573882548698,0.02132508158683777,0.025612428784370422,0.004287347197532654,0.8986746668815613,0.9782585104306539,0.2681026580658822,0.5002875131962096,-1.3754581396211867,0.026147907107939416,0.0026070791663545517
adl-40-cam0-rgb,adl,171,247428,0.2703559845685959,0.5045439600944519,0.2678634002804756,0.3319246619939804,-0.8272808234610283,0.02147388458251953,0.02292032539844513,0.0014464408159255981,0.874912440776825,0.9746402104695638,0.27024767202732325,0.503403538491302,-0.9375983336937419,0.023197351725070474,0.003922081677428566
adl-40-cam0-rgb,adl,173,247494,0.272650845348835,0.5047935545444489,0.2720489278435707,0.3438723087310791,-0.21431086775947328,0.02597266435623169,0.020595602691173553,0.005377061665058136,0.8473495841026306,0.9702719648679098,0.2726211916187621,0.5051703368559537,-0.6840352993537042,0.020435975808085788,0.006829451430927613
adl-40-cam0-rgb,adl,175,247560,0.27579668909311295,0.5040559470653534,0.2731776237487793,0.3546723872423172,-1.0044346099173853,0.028505414724349976,0.017126254737377167,0.011379159986972809,0.794157087802887,0.9612484375635783,0.27545125405122667,0.5053441644488984,-0.6699655538288024,0.017420860821808548,0.011409538810129273
adl-40-cam0-rgb,adl,177,247626,0.27775922417640686,0.5045259594917297,0.27637825906276703,0.3633510321378708,-0.5604461827172091,0.03216832876205444,0.014978796243667603,0.01718953251838684,0.8021944761276245,0.9627891381581625,0.27820652952312863,0.5042932688931875,-0.6206616930632407,0.014398740644836818,0.016672244545443207
adl-40-cam0-rgb,adl,179,247692,0.280327707529068,0.5060776770114899,0.2789858430624008,0.372881144285202,-0.5771964794918012,0.034669071435928345,0.01203194260597229,0.022637128829956055,0.8145402073860168,0.9651128153006235,0.2805407830711563,0.503788510313281,-0.6001166644620912,0.011352760676955748,0.021979011917785098
adl-40-cam0-rgb,adl,181,247758,0.2829945981502533,0.5030255913734436,0.2819903716444969,0.38456234335899353,-0.4856912436993286,0.03472900390625,0.0079251229763031,0.0268038809299469,0.8198449611663818,0.9662131567796072,0.28231052618909147,0.5036686667890253,-0.13494174380228563,0.008874195768977643,0.025181801900977144
adl-40-cam0-rgb,adl,183,247824,0.2837289869785309,0.5026646256446838,0.2851874604821205,0.4036986976861954,0.8443140908583332,0.032930970191955566,0.006054222583770752,0.026876747608184814,0.8213087320327759,0.9665228426456451,0.28336882665430785,0.50491240207767,0.6759621163927959,0.00679022464014234,0.026834881763695598
adl-40-cam0-rgb,adl,185,247890,0.2838425934314728,0.5093884766101837,0.28575681149959564,0.42359378933906555,1.278149335200889,0.0320759117603302,0.005346357822418213,0.026729553937911987,0.8138471245765686,0.9654014805952708,0.2840906927982962,0.5077175873440574,1.513677686743117,0.004882998990290086,0.027476969541925335
adl-40-cam0-rgb,adl,187,247956,0.2833359092473984,0.5122118294239044,0.2875194624066353,0.44436921179294586,3.528708179418685,0.0312042236328125,0.005243226885795593,0.025960996747016907,0.7908247113227844,0.9615120788415273,0.2839945277997421,0.513558779573027,2.7027895962472765,0.00397157456193651,0.026613944794708477
adl-40-cam0-rgb,adl,189,248022,0.2831747978925705,0.5225180685520172,0.28762755542993546,0.45942163467407227,4.0367091236519554,0.029929161071777344,0.0032210499048233032,0.02670811116695404,0.7629321217536926,0.9564653933048248,0.2832722639044122,0.5227853270062113,4.2692495911889035,0.0038287348367951083,0.02523767086979627
adl-40-cam0-rgb,adl,191,248088,0.2826307862997055,0.5333114266395569,0.2880496233701706,0.47975580394268036,5.777608747309042,0.0296572744846344,0.003533110022544861,0.02612416446208954,0.7415071725845337,0.9521337250868479,0.28140852152011053,0.5361349279488312,6.163385739678553,0.004898372408631554,0.02572222228174082
adl-40-cam0-rgb,adl,193,248154,0.2796356678009033,0.5489090979099274,0.28791864961385727,0.49545110762119293,8.80758603041934,0.029872804880142212,0.006456255912780762,0.02341654896736145,0.6808782815933228,0.9402539829413096,0.2787899463014165,0.5493076248860455,8.311328570142674,0.006870184593644484,0.02685810493313385
adl-40-cam0-rgb,adl,195,248220,0.2767140418291092,0.5625663697719574,0.2878677099943161,0.5112952440977097,12.27306601917,0.03530402481555939,0.00843481719493866,0.026869207620620728,0.6134166121482849,0.9296644330024719,0.27721933241594904,0.5589032658250815,12.376997137640531,0.008090237270056942,0.027653827015068612
adl-40-cam0-rgb,adl,197,248286,0.2720280811190605,0.5784149169921875,0.2878758832812309,0.5241186320781708,16.27127684244744,0.04666583240032196,0.013154633343219757,0.0335111990571022,0.5522549748420715,0.9200592537720998,0.2756560266469462,0.5676829409160652,17.502822778398816,0.009526231091517904,0.02871169345332429
adl-40-cam0-rgb,adl,199,248352,0.2727353274822235,0.5745196640491486,0.2889339402318001,0.533741295337677,21.664729184254586,0.04335160553455353,0.01261061429977417,0.030740991234779358,0.5400776267051697,0.9113356471061707,0.2741000289944083,0.5756466501589973,23.688805492417536,0.011178166058027376,0.030031704247900914
adl-40-cam0-rgb,adl,201,248418,0.2752315551042557,0.5774497985839844,0.2925628498196602,0.5507301390171051,32.968835867225366,0.0398363322019577,0.01030983030796051,0.029526501893997192,0.5152401328086853,0.8978201448917389,0.2725513394583352,0.5827943935538777,30.9349452796967,0.013046042169585364,0.03161385939879848
fall-01-cam0-rgb,fall,1,249418,0.6606650352478027,0.4662660211324692,0.661441832780838,0.31077808141708374,0.28623988448924353,0.05448812246322632,0.04060643911361694,0.013881683349609375,0.5666235089302063,0.898511161406835,0.6613567213217412,0.4657271869254831,0.32641155911673425,0.03943800655278291,0.014835532325686825
fall-01-cam0-rgb,fall,3,249484,0.6600151658058167,0.4633442759513855,0.6595659852027893,0.311582088470459,-0.16958162022285944,0.05088794231414795,0.03662174940109253,0.01426619291305542,0.54433673620224,0.8968539734681448,0.6593134830395376,0.4634173673210719,-0.11525966772685997,0.0363665787559567,0.013370701128786256
fall-01-cam0-rgb,fall,5,249550,0.6581701934337616,0.4607842266559601,0.6568010747432709,0.31224390864372253,-0.5280889547931145,0.04663991928100586,0.033795684576034546,0.012844234704971313,0.5788497924804688,0.9034412602583567,0.6575379058009098,0.4614817451927567,-0.5164293472170344,0.03370201877959362,0.012064232054726901
fall-01-cam0-rgb,fall,7,249616,0.6556275486946106,0.4592239707708359,0.6540603637695312,0.31264033913612366,-0.6125490264966089,0.03771018981933594,0.026995956897735596,0.010714232921600342,0.5493059754371643,0.9003979365030924,0.6560299896058578,0.4599203205405374,-0.8770974793537891,0.03144432662369368,0.010916125103508754
fall-01-cam0-rgb,fall,9,249682,0.6547188758850098,0.45900973677635193,0.6520541906356812,0.31380555033683777,-1.051333896806137,0.038613080978393555,0.028812825679779053,0.009800255298614502,0.5394718050956726,0.9006134569644928,0.654789734454381,0.4587330933644135,-1.1972640641371228,0.029593502288256843,0.009926380275131805
fall-01-cam0-rgb,fall,11,249748,0.6537591814994812,0.4585295170545578,0.6491863131523132,0.31455154716968536,-1.8191533757725615,0.03965795040130615,0.030661165714263916,0.008996784687042236,0.5322681069374084,0.901158461968104,0.653588606810672,0.4581889543053385,-1.5240326734534841,0.02878823334520509,0.008782926188918922
fall-01-cam0-rgb,fall,13,249814,0.6528832018375397,0.4578668475151062,0.6484634578227997,0.31484493613243103,-1.770023295957831,0.03696036338806152,0.029265671968460083,0.00769469141960144,0.5753469467163086,0.9094217618306478,0.652968903640647,0.45788459008906246,-1.820829723621733,0.02811766702891424,0.008203146777627776
fall-01-cam0-rgb,fall,15,249880,0.6524304449558258,0.45757825672626495,0.6476851999759674,0.3156632333993912,-1.9150985267829257,0.03616267442703247,0.02830985188484192,0.007852822542190552,0.6154769659042358,0.9177020490169525,0.6526156307814948,0.45760160536218963,-2.0071081201429615,0.027500363913449333,0.00767374141907794
fall-01-cam0-rgb,fall,17,249946,0.6528677940368652,0.4572209119796753,0.6479394733905792,0.31471897661685944,-1.980741344288736,0.03151559829711914,0.023478209972381592,0.008037388324737549,0.6528229117393494,0.9254690905412039,0.6525367076520787,0.457296083757887,-1.9374540914637146,0.025383224347969115,0.007607996592790006
fall-01-cam0-rgb,fall,19,250012,0.6529433727264404,0.4571456015110016,0.648464173078537,0.31451115012168884,-1.7986883215451326,0.030877113342285156,0.023089051246643066,0.00778806209564209,0.6845319271087646,0.9315472344557444,0.6529102633783819,0.4570791683929817,-1.6233717798817846,0.022901699011459976,0.007866224814286983
fall-01-cam0-rgb,fall,21,250078,0.6529919505119324,0.45706304907798767,0.6498634517192841,0.3144344091415405,-1.2565571555960204,0.028603315353393555,0.021274268627166748,0.007329046726226807,0.7139541506767273,0.9375559190909067,0.6537060843401648,0.45702692582493665,-1.209651737474081,0.020655827346818242,0.008388544831957124
fall-01-cam0-rgb,fall,23,250144,0.6548053324222565,0.4570728838443756,0.6533279716968536,0.3141043037176132,-0.592042822527328,0.02886021137237549,0.01887759566307068,0.00998261570930481,0.7415525913238525,0.9433472752571106,0.654687272650854,0.4570841861493653,-0.6741491961925561,0.018693548131298685,0.008898752463328361
fall-01-cam0-rgb,fall,25,250210,0.6558735370635986,0.45701056718826294,0.6559245884418488,0.3135911524295807,0.02039492626182823,0.0268552303314209,0.016988635063171387,0.009866595268249512,0.7655880451202393,0.9482045372327169,0.6556256084473092,0.4572948102569161,-0.05322063973053596,0.017489692736497663,0.009824034068491538
fall-01-cam0-rgb,fall,27,250276,0.6568410098552704,0.4575330913066864,0.658035397529602,0.3136977553367615,0.4757648704825222,0.026536881923675537,0.01583722233772278,0.010699659585952759,0.7883509397506714,0.9530969659487406,0.6565149254871128,0.4575070197577078,0.4867091858830578,0.016257541133211782,0.011069713087825016
fall-01-cam0-rgb,fall,29,250342,0.6570959389209747,0.4577467143535614,0.659107506275177,0.31334005296230316,0.7980716723949736,0.027726173400878906,0.015789121389389038,0.011937052011489868,0.8090556263923645,0.9576002260049185,0.6571731569963091,0.4575836211442941,0.8348615050760843,0.015666370784049404,0.012511237101121363
fall-01-cam0-rgb,fall,31,250408,0.6571207046508789,0.45779527723789215,0.6602653861045837,0.3129083216190338,1.243374117705186,0.03013366460800171,0.01595836877822876,0.01417529582977295,0.8277348875999451,0.9616919557253519,0.6573627441476424,0.4575855478450843,1.07514303190547,0.015574975963278745,0.013867364301309937
fall-01-cam0-rgb,fall,33,250474,0.6571441292762756,0.45725518465042114,0.6599650084972382,0.310713067650795,1.1027854546783593,0.0312192440032959,0.015995442867279053,0.015223801136016846,0.8445208668708801,0.9653751452763876,0.6572314871079985,0.45726780328915684,1.2094935645336506,0.015795461414180253,0.015382825683205651
fall-01-cam0-rgb,fall,35,250540,0.6568682491779327,0.4565466642379761,0.6594350337982178,0.3085019737482071,0.9932891999279322,0.03287303447723389,0.016400545835494995,0.01647248864173889,0.8595021367073059,0.9686450660228729,0.6566946463925488,0.45660124854607953,1.1191235537252466,0.016397467552325403,0.01628041951171245
fall-01-cam0-rgb,fall,37,250606,0.6558991372585297,0.4562707394361496,0.6587464511394501,0.3065277338027954,1.08932908422172,0.034072697162628174,0.017290562391281128,0.016782134771347046,0.872154176235199,0.9713565707206726,0.6557035081056279,0.45576387043897143,0.9022327157612011,0.017619923982785352,0.016366284518014793
fall-01-cam0-rgb,fall,39,250672,0.6541360914707184,0.454965740442276,0.6557416021823883,0.3053317219018936,0.6147362667739664,0.03446054458618164,0.019087761640548706,0.015372782945632935,0.8840207457542419,0.9739883840084076,0.6541922463999157,0.4552671833213783,0.5077417071985797,0.019541499676642454,0.01525310081836979
fall-01-cam0-rgb,fall,41,250738,0.6520750820636749,0.4546714574098587,0.6514387130737305,0.3045819252729416,-0.24292859290088925,0.03534632921218872,0.02212652564048767,0.01321980357170105,0.8944159746170044,0.9763078391551971,0.65209875865416,0.45515287496568774,-0.0319161855141704,0.022137259766136896,0.012957249368940061
fall-01-cam0-rgb,fall,43,250804,0.6493737101554871,0.455004945397377,0.6479783058166504,0.3063235729932785,-0.5377165327004252,0.0362665057182312,0.02582371234893799,0.010442793369293213,0.901369035243988,0.977907677491506,0.6494414854101278,0.4553533004217843,-0.7310302881086197,0.0253871076808863,0.009395111561853634
fall-01-cam0-rgb,fall,45,250870,0.6464871168136597,0.45675478875637054,0.6426968574523926,0.3080327957868576,-1.4598974995600134,0.03518563508987427,0.02887827157974243,0.006307363510131836,0.909508228302002,0.9796881377696991,0.6463172451242214,0.45604270574076283,-1.5551886904356116,0.029187267476862084,0.006047441587819674
fall-01-cam0-rgb,fall,47,250936,0.642903208732605,0.45714712142944336,0.6368755400180817,0.3081716150045395,-2.316969484293453,0.03512144088745117,0.03240317106246948,0.0027182698249816895,0.9165259003639221,0.9812698562939962,0.6427545793902814,0.45726489601455145,-2.204648736892225,0.03341160282428125,0.004031043935131712
fall-01-cam0-rgb,fall,49,251002,0.6389039754867554,0.4581461250782013,0.6315825879573822,0.3088139146566391,-2.806822343569722,0.03497922420501709,0.03642427921295166,0.0014450550079345703,0.9213504195213318,0.9824209113915762,0.6388974807737184,0.458683188924025,-2.6483126875104035,0.03690841019927676,0.003677935956360453
fall-01-cam0-rgb,fall,51,251068,0.6348555982112885,0.4601168781518936,0.6265212893486023,0.3085631877183914,-3.1476648657971915,0.03400230407714844,0.03948470950126648,0.005482405424118042,0.9260623455047607,0.9834304451942444,0.6349119884627197,0.4599914748173249,-2.9099359512142957,0.038501184998136526,0.005379461622857421
fall-01-cam0-rgb,fall,53,251134,0.6307902336120605,0.46134456992149353,0.6233438849449158,0.3078262358903885,-2.776933694210405,0.030897855758666992,0.04029548168182373,0.009397625923156738,0.9315224885940552,0.9845616817474365,0.6310558919008666,0.4610043691866319,-2.9477253093900626,0.0381289280596233,0.008552933023089442
fall-01-cam0-rgb,fall,55,251200,0.6273476183414459,0.4622777849435806,0.6200312077999115,0.3072640597820282,-2.7022676687349123,0.022733449935913086,0.03524467349052429,0.012511223554611206,0.9375089406967163,0.9858230153719584,0.6275108465642631,0.4618512403010283,-2.8910513368175224,0.03488108644753818,0.011997609556495353
fall-01-cam0-rgb,fall,57,251266,0.6239681243896484,0.4622282534837723,0.6169287264347076,0.3067159354686737,-2.5917732041346007,0.012308835983276367,0.028248190879821777,0.01593935489654541,0.9422034025192261,0.9864864548047384,0.6241215240387681,0.46222041540847647,-2.7081378270780676,0.028770160881471798,0.015024662275851008
fall-01-cam0-rgb,fall,59,251332,0.6211717128753662,0.46236155927181244,0.6138176918029785,0.3050905764102936,-2.6772114297514156,0.005810141563415527,0.022591888904571533,0.016781747341156006,0.9388034343719482,0.9840125143527985,0.6208325363856881,0.46246987310322785,-2.407165768896556,0.021207439693021538,0.016852039795417266
fall-01-cam0-rgb,fall,61,251398,0.6178341805934906,0.4625001847743988,0.6113733351230621,0.3026885539293289,-2.3150861914465954,0.0037226080894470215,0.013845294713973999,0.01756790280342102,0.9372230768203735,0.9791970153649648,0.6174522328686396,0.4629144509891404,-2.02466683495317,0.014624888504738396,0.01851269022210849
fall-01-cam0-rgb,fall,63,251464,0.6139946281909943,0.46310967206954956,0.6097393929958344,0.3017956018447876,-1.5110305717906232,0.011654913425445557,0.007978945970535278,0.019633859395980835,0.9309254288673401,0.9785500168800354,0.6143301546057572,0.46364306152124873,-1.7016191307247412,0.010425992213286349,0.021077913510334924
fall-01-cam0-rgb,fall,65,251530,0.6107315719127655,0.46491067111492157,0.6076561510562897,0.30187375843524933,-1.0806616551931865,0.012833356857299805,0.007380098104476929,0.020213454961776733,0.9183796644210815,0.9768756727377573,0.6112019253241543,0.4644620847521399,-1.4056856625849976,0.008737339988931421,0.020093447073197438
fall-01-cam0-rgb,fall,67,251596,0.6074202358722687,0.4656836539506912,0.6047876477241516,0.2998097836971283,-0.9092663424770456,0.01089167594909668,0.011002451181411743,0.021894127130508423,0.9159259796142578,0.9771390358606974,0.6078898828008981,0.46508917147979006,-1.1306818571631476,0.009584757027687952,0.018753684057301746
fall-01-cam0-rgb,fall,69,251662,0.6053893566131592,0.4662553071975708,0.6010971665382385,0.2971216142177582,-1.45371155222709,0.006699800491333008,0.01333838701248169,0.020038187503814697,0.90376216173172,0.9752264320850372,0.6042857669390632,0.4659546283416411,-0.9932819927385936,0.012885108009561299,0.015740391882983096
fall-01-cam0-rgb,fall,71,251728,0.6004647016525269,0.4660385400056839,0.5977495908737183,0.29598386585712433,-0.9147127104437949,0.013422667980194092,0.017179906368255615,0.0037572383880615234,0.8664141893386841,0.9692561427752177,0.6002071303722654,0.4665258385531307,-0.8293607921425286,0.01747142417090277,0.011067873987800615
fall-01-cam0-rgb,fall,73,251794,0.5955817997455597,0.46695713698863983,0.5937753617763519,0.2942487895488739,-0.5992616975665371,0.012041747570037842,0.02218344807624817,0.010141700506210327,0.8774862885475159,0.9718530575434366,0.5958298845982646,0.4672208399999702,-0.6269672214408373,0.021964743152841314,0.007400311819918735
fall-01-cam0-rgb,fall,75,251860,0.5901377499103546,0.4696328490972519,0.5888928472995758,0.29338912665843964,-0.4047036586047411,0.023048579692840576,0.02690628170967102,0.0038577020168304443,0.8887763619422913,0.974448541800181,0.5909486295598918,0.4688577533929372,-0.4599300709724147,0.026533718103970247,0.0053279094107739275
fall-01-cam0-rgb,fall,77,251926,0.5849192142486572,0.4702513515949249,0.5851369202136993,0.2913031429052353,0.06970523431932882,0.03610360622406006,0.032522499561309814,0.003581106662750244,0.899319052696228,0.9768351217110952,0.5851697525678767,0.4716119250177815,-0.2305648668170607,0.03230635260606736,0.006550775074855581
fall-01-cam0-rgb,fall,79,251992,0.5800951421260834,0.47459933161735535,0.5790367722511292,0.29038725793361664,-0.32918287366361887,0.0469171404838562,0.036448270082473755,0.010468870401382446,0.9087005853652954,0.9788999855518341,0.5788553350673601,0.474535967686991,-0.12580220689066643,0.038966111161492026,0.009872042642527314
fall-01-cam0-rgb,fall,81,252058,0.5722400844097137,0.4796814024448395,0.5705967843532562,0.289496511220932,-0.49505412369181334,0.055398643016815186,0.04350116848945618,0.011897474527359009,0.9164792895317078,0.9805781245231628,0.5718057617480612,0.4784371842553598,-0.1898489840929835,0.04478308597168359,0.008966376255084929
fall-01-cam0-rgb,fall,83,252124,0.5632795095443726,0.4838137924671173,0.5628074109554291,0.2899307310581207,-0.139512977592231,0.06421589851379395,0.050881147384643555,0.01333475112915039,0.9237256050109863,0.9817466040452322,0.563856658997473,0.48352060315412804,-0.4079892003827347,0.04925662769383675,0.009008298704634484
fall-01-cam0-rgb,fall,85,252190,0.554899662733078,0.4864993840456009,0.553422212600708,0.2925664186477661,-0.4364911308438617,0.060064733028411865,0.05293592810630798,0.007128804922103882,0.9302271008491516,0.9819389681021372,0.5542112948832565,0.48898296019473564,-0.5145062162512444,0.050771565019310225,0.008636031702999416
fall-01-cam0-rgb,fall,87,252256,0.546518474817276,0.49647246301174164,0.5417436361312866,0.30402134358882904,-1.4212543462205482,0.04631912708282471,0.046626538038253784,0.00030741095542907715,0.9352521896362305,0.9808427691459656,0.54487371354392,0.4935761810768211,-0.6242484108632285,0.045485476781795486,0.007570932308832793
fall-01-cam0-rgb,fall,89,252322,0.5369605123996735,0.503294050693512,0.5310279726982117,0.31524547934532166,-1.8069628725365336,0.031181633472442627,0.03971192240715027,0.008530288934707642,0.9360687136650085,0.9788021743297577,0.537718737925285,0.5000850556345722,-1.4905351419404078,0.03523456237532871,0.007669167988228065
fall-01-cam0-rgb,fall,91,252388,0.5285477936267853,0.5078410804271698,0.5213136821985245,0.32802218198776245,-2.303765991156194,0.013114392757415771,0.02464178204536438,0.011527389287948608,0.9119648337364197,0.9709741671880087,0.5332390129308157,0.5087962715011647,-3.655903594195401,0.023846037202067155,0.007097509774294757
fall-01-cam0-rgb,fall,93,252454,0.5305658578872681,0.5189898908138275,0.5137396454811096,0.34982579946517944,-5.680344434891865,0.005418002605438232,0.0037143826484680176,0.00913238525390625,0.8648468255996704,0.961533804734548,0.5310304122311721,0.5243948114253735,-6.613957049064595,0.01317224061334286,0.00740205067576783
fall-01-cam0-rgb,fall,95,252520,0.5322743654251099,0.5435226261615753,0.49994269013404846,0.38054127991199493,-11.220464712122471,0.011754333972930908,0.004181087017059326,0.007573246955871582,0.816213071346283,0.9525534808635712,0.5305404905632969,0.5447442679307153,-10.492726024919701,0.0053353304470772295,0.007849843987138744
fall-01-cam0-rgb,fall,97,252586,0.5321470499038696,0.5681483149528503,0.4872569143772125,0.4184983968734741,-16.69754419199696,0.007945597171783447,0.005667507648468018,0.0022780895233154297,0.7417600154876709,0.9276584088802338,0.5281750090452496,0.5692820632354517,-15.009278422415191,0.0015408213520462927,0.00852269225822382
fall-01-cam0-rgb,fall,99,252652,0.5292969942092896,0.6094668805599213,0.47652363777160645,0.46658186614513397,-20.271277289805848,0.0061664581298828125,0.0011377334594726562,0.007304191589355469,0.6694180965423584,0.9028197924296061,0.5259606001439029,0.5986843287428731,-20.335084048813332,0.0006564336937743484,0.009181400811001328
fall-01-cam0-rgb,fall,101,252718,0.524927407503128,0.6338932514190674,0.4631894677877426,0.5093747973442078,-26.37283837977138,0.008529365062713623,0.0028399527072906494,0.011369317770004272,0.6031472086906433,0.8799977997938792,0.5238972638592571,0.6329510644529799,-26.47014290411414,0.002682167472261382,0.009825969645471276
fall-01-cam0-rgb,fall,103,252784,0.5181581377983093,0.6670039594173431,0.4483242779970169,0.5592127442359924,-32.937678872855564,0.019002795219421387,0.006800711154937744,0.012202084064483643,0.5437515377998352,0.8611928025881449,0.5219850001913122,0.6720822703657723,-33.414454988317615,0.007618022687507414,0.010456398761633661
fall-02-cam0-rgb,fall,89,256688,0.48890548944473267,0.9469131529331207,0.2344861626625061,1.0161094963550568,-105.21512865745818,0.002048790454864502,0.09733599424362183,0.09938478469848633,0.5389816164970398,0.8608777423699697,0.491332896279566,0.9479790488878881,-104.57587893211542,0.09857847573179183,0.0970716222669139
fall-02-cam0-rgb,fall,91,256754,0.49318939447402954,0.9418814778327942,0.24079660326242447,1.0001888573169708,-103.00817070738391,0.007463812828063965,0.09884804487228394,0.09138423204421997,0.5791877508163452,0.8699670235315958,0.4904129834789217,0.9427903066078817,-103.81016537027006,0.09983713672016603,0.09548819995287693
fall-02-cam0-rgb,fall,93,256820,0.490028977394104,0.9405876994132996,0.2488005831837654,0.9975830018520355,-103.29354980526047,0.0076680779457092285,0.10292959213256836,0.09526151418685913,0.6185786724090576,0.8789888719717661,0.4893712986147764,0.9387129617588855,-103.31575822067407,0.10071900697884618,0.09634530907456491
fall-02-cam0-rgb,fall,95,256886,0.48705877363681793,0.94034743309021,0.24994944781064987,0.9938406944274902,-102.7134215778444,0.007839739322662354,0.1072872132062912,0.09944747388362885,0.6562885046005249,0.8900256852308909,0.4882078416871301,0.9357470143408997,-103.09265748332747,0.10122408650783231,0.09964294963197788
fall-02-cam0-rgb,fall,97,256952,0.488864466547966,0.9314573407173157,0.25407083332538605,0.9874105453491211,-103.40403437544089,0.010717630386352539,0.09883250296115875,0.10955013334751129,0.6901293992996216,0.8995208044846853,0.48692261269598225,0.9338924643539234,-103.14086315823016,0.10135237530712427,0.1053811216251157
fall-02-cam0-rgb,fall,99,257018,0.48588545620441437,0.9295247793197632,0.25387832522392273,0.9871431887149811,-103.94710137673097,0.02711796760559082,0.09219108521938324,0.11930905282497406,0.7177683115005493,0.9055485328038534,0.48442903019133,0.9330670791012887,-103.74651321634508,0.10058230858344522,0.11628381437037397
fall-02-cam0-rgb,fall,101,257084,0.4825144410133362,0.9338071346282959,0.25329165160655975,0.9913004338741302,-104.08036894452665,0.017437219619750977,0.10410654544830322,0.1215437650680542,0.7141885161399841,0.9090882837772369,0.4827220570215408,0.93240839565471,-104.60560424764353,0.09989275083397359,0.12742579151025563
fall-02-cam0-rgb,fall,103,257150,0.47818778455257416,0.9356705844402313,0.24465355277061462,0.9976848661899567,-104.8714998514217,0.023965537548065186,0.1023227721452713,0.1262883096933365,0.6934507489204407,0.9082551995913187,0.4824934528761609,0.933873021860659,-104.83391403466766,0.09871438109513476,0.13420367532478256
fall-02-cam0-rgb,fall,105,257216,0.4840155690908432,0.9381844997406006,0.25027862191200256,1.0046501755714417,-105.8736854954873,0.06246286630630493,0.09701390564441681,0.15947677195072174,0.708149790763855,0.9130423863728842,0.48303946579173496,0.9368185244984436,-104.94485904738612,0.09738369800827709,0.14007085628839785
fall-02-cam0-rgb,fall,107,257282,0.4829932898283005,0.9388452768325806,0.24946696311235428,1.007190853357315,-106.31304060125773,0.04981178045272827,0.09817422926425934,0.1479860097169876,0.7020236253738403,0.9150716265042623,0.48436009576826333,0.9412449035680648,-104.938439285799,0.09590070157340067,0.1450273344011016
fall-02-cam0-rgb,fall,109,257348,0.4881882667541504,0.9476771056652069,0.24851740896701813,1.0049197375774384,-103.43279297165644,0.04904049634933472,0.09160751104354858,0.1406480073928833,0.708584189414978,0.9191282292207082,0.48645534280574615,0.9471521590695227,-104.81465474990635,0.09426539179050547,0.14907310966289386
fall-03-cam0-rgb,fall,1,258348,0.6373763084411621,0.46009497344493866,0.6296645402908325,0.30612215399742126,-2.8672778592407346,0.01535731554031372,0.02721536159515381,0.011858046054840088,0.9789295792579651,0.9943321943283081,0.6380982534451916,0.45981702045960854,-3.0580426830505374,0.026615355773405593,0.010644215706622955
fall-03-cam0-rgb,fall,3,258414,0.6366402208805084,0.4602718949317932,0.6296625435352325,0.30706851184368134,-2.607745080147121,0.011092603206634521,0.022069662809371948,0.010977059602737427,0.9673792719841003,0.9921513994534811,0.6359777757615752,0.46062926013361316,-2.437638808830219,0.02266809850028067,0.011175635547348945
fall-03-cam0-rgb,fall,5,258480,0.6350551247596741,0.46120625734329224,0.6293264329433441,0.307553768157959,-2.1351942028663182,0.009639501571655273,0.018918275833129883,0.00927877426147461,0.9465529918670654,0.9879736105600992,0.6341489614088296,0.461406729302623,-1.8665017166919382,0.01941947926690568,0.011304954584542807
fall-03-cam0-rgb,fall,7,258546,0.6325442492961884,0.4622550457715988,0.6290846168994904,0.3083021342754364,-1.2873350449224479,0.007222354412078857,0.016505807638168335,0.009283453226089478,0.9166861772537231,0.9822289943695068,0.6326118103869548,0.462149427966638,-1.344631406635695,0.01686949807328063,0.011032172818204542
fall-03-cam0-rgb,fall,9,258612,0.6304400265216827,0.4629132002592087,0.6287273466587067,0.30812889337539673,-0.6339487853703659,0.004283487796783447,0.016064077615737915,0.011780589818954468,0.9017548561096191,0.9794715344905853,0.63136632269595,0.46285735612565754,-0.8720278786614866,0.015018154919405498,0.010357290248334134
fall-03-cam0-rgb,fall,11,258678,0.6299392879009247,0.46401044726371765,0.6290846765041351,0.3058283030986786,-0.30954915931798355,0.0026505589485168457,0.014389842748641968,0.011739283800125122,0.8948587775230408,0.9782681961854299,0.6303613064609039,0.4636294108319585,-0.4424668293300724,0.014151689036067925,0.008914277925119759
fall-03-cam0-rgb,fall,13,258744,0.6301140189170837,0.46406692266464233,0.6294570863246918,0.302025243639946,-0.2322813425961445,0.002537369728088379,0.012484610080718994,0.009947240352630615,0.8938084840774536,0.9782532453536987,0.6296870778133334,0.4642995270815756,-0.03431709290426382,0.013853308958408616,0.006960654413545278
fall-03-cam0-rgb,fall,15,258810,0.6298165619373322,0.46426597237586975,0.6303524672985077,0.2992371767759323,0.18605848374428458,0.012829363346099854,0.013967305421829224,0.0011379420757293701,0.9015474319458008,0.9798644284407297,0.6292902973049121,0.4647968468857011,0.3195087764042112,0.013950959041521126,0.006130224311506585
fall-03-cam0-rgb,fall,17,258876,0.6291210055351257,0.46558837592601776,0.6307781934738159,0.29634828865528107,0.5610186203023096,0.019657790660858154,0.014507591724395752,0.005150198936462402,0.9100947380065918,0.9816173911094666,0.6288894532304812,0.46513821436213143,0.676649663593476,0.01399909198542176,0.007090445849802578
fall-03-cam0-rgb,fall,19,258942,0.6278079748153687,0.4656611382961273,0.6316436529159546,0.29440633952617645,1.2830672812637776,0.023770689964294434,0.014978110790252686,0.008792579174041748,0.9185033440589905,0.9833190937836965,0.6283574322343379,0.4652987592148052,1.0765787352794833,0.014173964014301033,0.010700385420869426
fall-03-cam0-rgb,fall,21,259008,0.627499133348465,0.465273380279541,0.6317777931690216,0.2907315045595169,1.4042478999071324,0.03316223621368408,0.014454752206802368,0.018707484006881714,0.9261783957481384,0.9848417639732361,0.627790217146728,0.46528085253455354,1.3870480070868068,0.014222603984725402,0.016215199644947442
fall-03-cam0-rgb,fall,23,259074,0.62722247838974,0.4652121365070343,0.6317192018032074,0.28905919194221497,1.4622936424021382,0.037329137325286865,0.013570010662078857,0.023759126663208008,0.9329477548599243,0.9861079951127371,0.6272920615229247,0.4651465673983348,1.5008155834192514,0.013938102629277593,0.02273086293951254
fall-03-cam0-rgb,fall,25,259140,0.6268732249736786,0.4652886390686035,0.6314763426780701,0.2882932722568512,1.4897552671077527,0.040917813777923584,0.013806551694869995,0.02711126208305359,0.9390954971313477,0.9871522188186646,0.6266123466677471,0.465325265671267,1.4477963205198217,0.014150514231099691,0.026363710562388062
fall-03-cam0-rgb,fall,27,259206,0.6257719099521637,0.4653777778148651,0.6289412677288055,0.28824785351753235,1.0250749545172562,0.04247152805328369,0.014920681715011597,0.027550846338272095,0.9448187947273254,0.9879858295122782,0.6255600104084253,0.4662963644121626,1.0554790301083348,0.015054097423305737,0.027590358412110917
fall-03-cam0-rgb,fall,29,259272,0.6240082085132599,0.4672485738992691,0.6258710622787476,0.288028284907341,0.595523060695259,0.04391831159591675,0.01692923903465271,0.026989072561264038,0.9500211477279663,0.9888154168923696,0.6239927818764847,0.4678010718647013,0.4219512979714243,0.016834893009879347,0.02613939196516421
fall-03-cam0-rgb,fall,31,259338,0.6211925745010376,0.46998369693756104,0.6209152638912201,0.2881511151790619,-0.08738101326292208,0.042310118675231934,0.01999497413635254,0.022315144538879395,0.9548555016517639,0.9896111885706583,0.6213795607224162,0.4692938752891691,-0.3681414396623853,0.019999164265471592,0.023080220986238256
fall-03-cam0-rgb,fall,33,259404,0.6182389557361603,0.4716084152460098,0.613762229681015,0.2876700460910797,-1.3942000408532333,0.04205048084259033,0.02348831295967102,0.01856216788291931,0.9592410922050476,0.9904798765977224,0.6178840950970002,0.4706930471705145,-1.1805202050273191,0.02427091768809724,0.018780951376085132
fall-03-cam0-rgb,fall,35,259470,0.6146824061870575,0.4719017595052719,0.6077975332736969,0.28334228694438934,-2.0911121085952518,0.04265838861465454,0.028012067079544067,0.014646321535110474,0.9629368185997009,0.9908974170684814,0.6137924858759999,0.47183751453568856,-1.7715048448189488,0.029339198297236347,0.013254710219123129
fall-03-cam0-rgb,fall,37,259536,0.6085140705108643,0.47157031297683716,0.6011174023151398,0.2793021500110626,-2.2031155725462837,0.042929112911224365,0.034690916538238525,0.00823819637298584,0.9661129713058472,0.9909879068533579,0.6092142952985053,0.4724138424252012,-2.113498929952377,0.03423239839025385,0.008245053487422651
fall-03-cam0-rgb,fall,39,259602,0.6044999361038208,0.4724239408969879,0.5971188843250275,0.27739110589027405,-2.167334472602765,0.042727887630462646,0.03861027956008911,0.004117608070373535,0.9693215489387512,0.9916638930638632,0.6047981267883655,0.47242509293091695,-2.18904208181232,0.037429647786276624,0.004723487736342783
fall-03-cam0-rgb,fall,41,259668,0.6004742085933685,0.4727960228919983,0.594381183385849,0.2756184935569763,-1.7699459740009955,0.04023158550262451,0.04020431637763977,2.726912498474121e-05,0.9721882343292236,0.9923879404862722,0.6006233690879037,0.47220113841228084,-1.986655778206563,0.03811431666473284,0.0029610223842389616
fall-03-cam0-rgb,fall,43,259734,0.5965910851955414,0.47242753207683563,0.5909303426742554,0.2739972174167633,-1.6340684360676403,0.033767759799957275,0.03757980465888977,0.003812044858932495,0.9745895862579346,0.9930128157138824,0.5969158884508776,0.4719367474962616,-1.7012507818677085,0.03650836291767297,0.0033240660186453783
fall-03-cam0-rgb,fall,45,259800,0.5944898426532745,0.47152137756347656,0.5891992449760437,0.27094459533691406,-1.5109358328793794,0.026311218738555908,0.03196343779563904,0.00565221905708313,0.9755507111549377,0.9932647248109182,0.5938932653113353,0.4716712244790347,-1.3509577562995467,0.03332035288666229,0.005344687086163138
fall-03-cam0-rgb,fall,47,259866,0.5912057757377625,0.4715047627687454,0.5876914262771606,0.2688967138528824,-0.9937275568598798,0.01915264129638672,0.028124451637268066,0.008971810340881348,0.9752405881881714,0.9933363199234009,0.5910090967948294,0.4721385437946808,-0.9256184320894691,0.030192803897898905,0.008142030987388632
fall-03-cam0-rgb,fall,49,259932,0.5885459184646606,0.472522497177124,0.5869151055812836,0.2669011354446411,-0.45441162088564896,0.01646190881729126,0.02733755111694336,0.0108756422996521,0.9724252223968506,0.9930399258931478,0.5887374004502308,0.4735089253424559,-0.4612057381351355,0.027605100498570984,0.010990256483936705
fall-03-cam0-rgb,fall,51,259998,0.5867806971073151,0.47474081814289093,0.5872743129730225,0.2654530256986618,0.1351347493009679,0.015684902667999268,0.026839762926101685,0.011154860258102417,0.9711407423019409,0.9930229981740316,0.5869752776313129,0.4752992558659922,0.08264035420230659,0.026318709700654558,0.011240115542432427
fall-03-cam0-rgb,fall,53,260064,0.5855954885482788,0.47908593714237213,0.587751716375351,0.26449795067310333,0.5757013639949506,0.014456331729888916,0.026609301567077637,0.01215296983718872,0.9673035740852356,0.9925422966480255,0.5858851402868948,0.47741172362715584,0.5503128326094612,0.02586262334476814,0.009685589379562431
fall-03-cam0-rgb,fall,55,260130,0.5859022438526154,0.47991223633289337,0.5894108712673187,0.26226967573165894,0.9235883359664978,0.015009582042694092,0.024952203035354614,0.009942620992660522,0.9620421528816223,0.9918112953503927,0.5857594401547395,0.47926588221029737,0.8434372759200977,0.025420349268686165,0.007701779727811926
fall-03-cam0-rgb,fall,57,260196,0.5859721601009369,0.4796786904335022,0.5904463231563568,0.2564457654953003,1.1482013349949582,0.021121442317962646,0.024747580289840698,0.0036261379718780518,0.9582000374794006,0.9912293354670206,0.586218852114367,0.48058011340888473,1.0509057836402067,0.024688601106792267,0.006715366205611777
fall-03-cam0-rgb,fall,59,260262,0.5875083804130554,0.4811200648546219,0.5916714668273926,0.2527792751789093,1.044495194672533,0.027835428714752197,0.023420095443725586,0.004415333271026611,0.9539961218833923,0.9905874133110046,0.5872778985407436,0.48098825821370716,1.172011065526018,0.023566189524415217,0.00819642719252284
fall-03-cam0-rgb,fall,61,260328,0.5885457992553711,0.48123200237751007,0.5930738747119904,0.24955358356237411,1.1196838579746031,0.034636735916137695,0.022579073905944824,0.012057662010192871,0.9566906690597534,0.9911400775114695,0.5885501478141512,0.48090303537649437,1.2672670979498446,0.02222819529570539,0.012125832435888629
fall-03-cam0-rgb,fall,63,260394,0.5896995961666107,0.48129668831825256,0.5953679382801056,0.2456430345773697,1.3779097456288072,0.04005599021911621,0.021033555269241333,0.019022434949874878,0.9600639343261719,0.9917767147223154,0.5898964828226981,0.481097019402495,1.324557053605282,0.020493971837031347,0.018449146768231388
fall-03-cam0-rgb,fall,65,260460,0.5915593504905701,0.48079681396484375,0.5971707403659821,0.24062199890613556,1.338402096321436,0.04571235179901123,0.018268048763275146,0.027444303035736084,0.9635925889015198,0.9924302498499552,0.5912366126264836,0.4812967823697368,1.3215302176193404,0.018422761907825196,0.025582609625605754
fall-03-cam0-rgb,fall,67,260526,0.5920006930828094,0.48204395174980164,0.5974881649017334,0.23821773380041122,1.2892621267071993,0.04835855960845947,0.016748934984207153,0.03160962462425232,0.9670181274414062,0.9929737150669098,0.5923660980674603,0.48177223004303904,1.1945091432856936,0.016437463430099133,0.030976556338273037
fall-03-cam0-rgb,fall,69,260592,0.5931054055690765,0.4828437268733978,0.5971922874450684,0.2370000183582306,0.9523917345350764,0.048324763774871826,0.014313310384750366,0.03401145339012146,0.9701110124588013,0.9932609796524048,0.5930402146015323,0.48329272537262336,0.9211000639614615,0.014978141366661347,0.0336977647238479
fall-03-cam0-rgb,fall,71,260658,0.5931361615657806,0.4844382256269455,0.5950234234333038,0.2346360683441162,0.4328628853904138,0.04851651191711426,0.014384061098098755,0.0341324508190155,0.9729130864143372,0.9934800068537394,0.5930259439336265,0.4856114028852216,0.4446825849124534,0.014327352181141489,0.034441706164058616
fall-03-cam0-rgb,fall,73,260724,0.5926745235919952,0.4881603270769119,0.5916393995285034,0.23391830176115036,-0.23327344224258753,0.04832148551940918,0.014798730611801147,0.03352275490760803,0.9754915833473206,0.9939108292261759,0.5921138101841972,0.48804798077195166,-0.17945458460152117,0.015017125771675254,0.033306452619048896
fall-03-cam0-rgb,fall,75,260790,0.5901605784893036,0.49140143394470215,0.5869241654872894,0.23296000808477402,-0.7174666864354554,0.04808187484741211,0.01729908585548401,0.0307827889919281,0.9777916669845581,0.994253029425939,0.5902280794593671,0.4897802494047001,-0.8931985348878401,0.017178379354022773,0.031090063708169073
fall-03-cam0-rgb,fall,77,260856,0.5877152979373932,0.49230609834194183,0.5800870060920715,0.2282925471663475,-1.6550186887591407,0.048198044300079346,0.01989606022834778,0.028301984071731567,0.9796273708343506,0.9941896001497904,0.5874808408739238,0.4911436764321795,-1.6367298405072432,0.02088907412636329,0.02810311872205689
fall-03-cam0-rgb,fall,79,260922,0.5842190384864807,0.4914485961198807,0.5731957256793976,0.22321388870477676,-2.353290184508709,0.0500221848487854,0.02531224489212036,0.02470993995666504,0.9811857342720032,0.9940054814020792,0.5840775293189201,0.4923888337818568,-2.247587509934827,0.025363449668471393,0.024602011426702687
fall-03-cam0-rgb,fall,81,260988,0.5801841914653778,0.4914630055427551,0.5669208616018295,0.2169216349720955,-2.765857969166823,0.05172830820083618,0.03116437792778015,0.02056393027305603,0.9815074801445007,0.9940337240695953,0.5804273217787466,0.4932177820892038,-2.651460693289839,0.030372614210302136,0.020687185066602932
fall-03-cam0-rgb,fall,83,261054,0.5775586068630219,0.4940757751464844,0.5622267872095108,0.21197674423456192,-3.1109116488572854,0.053671300411224365,0.03614643216133118,0.01752486824989319,0.9800189137458801,0.9940070609251658,0.5773349021162297,0.4937485462272315,-2.93221354506858,0.035093583456881586,0.01727575360438522
fall-03-cam0-rgb,fall,85,261120,0.5742681324481964,0.49669332802295685,0.5598183870315552,0.2063967064023018,-2.849591174730487,0.05437421798706055,0.04042437672615051,0.013949841260910034,0.979287326335907,0.9940701921780905,0.5749663264204405,0.494690701300963,-3.04423072266574,0.03966062512748679,0.014411157343810752
fall-03-cam0-rgb,fall,87,261186,0.5731415450572968,0.4964541792869568,0.5583316385746002,0.19939084351062775,-2.854082186967081,0.056789398193359375,0.045102983713150024,0.01168641448020935,0.9806816577911377,0.9944846530755361,0.5733783990789794,0.49658196835548774,-3.121589960520046,0.04625393430907998,0.01227512529918124
fall-03-cam0-rgb,fall,89,261252,0.5735984444618225,0.49671024084091187,0.5568583607673645,0.19435150176286697,-3.168944078537576,0.062398552894592285,0.050321221351623535,0.01207733154296875,0.981921911239624,0.9947640299797058,0.5727863385305768,0.4988289478666331,-3.101007809249654,0.054392594924736776,0.01108799055541231
fall-03-cam0-rgb,fall,91,261318,0.5740049481391907,0.5004764497280121,0.557393342256546,0.193245567381382,-3.0949006169884226,0.07157671451568604,0.059893786907196045,0.01168292760848999,0.9831826090812683,0.9947514832019806,0.573044529079874,0.5012072086076191,-2.874986382826271,0.0627261551169605,0.010578511726288552
fall-03-cam0-rgb,fall,93,261384,0.5749068558216095,0.505107194185257,0.5592648684978485,0.19166312366724014,-2.856895625015093,0.08683562278747559,0.07447180151939392,0.012363821268081665,0.9801511168479919,0.9940014183521271,0.5753705840864214,0.5039258304483439,-2.498558935065871,0.06910941365993374,0.012427715641079511
fall-03-cam0-rgb,fall,95,261450,0.57920902967453,0.5068216025829315,0.5676267743110657,0.18755506724119186,-2.0776479352022927,0.09096157550811768,0.07474273443222046,0.016218841075897217,0.9725417494773865,0.9927396277586619,0.580510729448103,0.5071965904978954,-2.1476224695087627,0.07102762762602263,0.017982278938417286
fall-03-cam0-rgb,fall,97,261516,0.5858703851699829,0.5082253217697144,0.5780283510684967,0.18280712515115738,-1.3804652440500709,0.0920485258102417,0.06919217109680176,0.02285635471343994,0.9649330973625183,0.9913997848828634,0.5882590547268516,0.5077939401199284,-1.857421908872817,0.06787094048091333,0.02727162192910261
fall-03-cam0-rgb,fall,99,261582,0.5984368026256561,0.5080196261405945,0.59007528424263,0.17386708408594131,-1.433416474420088,0.09682869911193848,0.058683544397354126,0.03814515471458435,0.9379217028617859,0.9863643944263458,0.5981656023950279,0.5059953357105125,-1.7945432417793148,0.059876807840355456,0.039530408330809966
fall-03-cam0-rgb,fall,101,261648,0.6116288006305695,0.5053863227367401,0.5979067981243134,0.1638648509979248,-2.3008514221414496,0.09988206624984741,0.04595503211021423,0.05392703413963318,0.9128105640411377,0.9816110829512278,0.609503722810125,0.5036873943877935,-1.9515141025324667,0.04850454686524025,0.05270186389163451
fall-03-cam0-rgb,fall,103,261714,0.6209410727024078,0.49500852823257446,0.6073777079582214,0.15900739282369614,-2.311604871336136,0.10058814287185669,0.03740546107292175,0.06318268179893494,0.8979241251945496,0.9785474538803101,0.6202830131693827,0.5000610334145551,-2.1520477623445515,0.03822852793710051,0.06062656757119405
fall-03-cam0-rgb,fall,105,261780,0.6299977898597717,0.49530676007270813,0.6151809990406036,0.15448950976133347,-2.489326314061965,0.09407305717468262,0.029107630252838135,0.06496542692184448,0.8994635939598083,0.9783226648966471,0.6299988710002973,0.4950256570206053,-2.298058811117044,0.028336499160502338,0.0601058788113779
fall-03-cam0-rgb,fall,107,261846,0.6388994455337524,0.49478234350681305,0.6242757439613342,0.14207568764686584,-2.374201750448841,0.07686322927474976,0.019755125045776367,0.05710810422897339,0.8995221853256226,0.9769678910573324,0.6380425050403122,0.48987323471477984,-2.2968993626890457,0.019353701051695496,0.04940692957861592
fall-03-cam0-rgb,fall,109,261912,0.6445941925048828,0.4848800301551819,0.6327909231185913,0.13378255814313889,-1.9254565301118807,0.04569578170776367,0.013731300830841064,0.03196448087692261,0.8967956304550171,0.9737481276194254,0.6456665984995944,0.4853663248417175,-2.30741740085828,0.011857323832326105,0.03487728478072521
fall-03-cam0-rgb,fall,111,261978,0.6532005369663239,0.4808728098869324,0.6388663351535797,0.1296650804579258,-2.3371743348157983,0.017379164695739746,0.0038073956966400146,0.013571768999099731,0.9002819657325745,0.9717320402463278,0.6537812771477214,0.4839941766354938,-2.5047919633415088,0.005560280311675292,0.020461216246410854
fall-03-cam0-rgb,fall,113,262044,0.6611361801624298,0.48157282173633575,0.6439325213432312,0.12295716255903244,-2.746511241911315,0.0021867752075195312,0.00037595629692077637,0.0018108189105987549,0.8816444277763367,0.9629598160584768,0.6608769513053803,0.4832767621005245,-2.69419470421448,0.0009722388409948975,0.009454630799107726
fall-03-cam0-rgb,fall,115,262110,0.6703940629959106,0.4842817038297653,0.649156928062439,0.11837662756443024,-3.3217211645019664,0.009287059307098389,0.0015109777450561523,0.007776081562042236,0.8218164443969727,0.9501105348269144,0.6695441826855455,0.4865205874303712,-3.00991678935275,0.0007695154452220722,0.002615818858662724
fall-03-cam0-rgb,fall,117,262176,0.6782944798469543,0.4937587231397629,0.6559750139713287,0.10916711390018463,-3.321389219159473,0.008776605129241943,0.0034816861152648926,0.005294919013977051,0.7587814927101135,0.9349388281504313,0.6792001721662866,0.49056391185754233,-3.3232243575159677,0.007211504302499604,0.001843423296362806
fall-03-cam0-rgb,fall,119,262242,0.6839796602725983,0.49488240480422974,0.6618266105651855,0.09458662942051888,-3.1676147981722935,0.013688981533050537,0.009624630212783813,0.004064351320266724,0.721813976764679,0.9276907543341318,0.6890103792473341,0.4928654887717516,-3.583998041608937,0.016348017887635638,0.0044571815373061485
fall-03-cam0-rgb,fall,121,262308,0.7000752091407776,0.5007135272026062,0.6735555231571198,0.07695907726883888,-3.581052708064694,0.025489985942840576,0.02648329734802246,0.0009933114051818848,0.689083993434906,0.9197997748851776,0.695441956514919,0.49538772040373247,-3.3289897370398247,0.02131170666579041,0.005688375595844146
fall-03-cam0-rgb,fall,123,262374,0.7036338150501251,0.49126677215099335,0.6783370971679688,0.05865509435534477,-3.34652685831116,0.02873837947845459,0.03769990801811218,0.008961528539657593,0.6704638004302979,0.9163785179456075,0.7103986883318258,0.49368522629077227,-2.14455514168187,0.021836201994966088,-0.0013523281136632406
fall-03-cam0-rgb,fall,125,262440,0.7050839364528656,0.4963335245847702,0.6810363233089447,0.049096036702394485,-3.077785854720076,0.009600698947906494,0.02291145920753479,0.013310760259628296,0.6254065632820129,0.9021679957707723,0.7072768443590625,0.49711443748308914,-2.2205962681054965,0.02206132396475058,0.008668462951461982
fall-03-cam0-rgb,fall,127,262506,0.6963011026382446,0.5088755190372467,0.6868632435798645,0.04044385068118572,-1.1542267029535391,0.002649962902069092,0.008803009986877441,0.00615304708480835,0.5740486979484558,0.8877670665582021,0.6890939285744826,0.5080076148370637,-3.365191974406856,0.023425454959208798,0.02665566211138965
fall-03-cam0-rgb,fall,129,262572,0.7042906582355499,0.5125885605812073,0.6846196055412292,0.025883627589792013,-2.3144519959649834,0.0014418363571166992,0.01718422770500183,0.015742391347885132,0.5307039022445679,0.8744726975758871,0.6602072433217769,0.5261502413651636,-5.712256856857998,0.026411267715099017,0.0447666401212865
fall-03-cam0-rgb,fall,159,263562,0.5904646813869476,0.5642618238925934,0.5274560749530792,0.25167685747146606,-11.396551447777714,0.06283438205718994,0.039224714040756226,0.10205909609794617,0.5103930234909058,0.8393973509470621,0.6285139757059344,0.556124746089889,-8.795559629223662,0.03260714886508458,0.05605876587686076
fall-03-cam0-rgb,fall,161,263628,0.5801805853843689,0.5921806693077087,0.5136009752750397,0.30676625669002533,-13.130769385834117,0.025988459587097168,0.0514560341835022,0.07744449377059937,0.543623685836792,0.8508604168891907,0.5980949299289027,0.5933371999692083,-12.040857916295797,0.043055857092271055,0.06149088039800709
fall-03-cam0-rgb,fall,163,263694,0.5731973946094513,0.6299663186073303,0.5018722712993622,0.3718154728412628,-15.445072657795171,0.0021587610244750977,0.05535039305686951,0.05319163203239441,0.5826593041419983,0.8631718556086222,0.5724199549718327,0.6331447836382555,-14.822494213563548,0.05228858760425015,0.061709122353301844
fall-03-cam0-rgb,fall,165,263760,0.5633334219455719,0.6802746951580048,0.4954455941915512,0.42672616243362427,-14.989394985950758,0.015873730182647705,0.054916709661483765,0.03904297947883606,0.6092948913574219,0.8718310495217642,0.5522891134023658,0.6740549433799008,-15.631395211594473,0.06012916223053283,0.05588845766725986
fall-03-cam0-rgb,fall,167,263826,0.5478147268295288,0.7169006764888763,0.4872989356517792,0.48306411504745483,-14.509540880924972,0.015488266944885254,0.06135523319244385,0.045866966247558594,0.5977747440338135,0.8720729847749075,0.5424987059650992,0.7114539630227265,-14.114541010516875,0.06804594668475054,0.05050624526424319
fall-03-cam0-rgb,fall,169,263892,0.5217464715242386,0.7440769374370575,0.47339414060115814,0.5340301394462585,-12.963532967652698,0.008395969867706299,0.07190810143947601,0.06351213157176971,0.6269304752349854,0.8826219836870829,0.517935169336599,0.7521338818909276,-12.572380226846057,0.0737150524343762,0.06710749851676799
fall-03-cam0-rgb,fall,171,263958,0.489261269569397,0.7855440974235535,0.4544258266687393,0.5838110446929932,-9.797268052435314,0.0003382563591003418,0.09124690294265747,0.09158515930175781,0.6412134766578674,0.8891137540340424,0.49034569435047304,0.7934231750376801,-10.295066573458108,0.07844074328482398,0.08937098318106156
fall-03-cam0-rgb,fall,173,264024,0.45208361744880676,0.8289191722869873,0.42599375545978546,0.6299277544021606,-7.469472107493203,0.03290075063705444,0.09187087416648865,0.12477162480354309,0.6720061302185059,0.8991949160893759,0.4607876514717607,0.827454722675925,-8.093244776242345,0.08384656970635108,0.11140413962917395
fall-03-cam0-rgb,fall,175,264090,0.43266716599464417,0.8627175390720367,0.4082484096288681,0.6516557037830353,-6.599482678190301,0.060058414936065674,0.07857319712638855,0.13863161206245422,0.7014560699462891,0.9086415668328603,0.43175003500211745,0.8541324852090881,-5.924662294240116,0.09479268224208373,0.13365688068526113
fall-03-cam0-rgb,fall,177,264156,0.4115094095468521,0.8861891031265259,0.39622342586517334,0.6621575355529785,-3.9033204446245606,0.05437016487121582,0.09399931132793427,0.14836947619915009,0.728005051612854,0.9171984493732452,0.4056340473425847,0.8720445483277874,-4.228127756553946,0.0928798937823348,0.16372838222877262
fall-03-cam0-rgb,fall,179,264222,0.3825158327817917,0.8721166253089905,0.3717876374721527,0.6786831021308899,-3.174481890599392,0.05432617664337158,0.11845214664936066,0.17277832329273224,0.7479187250137329,0.9240506788094839,0.3841166741404177,0.880021410329,-3.287485153355811,0.10947927742293372,0.18678629862797697
fall-03-cam0-rgb,fall,181,264288,0.36222508549690247,0.8719603717327118,0.35566049814224243,0.7046683728694916,-2.2471503647183777,0.07175421714782715,0.14555004239082336,0.2173042595386505,0.7707910537719727,0.931225965420405,0.36668671693378657,0.8812390700047137,-3.0169465867151555,0.14702337393254922,0.20308663763783164
fall-03-cam0-rgb,fall,183,264354,0.3475203663110733,0.8776168525218964,0.3415391445159912,0.7309791743755341,-2.335749609059151,0.12488704919815063,0.12904362380504608,0.2539306730031967,0.7881240844726562,0.9371436933676401,0.3495111909908645,0.8794776544426414,-2.007648256266245,0.18958713243275982,0.22199619016347993
fall-03-cam0-rgb,fall,185,264420,0.3387513607740402,0.8817548155784607,0.3327018469572067,0.756287157535553,-2.760419644761768,0.04620856046676636,0.2649278789758682,0.21871931850910187,0.8005842566490173,0.941875825325648,0.33392876135064364,0.8766429597165148,-2.0172451600124957,0.22105767968155055,0.2428554786103109
fall-03-cam0-rgb,fall,187,264486,0.32588866353034973,0.8779075145721436,0.32130318880081177,0.7579221427440643,-2.18860473608791,0.03916668891906738,0.27669915556907654,0.23753246665000916,0.7355621457099915,0.9291714032491049,0.3213457378087101,0.8746404299488303,-0.7666232708596223,0.23749742898848114,0.26023817184941556
fall-03-cam0-rgb,fall,189,264552,0.3083237558603287,0.8703002631664276,0.31230035424232483,0.7528432905673981,1.9390531429834228,0.041917622089385986,0.23964332044124603,0.281560942530632,0.7003971338272095,0.9241906305154165,0.31090361157278945,0.8696065732152934,0.04945030032829578,0.23676110842785242,0.27275608557385245
fall-03-cam0-rgb,fall,191,264618,0.2970844656229019,0.8593047857284546,0.2931499183177948,0.7480190098285675,-2.024868793842802,0.092349112033844,0.21031497418880463,0.3026640862226486,0.702756941318512,0.9265923599402109,0.3025408667790421,0.8624438154490983,-0.5071687241709182,0.23113058326822303,0.2846915771563844
fall-03-cam0-rgb,fall,193,264684,0.2969993054866791,0.8521628379821777,0.3017433434724808,0.7502458691596985,2.665084113869682,0.10534214973449707,0.19656315445899963,0.3019053041934967,0.6680964827537537,0.9200468957424164,0.2967584909814772,0.8559418306464228,-1.369496605905595,0.2143140620999519,0.30100175106164134
fall-03-cam0-rgb,fall,195,264750,0.29878664016723633,0.8537522852420807,0.29043425619602203,0.7469904124736786,-4.473353356148335,0.09595489501953125,0.2022506594657898,0.29820555448532104,0.6841477751731873,0.9249515136082967,0.29590387771397914,0.8516386490621596,-3.251815467151328,0.21999056211539647,0.3048739044310206
fall-03-cam0-rgb,fall,197,264816,0.2975601702928543,0.8489928543567657,0.2794913500547409,0.7266323268413544,-8.40008686260396,0.04387187957763672,0.2536010593175888,0.2974729388952255,0.667487621307373,0.9233813385168711,0.2985060356912155,0.8489047055378609,-5.3540691586380085,0.2386067997325547,0.30212375431349736
fall-03-cam0-rgb,fall,199,264882,0.3000599592924118,0.8487006723880768,0.2869144231081009,0.7180984318256378,-5.7476469806317665,0.027973055839538574,0.27624286711215973,0.3042159229516983,0.6886871457099915,0.9288981060187022,0.30148050259976117,0.8469947037242695,-7.0349904752979775,0.25932073638294645,0.3009510225418838
fall-03-cam0-rgb,fall,201,264948,0.30608393251895905,0.8461057841777802,0.28598999977111816,0.7145934998989105,-8.687111617918887,0.024676501750946045,0.27540265023708344,0.3000791519880295,0.683356523513794,0.9293845295906067,0.30363727964106013,0.8459250705066685,-9.18512443728383,0.2751923460852012,0.3014304067020288
fall-03-cam0-rgb,fall,203,265014,0.3060717135667801,0.8433859050273895,0.2883687913417816,0.7218875288963318,-8.28994561562874,0.02658224105834961,0.27616922557353973,0.30275146663188934,0.6968539953231812,0.9329632520675659,0.3053126337079254,0.8451301100708177,-9.00642880640606,0.28266042064536656,0.3017193918233306
fall-03-cam0-rgb,fall,205,265080,0.3061193376779556,0.8438043594360352,0.28519606590270996,0.7360371053218842,-10.987417039407134,0.022077620029449463,0.27942274510860443,0.3015003651380539,0.6850181221961975,0.9315536518891653,0.30692561744869484,0.8467986877862497,-9.157028224370308,0.2849817315350359,0.30124409741911495
fall-03-cam0-rgb,fall,207,265146,0.30727076530456543,0.8494961559772491,0.29004329442977905,0.7510751485824585,-9.928388866562106,0.017091453075408936,0.2793810963630676,0.29647254943847656,0.6919408440589905,0.9335559904575348,0.30765665682492305,0.8468862118014006,-9.419806822757167,0.281633653856201,0.29833173562824966
fall-03-cam0-rgb,fall,209,265212,0.30672237277030945,0.8501607179641724,0.2940552532672882,0.7569451332092285,-7.7385547776359855,0.013495326042175293,0.28154876828193665,0.29504409432411194,0.6313031911849976,0.9163976113001505,0.30778582852769193,0.84712249223804,-9.592867905124852,0.2738468935930883,0.2939558292299636
fall-03-cam0-rgb,fall,211,265278,0.3076820820569992,0.8513756692409515,0.2950820177793503,0.7814182639122009,-10.21010690774777,0.011240780353546143,0.2797222286462784,0.2909630089998245,0.5713801383972168,0.8944683273633321,0.3073131325570018,0.8475075290961691,-9.676211471473371,0.2616214507456981,0.288116378224257
fall-03-cam0-rgb,fall,213,265344,0.30670419335365295,0.8436287641525269,0.2949264645576477,0.7749605476856232,-9.732469870621578,0.04860657453536987,0.23018446564674377,0.27879104018211365,0.537423849105835,0.8873845636844635,0.30623856891285267,0.8480413223757877,-9.669837521802725,0.24495732531403036,0.28081338261112987
fall-04-cam0-rgb,fall,1,266344,0.7765749990940094,0.6067749857902527,0.7370033860206604,0.39230456948280334,-10.453986339749873,0.024792492389678955,0.051485925912857056,0.07627841830253601,0.5919448733329773,0.9265417754650116,0.7763225001948224,0.6068934951509749,-10.354715467472325,0.05095384887286597,0.07580954432487491
fall-04-cam0-rgb,fall,3,266410,0.7684011161327362,0.6066937744617462,0.7376741170883179,0.3917493671178818,-8.135498017177413,0.025412321090698242,0.04330703616142273,0.06871935725212097,0.5718653202056885,0.9224894046783447,0.768710429327829,0.6065311891692026,-8.324821119800703,0.044251220566885824,0.06941291093826298
fall-04-cam0-rgb,fall,5,266476,0.7622446715831757,0.6070777773857117,0.7315405905246735,0.3912545144557953,-8.096846842283176,0.025129377841949463,0.03878393769264221,0.06391331553459167,0.5493447184562683,0.9174610575040182,0.7628317253930225,0.6068544770990096,-8.124502768078646,0.03914384671619958,0.06464589834213254
fall-04-cam0-rgb,fall,7,266542,0.7597784399986267,0.607403039932251,0.721918135881424,0.3922465145587921,-9.97995808265676,0.026123046875,0.037055790424346924,0.06317883729934692,0.5433340072631836,0.9162468512852987,0.7590806646006444,0.6076416696820937,-9.946904852439822,0.0363832788808005,0.062336304358073615
fall-04-cam0-rgb,fall,9,266608,0.7558262348175049,0.6097507774829865,0.7058422267436981,0.3950269818305969,-13.104104538273894,0.026224851608276367,0.03306281566619873,0.0592876672744751,0.526898205280304,0.9127664466698965,0.7558490863868169,0.6098673743861064,-12.930973348914993,0.03305643882070269,0.0589239639895303
fall-04-cam0-rgb,fall,11,266674,0.7533525824546814,0.6134181916713715,0.6877069771289825,0.40101270377635956,-17.174180028307866,0.025249898433685303,0.02959120273590088,0.05484110116958618,0.5182411074638367,0.9110667705535889,0.7534574525696891,0.613320121594838,-17.26625449469015,0.02970647641590662,0.05516337496893749
fall-05-cam0-rgb,fall,1,267674,0.6511856019496918,0.45630650222301483,0.643564373254776,0.3147343695163727,-3.081419688218052,0.03683501482009888,0.035048097372055054,0.0017869174480438232,0.9636699557304382,0.990524431069692,0.651866496693004,0.4562328437964119,-3.121572630541264,0.0378122466983217,0.0009823972528631
fall-05-cam0-rgb,fall,3,267740,0.6489501893520355,0.45572714507579803,0.6375672817230225,0.3146488517522812,-4.6129193843707705,0.03648024797439575,0.03656443953514099,8.419156074523926e-05,0.9654235243797302,0.990976611773173,0.648004965258367,0.4559566512703893,-4.348117257842347,0.03603642628048404,0.0029856933788819703
fall-05-cam0-rgb,fall,5,267806,0.6449426114559174,0.45589597523212433,0.6320590078830719,0.3136831820011139,-5.176514120738224,0.032226741313934326,0.036687761545181274,0.004461020231246948,0.9673746228218079,0.991470605134964,0.6441655434055246,0.4557395049503869,-5.330322378552794,0.033373568506983954,0.0048636619662825635
fall-05-cam0-rgb,fall,7,267872,0.6395112872123718,0.45550741255283356,0.625082790851593,0.3132287859916687,-5.790577405279167,0.023487567901611328,0.03313034772872925,0.00964277982711792,0.9666540026664734,0.9913606743017832,0.6403482311344766,0.4555814048364047,-6.068187992672606,0.029823673377821446,0.006616303015064878
fall-05-cam0-rgb,fall,9,267938,0.6358796060085297,0.45553410053253174,0.6194289326667786,0.3131439685821533,-6.590300563744392,0.012713849544525146,0.02405872941017151,0.011344879865646362,0.9638290405273438,0.9903770883878072,0.6365530284452223,0.45548235092844214,-6.56171410020178,0.025386740892996484,0.00824361652522891
fall-05-cam0-rgb,fall,11,268004,0.6326549053192139,0.4558095484972,0.6154341399669647,0.3139854222536087,-6.92315601997403,0.00787818431854248,0.018161535263061523,0.010283350944519043,0.9497624039649963,0.9855027993520101,0.6326843947817228,0.4554390901481944,-6.791615914666078,0.018147462761247287,0.009859949866414572
fall-05-cam0-rgb,fall,13,268070,0.6293733417987823,0.45519933104515076,0.6123290359973907,0.31545983254909515,-6.95413052683792,0.0059705376625061035,0.011051803827285767,0.005081266164779663,0.8693028092384338,0.9713927308718363,0.6290137054342202,0.4552130818496012,-6.835236520148561,0.011135063259116484,0.010323996022666156
fall-05-cam0-rgb,fall,15,268136,0.6260329782962799,0.4552033692598343,0.6098449528217316,0.3158671110868454,-6.626889246616135,0.00622713565826416,0.005367964506149292,0.011595100164413452,0.8572947978973389,0.9674113492170969,0.6255022231892581,0.4551911863671746,-6.645433879757769,0.00597041084136797,0.011716062759424169
fall-05-cam0-rgb,fall,17,268202,0.6211100220680237,0.455929160118103,0.606459379196167,0.3158162832260132,-5.969334748318362,0.014354348182678223,0.001798868179321289,0.01615321636199951,0.8498181700706482,0.9657519658406576,0.6214375431403444,0.4558774227058726,-6.118408327564774,0.0031488857744060004,0.013447614201219548
fall-05-cam0-rgb,fall,19,268268,0.6168196499347687,0.45614005625247955,0.6034010946750641,0.3155016005039215,-5.450189728617579,0.013493359088897705,0.002277582883834839,0.015770941972732544,0.8325454592704773,0.9616426428159078,0.617114652802933,0.4572558929393811,-5.4418439682391995,0.0021473716347764566,0.01753559205439181
fall-05-cam0-rgb,fall,21,268334,0.6127352714538574,0.45874059200286865,0.6006413698196411,0.31578151881694794,-4.83553475402311,0.016512393951416016,0.004007816314697266,0.02052021026611328,0.8310872316360474,0.9615508417288462,0.6125764294620191,0.4592519748907578,-4.680720754171976,0.0030657050413486725,0.02022978676345954
fall-05-cam0-rgb,fall,23,268400,0.6072101294994354,0.46233323216438293,0.5981364548206329,0.316326841711998,-3.5561151103666426,0.012299597263336182,0.005990535020828247,0.01829013228416443,0.8309603929519653,0.9616589248180389,0.6075840440147358,0.46131643233619146,-3.7493376204395226,0.005947680442364177,0.019071381587486735
fall-05-cam0-rgb,fall,25,268466,0.6025874018669128,0.4636247903108597,0.5952871441841125,0.3151470571756363,-2.8148152897931604,0.012991905212402344,0.01008671522140503,0.023078620433807373,0.8228327035903931,0.9606413245201111,0.6017193018874041,0.4630944243757233,-2.4784417590365164,0.010819508270783842,0.014489589186457824
fall-05-cam0-rgb,fall,27,268532,0.5964142382144928,0.4644658714532852,0.5918692946434021,0.3145836591720581,-1.7368726374918333,0.005023002624511719,0.014734476804733276,0.009711474180221558,0.7803856730461121,0.9531201422214508,0.595664859721154,0.4643302880453334,-1.334965269388889,0.01611975299847588,0.01053694974292407
fall-05-cam0-rgb,fall,29,268598,0.5888311564922333,0.46451589465141296,0.5883214473724365,0.31227143108844757,-0.19182354185941933,0.018528997898101807,0.023221224546432495,0.0046922266483306885,0.8002025485038757,0.9573447902997335,0.5895291528144432,0.4645749063460851,-0.521433943652161,0.0219437606406934,0.01006200974121753
fall-05-cam0-rgb,fall,31,268664,0.5814054012298584,0.4643755555152893,0.5834290683269501,0.3100846856832504,0.7514439181906378,0.03389406204223633,0.03055506944656372,0.0033389925956726074,0.8194948434829712,0.9614350001017252,0.5837185793108746,0.46418522466054657,-0.39782092430803917,0.027949404406857142,0.013793778367888854
fall-05-cam0-rgb,fall,33,268730,0.5782926082611084,0.4640910178422928,0.576248973608017,0.3091464042663574,-0.7556561578775315,0.05414336919784546,0.033274948596954346,0.020868420600891113,0.8371623754501343,0.9651460150877634,0.5775392583180291,0.46430841417281593,-0.522531366055069,0.034431740190043546,0.019140658569542335
fall-05-cam0-rgb,fall,35,268796,0.5716020464897156,0.46405385434627533,0.5677719116210938,0.30871880054473877,-1.4124700120441778,0.07495534420013428,0.040176570415496826,0.03477877378463745,0.8530882596969604,0.9684568146864573,0.5704685635380922,0.4648156522156349,-0.9215194804208083,0.042514249617919206,0.02573598385889289
fall-05-cam0-rgb,fall,37,268862,0.564395934343338,0.4649454653263092,0.5577333271503448,0.3089000731706619,-2.4448498650830546,0.0801512598991394,0.047617107629776,0.0325341522693634,0.8672722578048706,0.9713966647783915,0.562574538704636,0.4656350857767701,-1.617002776001749,0.05083285484995153,0.028531450084793575
fall-05-cam0-rgb,fall,39,268928,0.5536952018737793,0.46759043633937836,0.5488660931587219,0.30937449634075165,-1.7482541561839298,0.08292055130004883,0.05813395977020264,0.02478659152984619,0.8800244927406311,0.974063773949941,0.5538455029844713,0.4665146992578128,-2.416252806847332,0.058310692573522505,0.0249778136804506
fall-05-cam0-rgb,fall,41,268994,0.5425309836864471,0.46776072680950165,0.5356720387935638,0.3094126731157303,-2.4802520819383447,0.08182311058044434,0.06666812300682068,0.015154987573623657,0.8916540145874023,0.9764292935530344,0.5443144690293762,0.4672655124555928,-3.034570823771726,0.062288847643059475,0.0166170357754736
fall-05-cam0-rgb,fall,43,269060,0.5349884927272797,0.4675949960947037,0.524025559425354,0.3091188669204712,-3.9572566000404628,0.07081848382949829,0.06312838196754456,0.007690101861953735,0.9020432233810425,0.978472371896108,0.5355609625061861,0.46764401923784377,-3.9360853488918375,0.05909145671825895,0.009034000627406221
fall-05-cam0-rgb,fall,45,269126,0.5279463529586792,0.46732577681541443,0.513779029250145,0.31057222187519073,-5.164338589880117,0.05255019664764404,0.05226147174835205,0.0002887248992919922,0.9112787842750549,0.9803758064905802,0.5279453078131647,0.4674089739978049,-4.908987703515469,0.04901716732359544,0.005171635321208403
fall-05-cam0-rgb,fall,47,269192,0.5208867788314819,0.46720610558986664,0.5052885860204697,0.3100438416004181,-5.667985171151638,0.026960372924804688,0.03410869836807251,0.007148325443267822,0.9184730648994446,0.9818244179089864,0.5208632185474611,0.46710029799184694,-5.691300916035566,0.03412593952763127,0.0059225437316027495
fall-05-cam0-rgb,fall,49,269258,0.5149358659982681,0.4671366363763809,0.4974241107702255,0.3099100589752197,-6.355358874861276,0.004341006278991699,0.015683159232139587,0.011342152953147888,0.9223420023918152,0.9802978038787842,0.5141348383385373,0.46717373762295805,-5.834255291791187,0.020871438247300818,0.010248763607693945
fall-05-cam0-rgb,fall,51,269324,0.5081530660390854,0.4675281494855881,0.4924190193414688,0.31005847454071045,-5.705938378997544,0.009218692779541016,0.006505027413368225,0.01572372019290924,0.9228293299674988,0.9807884891827902,0.5070750016670715,0.46832010846633343,-5.40316138119444,0.012463102222004993,0.017210121020610175
fall-05-cam0-rgb,fall,53,269390,0.49835722148418427,0.4699433296918869,0.48660901188850403,0.3097600191831589,-4.194692789343193,0.031853705644607544,0.006092861294746399,0.025760844349861145,0.9265908598899841,0.982007751862208,0.49997017277783573,0.4701292372885198,-4.63515243471093,0.008891671766966442,0.025386081500486858
fall-05-cam0-rgb,fall,55,269456,0.49313870072364807,0.47162961959838867,0.4829922169446945,0.30989421904087067,-3.589751032872639,0.04566800594329834,0.014851182699203491,0.03081682324409485,0.9306687712669373,0.9832184116045634,0.4928915618043951,0.4722232317382632,-3.7719646663943998,0.008237994594491396,0.03262800558820943
fall-05-cam0-rgb,fall,57,269522,0.4862233102321625,0.4761544018983841,0.4779503047466278,0.3104446679353714,-2.8581004690901035,0.049439817667007446,0.012602269649505615,0.03683754801750183,0.932338297367096,0.9839738210042318,0.4858321426234713,0.474428818145871,-2.8256731066878804,0.008930378016971394,0.035368664698167226
fall-05-cam0-rgb,fall,59,269588,0.47976870834827423,0.47658832371234894,0.47304485738277435,0.309823140501976,-2.308873588269473,0.04605698585510254,0.008216992020606995,0.037839993834495544,0.9338045120239258,0.9846322039763132,0.4795027663568391,0.47665978252113567,-2.256292579181377,0.008186458702727302,0.03200434612763388
fall-05-cam0-rgb,fall,61,269654,0.47367775440216064,0.47756920754909515,0.46786317229270935,0.3081700801849365,-1.9658912882156527,0.03469592332839966,0.002711355686187744,0.031984567642211914,0.9322706460952759,0.984702338774999,0.474111131065851,0.4784354817815666,-1.9675769658024604,0.006325208844044499,0.02380063220278006
fall-05-cam0-rgb,fall,63,269720,0.4683570861816406,0.4793787896633148,0.4638576954603195,0.3068404495716095,-1.4937994938134465,0.005176246166229248,0.0046752095222473145,0.009851455688476562,0.881750226020813,0.9759526550769806,0.46902387398919954,0.479682542867474,-1.7738786598498395,0.00457593521256467,0.01689582772843247
fall-05-cam0-rgb,fall,65,269786,0.4649430215358734,0.4811256378889084,0.45881710946559906,0.3057849556207657,-2.0009401164357583,0.008547604084014893,0.004611402750015259,0.003936201333999634,0.8874228596687317,0.9771148363749186,0.4648127434573642,0.48006490647018657,-1.7544520408867683,0.00567904617879297,0.013627158356951411
fall-05-cam0-rgb,fall,67,269852,0.46139033138751984,0.4808370769023895,0.45540180802345276,0.3038146495819092,-1.9375302892488164,0.020143955945968628,0.009307131171226501,0.010836824774742126,0.8956497311592102,0.9785640637079874,0.4610338370392326,0.4803939721672043,-1.8976691187184431,0.008841591415467188,0.015627211887082992
fall-05-cam0-rgb,fall,69,269918,0.4580714702606201,0.47999316453933716,0.4513031244277954,0.30155669152736664,-2.1722679098016253,0.04159316420555115,0.013172626495361328,0.02842053771018982,0.9050424098968506,0.9802813331286112,0.4576348972655987,0.4801749236139893,-2.2158301155883358,0.012826987223707733,0.02251273929040666
fall-05-cam0-rgb,fall,71,269984,0.4544519931077957,0.4794113039970398,0.44645799696445465,0.29882344603538513,-2.5346301142013385,0.053786516189575195,0.016506657004356384,0.03727985918521881,0.9141286611557007,0.9818709194660187,0.45464216604893276,0.47959760347485986,-2.7252665372092757,0.016090682961723998,0.03248062291186604
fall-05-cam0-rgb,fall,73,270050,0.4510892927646637,0.47965528070926666,0.44087085127830505,0.2970103621482849,-3.2021906865048058,0.05960172414779663,0.019819915294647217,0.039781808853149414,0.9225461483001709,0.9834020634492239,0.4516192444991233,0.47958466191312377,-3.2316354355429597,0.019317326607642207,0.03883938923542628
fall-05-cam0-rgb,fall,75,270116,0.4489116966724396,0.4802093803882599,0.4362790584564209,0.29576900601387024,-3.918167193501999,0.06004694104194641,0.02076306939125061,0.0392838716506958,0.930097222328186,0.9845235645771027,0.4489540743492376,0.48093817044388093,-3.8912515293407375,0.021326953392008137,0.040407410496241025
fall-05-cam0-rgb,fall,77,270182,0.4470395892858505,0.48230184614658356,0.4322613477706909,0.2959318310022354,-4.533791888012735,0.05980977416038513,0.021910205483436584,0.03789956867694855,0.9367589950561523,0.9847934345404307,0.44641997990928106,0.4831152262883778,-4.450869951038141,0.022832580136530292,0.037809673003304
fall-05-cam0-rgb,fall,79,270248,0.4437640607357025,0.4867180287837982,0.428337499499321,0.2991117388010025,-4.700763398217186,0.05701643228530884,0.023066818714141846,0.03394961357116699,0.9428569078445435,0.9854284922281901,0.44415280377709954,0.48545576077260943,-4.83274197764284,0.02265241251879437,0.03434906545139489
fall-05-cam0-rgb,fall,81,270314,0.4418834000825882,0.49079810082912445,0.4256511777639389,0.30224044620990753,-4.920248609689148,0.051655590534210205,0.021155431866645813,0.030500158667564392,0.9481435418128967,0.9857667287190756,0.4419445990225963,0.48943801746739896,-4.975166491705192,0.019647965570548882,0.030818043204096958
fall-05-cam0-rgb,fall,83,270380,0.4389026612043381,0.49304114282131195,0.4247536212205887,0.30595317482948303,-4.324917254562933,0.04448223114013672,0.018115714192390442,0.026366516947746277,0.9528965950012207,0.9863777558008829,0.4395482767840994,0.49421965901727727,-4.6095265384979145,0.014502724463289414,0.02721007336011693
fall-05-cam0-rgb,fall,85,270446,0.4366766959428787,0.49773482978343964,0.4255378544330597,0.31169940531253815,-3.426484964962154,0.03253236413002014,0.009110316634178162,0.02342204749584198,0.9563091993331909,0.9864329596360525,0.43584319626614065,0.49915853433020635,-3.2532545877004844,0.01021035022033756,0.023071469295592506
fall-05-cam0-rgb,fall,87,270512,0.4330769181251526,0.5093368887901306,0.42821352183818817,0.32962924242019653,-1.5502071777171251,0.021559804677963257,0.0013540685176849365,0.02020573616027832,0.9517519474029541,0.9848682383696238,0.4313974514023044,0.505926606394511,-0.8915897425097635,0.006372247358937275,0.018707234815601638
fall-05-cam0-rgb,fall,89,270578,0.42789627611637115,0.5145818293094635,0.4351205676794052,0.34694434702396393,2.4676191578870244,0.01729339361190796,0.0017413944005966187,0.01555199921131134,0.9262297749519348,0.9801229337851206,0.4268359876685322,0.5134751852198589,2.848817848795683,0.0039549571224105256,0.015026592524536739
fall-05-cam0-rgb,fall,91,270644,0.42002880573272705,0.5249324142932892,0.44165122509002686,0.3715195804834366,8.022578082046694,0.01989889144897461,0.009550511837005615,0.010348379611968994,0.9013707637786865,0.9755854308605194,0.42308882285248084,0.5269201386929583,7.544012854394169,0.005109094244577146,0.007943477013926477
fall-05-cam0-rgb,fall,93,270710,0.4189390540122986,0.5444634258747101,0.45122793316841125,0.4072837829589844,13.24499828973908,0.014638036489486694,0.005704313516616821,0.008933722972869873,0.862537145614624,0.9659282565116882,0.41941653572635673,0.543541567601682,13.5834741002457,0.005537814005112743,0.013572594175091018
fall-05-cam0-rgb,fall,95,270776,0.41983160376548767,0.5628800690174103,0.45962199568748474,0.4541722238063812,20.10416917178643,0.019566118717193604,0.007833778858184814,0.011732339859008789,0.7797550559043884,0.9401459395885468,0.4172977003958312,0.5667299601164724,20.541161879529945,0.007783723212939826,0.016976498035125378
fall-05-cam0-rgb,fall,97,270842,0.4202961325645447,0.6057129204273224,0.47236669063568115,0.4985407292842865,25.913209685153753,0.025042712688446045,0.013085424900054932,0.011957287788391113,0.7122293710708618,0.9245816171169281,0.4197017083049336,0.601089036645311,25.81283689658042,0.010433220850440843,0.020069959359767624
fall-05-cam0-rgb,fall,99,270908,0.4200659692287445,0.6357985734939575,0.4807135760784149,0.5449739396572113,33.732781230700766,0.06471538543701172,0.0035230517387390137,0.061192333698272705,0.68209308385849,0.9219991564750671,0.42481908623403275,0.6437307515830701,30.813720650610534,0.013660917118256222,0.024306223280244045
fall-05-cam0-rgb,fall,101,270974,0.43037810921669006,0.6941940188407898,0.4948592483997345,0.6107911467552185,37.70863235854285,0.006977558135986328,0.02148953080177307,0.014511972665786743,0.6155502200126648,0.899354875087738,0.4326498341831292,0.6946551049297502,35.5438131416203,0.01746681201638597,0.02968528979655466
fall-05-cam0-rgb,fall,103,271040,0.4465675354003906,0.7571486532688141,0.5122061669826508,0.6703680753707886,37.10293822701987,0.009521394968032837,0.023117393255233765,0.0326387882232666,0.5542991757392883,0.8764112194379171,0.443193952152223,0.7538620966853515,40.00311436960972,0.021850905544830088,0.036207158908699466
fall-06-cam0-rgb,fall,1,272040,0.7727674543857574,0.6086322367191315,0.7447191774845123,0.3883432447910309,-7.2561369973288175,0.023109257221221924,0.030699700117111206,0.05380895733833313,0.5873857140541077,0.9204813241958618,0.7695769550222339,0.6089804654771629,-6.158411964615269,0.028737822987816564,0.05092794877110104
fall-06-cam0-rgb,fall,3,272106,0.7601370215415955,0.6095797419548035,0.743035763502121,0.3857929855585098,-4.36991576490654,0.02316981554031372,0.018162906169891357,0.04133272171020508,0.6114415526390076,0.9241613149642944,0.7613105769410279,0.609839734073841,-4.962246637654136,0.01837988342299607,0.04229278410926009
fall-06-cam0-rgb,fall,5,272172,0.7494015097618103,0.6116828322410583,0.7385694086551666,0.38606610894203186,-2.748721191534467,0.023092031478881836,0.0070307254791259766,0.030122756958007812,0.6392571330070496,0.9281147023042043,0.7542832491846829,0.6108195739004,-4.260997198604828,0.010494426512098937,0.03490823810492758
fall-06-cam0-rgb,fall,7,272238,0.7485958933830261,0.6123370826244354,0.7319779992103577,0.38730093836784363,-4.223366572643912,0.023601770401000977,0.005463719367980957,0.029065489768981934,0.6648209095001221,0.932326744000117,0.7484949717531989,0.6119199849568401,-4.054663647467343,0.005081452255125171,0.028774310758103532
fall-06-cam0-rgb,fall,9,272304,0.7438488006591797,0.6129612922668457,0.7262161374092102,0.38936614990234375,-4.509000937789565,0.02442765235900879,0.0005911588668823242,0.023836493492126465,0.682142972946167,0.9344403247038523,0.7439457446465749,0.6131409672431607,-4.343245984241678,0.0021409606520747713,0.023891002068787907
fall-06-cam0-rgb,fall,11,272370,0.7424480319023132,0.6143941283226013,0.7207227051258087,0.38947586715221405,-5.5172034817960505,0.02557903528213501,0.003141045570373535,0.022437989711761475,0.702946662902832,0.9379208783308665,0.7423722968473052,0.614452564355098,-5.684665238506828,0.002853442322124131,0.02179999062509245
fall-06-cam0-rgb,fall,13,272436,0.7412362694740295,0.6153782606124878,0.7141095995903015,0.3924880176782608,-6.939009047643809,0.026356518268585205,0.006328761577606201,0.020027756690979004,0.7241731286048889,0.9416828354199728,0.7410412669439841,0.6154345255909535,-7.112362510206852,0.005327011986728348,0.02014377506780415
fall-06-cam0-rgb,fall,15,272502,0.7388158142566681,0.6169847249984741,0.7041383981704712,0.3948048800230026,-8.871046501067676,0.026391446590423584,0.009341329336166382,0.017050117254257202,0.7445604205131531,0.9452778200308481,0.7384388987378114,0.6164840423699574,-8.301068931814036,0.00841205318768818,0.016977166845684934
fall-06-cam0-rgb,fall,17,272568,0.7354324162006378,0.619935542345047,0.6980926990509033,0.39685696363449097,-9.502290000819045,0.027539074420928955,0.012683779001235962,0.014855295419692993,0.7657233476638794,0.9493710398674011,0.7352777105389208,0.6181629307858347,-9.496376629716238,0.01309427864107733,0.012927816543744221
fall-06-cam0-rgb,fall,19,272634,0.7307086288928986,0.620289534330368,0.6897365748882294,0.39971309900283813,-10.522757621378746,0.028036117553710938,0.017706245183944702,0.010329872369766235,0.7820419073104858,0.9521116813023885,0.7302155516622375,0.6222336659957828,-10.324918632015136,0.018901013321690717,0.008653582045526204
fall-06-cam0-rgb,fall,21,272700,0.7240692377090454,0.625276654958725,0.6794339418411255,0.40312348306179047,-11.360677777508098,0.028575360774993896,0.02435058355331421,0.0042247772216796875,0.8009644746780396,0.95610511302948,0.7240010074206751,0.6281399928130104,-11.172136462390096,0.025031691247766632,0.005813405885324842
fall-06-cam0-rgb,fall,23,272766,0.7159192860126495,0.6347688436508179,0.6683217287063599,0.4114954024553299,-12.034202663971607,0.031132221221923828,0.032481998205184937,0.0013497769832611084,0.8156152963638306,0.958933820327123,0.7164110390396852,0.6355771572042843,-12.192940581191879,0.031191901340113015,0.00469633420824488
fall-06-cam0-rgb,fall,25,272832,0.7066149413585663,0.6473812460899353,0.6535090208053589,0.42244014143943787,-13.283618272574623,0.034284234046936035,0.04128268361091614,0.0069984495639801025,0.8314189314842224,0.9620636900266012,0.7076659521241198,0.642188055690748,-14.10524385648214,0.03800406277953799,0.0069219971890057234
fall-06-cam0-rgb,fall,27,272898,0.6980134844779968,0.6522528529167175,0.6342938542366028,0.43611493706703186,-16.426046785589765,0.03069162368774414,0.043338000774383545,0.012646377086639404,0.8414567708969116,0.9635008970896403,0.6969891420174461,0.6491226304919163,-16.423183633283248,0.04544059358117894,0.011981611644034763
fall-06-cam0-rgb,fall,29,272964,0.6849169135093689,0.658851146697998,0.6125157177448273,0.45176534354686737,-19.2706123878485,0.03282368183135986,0.05113464593887329,0.018310964107513428,0.8440184593200684,0.9625581105550131,0.6846125305214992,0.6584442291424895,-19.08833132449324,0.0531555632234135,0.0189187842788118
fall-06-cam0-rgb,fall,31,273030,0.6711978316307068,0.6634310781955719,0.5883534848690033,0.47215166687965393,-23.41774754353144,0.03476828336715698,0.06349146366119385,0.028723180294036865,0.8307677507400513,0.9587898651758829,0.6703162588082341,0.6708402089226289,-22.150635240717214,0.06238690366992694,0.02562556328711568
fall-06-cam0-rgb,fall,33,273096,0.6526136100292206,0.6849357485771179,0.5642327666282654,0.49845221638679504,-25.357853154823218,0.04199796915054321,0.07454058527946472,0.03254261612892151,0.7698807716369629,0.9437306722005209,0.6546553360435344,0.6894914391752951,-25.72187532876083,0.07339606243810602,0.031024178127189692
fall-06-cam0-rgb,fall,35,273162,0.63558429479599,0.7151823937892914,0.5381817519664764,0.5394695401191711,-29.000827515262525,0.047169387340545654,0.08601480722427368,0.03884541988372803,0.7123695611953735,0.9267156521479288,0.6355782369256526,0.7134259100600229,-29.772975184119424,0.08734386836811565,0.03805067670809753
fall-06-cam0-rgb,fall,37,273228,0.6155963838100433,0.7403525412082672,0.503686934709549,0.576813817024231,-34.383812549894564,0.057682037353515625,0.10340479016304016,0.045722752809524536,0.6686677932739258,0.9180561403433481,0.6142983210809294,0.740031035560549,-34.49493528453967,0.10327332089473659,0.049395074963053516
fall-06-cam0-rgb,fall,39,273294,0.5938681662082672,0.77004474401474,0.47053149342536926,0.628176748752594,-41.00292271768322,0.06048375368118286,0.11949267983436584,0.05900892615318298,0.682937502861023,0.9230040510495504,0.5895822722287396,0.7658866994824749,-40.37641873597722,0.12359891844776269,0.06519488254924864
fall-06-cam0-rgb,fall,41,273360,0.5625001490116119,0.7842818200588226,0.43239448964595795,0.6660597920417786,-47.739778583781785,0.05718183517456055,0.14078447222709656,0.08360263705253601,0.696797251701355,0.9276688595612844,0.5630672932703249,0.7853767622858919,-48.539756570397046,0.14543450755990409,0.08706912772480015
fall-06-cam0-rgb,fall,43,273426,0.5384461879730225,0.798669159412384,0.4016798138618469,0.7046130001544952,-55.48314929602208,0.05282711982727051,0.16288769245147705,0.11006057262420654,0.706249475479126,0.9313104053338369,0.5370434128489837,0.7977936710372104,-57.003042695600016,0.16432852423810318,0.10931360173276991
fall-06-cam0-rgb,fall,45,273492,0.5118526220321655,0.8032814562320709,0.3741065561771393,0.7426723837852478,-66.2502255099381,0.05598503351211548,0.18263369798660278,0.1266486644744873,0.6984905004501343,0.9314702053864797,0.5160665733989691,0.8007929094168003,-65.93988164076565,0.17126418501783736,0.12239150128839318
fall-06-cam0-rgb,fall,47,273558,0.4979281574487686,0.7993460297584534,0.35853245854377747,0.7666155099868774,-76.78614914684188,0.0391119122505188,0.17425023019313812,0.13513831794261932,0.6815135478973389,0.9258087972799937,0.5026646457064197,0.7961742601869415,-74.03426554344644,0.16616496153466087,0.12233949642934822
fall-06-cam0-rgb,fall,49,273624,0.4951780438423157,0.7896485328674316,0.3553777039051056,0.7658884823322296,-80.35434756062506,0.036624252796173096,0.15206247568130493,0.11543822288513184,0.6948561668395996,0.9289522965749105,0.4973791700937008,0.7876078052954228,-81.57405814117374,0.1493512817791528,0.10905203700581653
fall-06-cam0-rgb,fall,51,273690,0.5004749894142151,0.7698563933372498,0.3566628247499466,0.7653553187847137,-88.20732539456164,0.03492027521133423,0.11148905754089355,0.07656878232955933,0.7165006995201111,0.9335321386655172,0.4975460257494081,0.7767888957803888,-87.46057149645362,0.12193059476165011,0.08598637032560444
fall-06-cam0-rgb,fall,53,273756,0.5045176446437836,0.7665600180625916,0.3565656244754791,0.7680045366287231,-90.55938531617268,0.03623837232589722,0.09057542681694031,0.05433705449104309,0.7302408218383789,0.9367367029190063,0.5017888988509316,0.767583258224255,-92.08084794427963,0.08994013677427767,0.059044750350894265
fall-06-cam0-rgb,fall,55,273822,0.5060394108295441,0.7607963681221008,0.35772788524627686,0.7774034440517426,-96.38903978089094,0.030699729919433594,0.06669697165489197,0.035997241735458374,0.7374577522277832,0.9383295476436615,0.5062329728494984,0.7604422775697903,-95.91110873773701,0.06262154412734036,0.03552196984425246
fall-06-cam0-rgb,fall,57,273888,0.5087343752384186,0.7607241868972778,0.3602770268917084,0.7801054120063782,-97.43794379700913,0.019748270511627197,0.038777559995651245,0.019029289484024048,0.7535375356674194,0.9403479099273682,0.5087491761554364,0.7592436673837295,-98.25256383850572,0.04372385957024308,0.021056795275056488
fall-06-cam0-rgb,fall,59,273954,0.5101925134658813,0.7613397240638733,0.35896533727645874,0.7893683314323425,-100.50011243846548,0.017395853996276855,0.028113842010498047,0.010717988014221191,0.7697131633758545,0.9423048297564188,0.5094157919223167,0.7631310728979306,-98.29721410404731,0.034806500781666104,0.014251965464967651
fall-06-cam0-rgb,fall,61,274020,0.5105929374694824,0.7626563608646393,0.3598579615354538,0.7847593128681183,-98.34208892539704,0.01707911491394043,0.030017852783203125,0.012938737869262695,0.7882955074310303,0.9444410701592764,0.5096252805742859,0.7680525464929016,-96.90296432377144,0.03047337779751068,0.010220382378730925
fall-06-cam0-rgb,fall,63,274086,0.5082120299339294,0.7790865302085876,0.358880877494812,0.7843229174613953,-92.00828833218051,0.025970816612243652,0.03757089376449585,0.011600077152252197,0.8066076040267944,0.9478854139645895,0.5097540695687901,0.7743943683254759,-93.84704143204559,0.033353448559195406,0.009227671277471424
fall-06-cam0-rgb,fall,65,274152,0.5087135434150696,0.7826099693775177,0.3608435392379761,0.7822714447975159,-89.86883076173393,0.032807886600494385,0.0430530309677124,0.010245144367218018,0.8229989409446716,0.9519992669423422,0.5096543440313043,0.7800420527850384,-90.28242434191976,0.04025769607845317,0.01013015010656215
fall-06-cam0-rgb,fall,67,274218,0.5095739662647247,0.7845306694507599,0.35959509015083313,0.7753086388111115,-86.48137766948186,0.03382903337478638,0.04425439238548279,0.010425359010696411,0.8346549868583679,0.954604576031367,0.5091179626070568,0.7842243509891218,-86.59112813985368,0.04693106616730291,0.011548537067520653
fall-06-cam0-rgb,fall,69,274284,0.5095035433769226,0.7850692868232727,0.3583557605743408,0.7707632482051849,-84.59309951803068,0.04110062122344971,0.05339556932449341,0.012294948101043701,0.8443136811256409,0.9574580192565918,0.5084334878952464,0.7859530866920162,-84.26977386614388,0.051863073915630116,0.012679278463512253
fall-06-cam0-rgb,fall,71,274350,0.5082507431507111,0.784700870513916,0.35840466618537903,0.7646253705024719,-82.3692851963311,0.04086107015609741,0.05571487545967102,0.014853805303573608,0.8453684449195862,0.958650141954422,0.5075188446225535,0.7846785321896199,-83.1998797254178,0.05565429230531049,0.015052393465847143
fall-06-cam0-rgb,fall,73,274416,0.5049017071723938,0.7833458781242371,0.35659992694854736,0.7639983594417572,-82.56714535677216,0.041680335998535156,0.06055063009262085,0.018870294094085693,0.8458061814308167,0.959783285856247,0.5059614523406661,0.7837242002869054,-82.55107839180782,0.059213069481250956,0.017532587180405956
fall-06-cam0-rgb,fall,75,274482,0.5041556060314178,0.782370001077652,0.35131098330020905,0.7636993825435638,-83.03558112643034,0.04177957773208618,0.061612874269485474,0.019833296537399292,0.8299058079719543,0.9576005339622498,0.5042883937622038,0.7825325457822698,-82.8535668822477,0.06313127376042393,0.01999670621894652
fall-06-cam0-rgb,fall,77,274548,0.5027046501636505,0.7818720936775208,0.34631553292274475,0.7639937996864319,-83.47829889749516,0.04293477535247803,0.06509760022163391,0.022162824869155884,0.8027284741401672,0.9516186813513438,0.5029112952741186,0.7814369481621355,-83.54013967621529,0.06571938613534481,0.021997719035520148
fall-06-cam0-rgb,fall,79,274614,0.5024133175611496,0.7800993919372559,0.3432510495185852,0.7645890116691589,-84.43409459739728,0.045984864234924316,0.06847973167896271,0.02249486744403839,0.7770580053329468,0.9463661809762319,0.5022253939857724,0.7807200174311011,-84.45152754963286,0.06863859347450775,0.02337550175138363
fall-06-cam0-rgb,fall,81,274680,0.5020478665828705,0.7799842357635498,0.34334157407283783,0.7673452496528625,-85.44671204364016,0.047588229179382324,0.07263639569282532,0.025048166513442993,0.7488998770713806,0.9396465520064036,0.5019568255840434,0.780193604432142,-85.05259563182247,0.07106200602405505,0.02445411946608387
fall-06-cam0-rgb,fall,83,274746,0.5019938051700592,0.7799713313579559,0.3439987301826477,0.7676239907741547,-85.53140805477416,0.047064363956451416,0.07216832041740417,0.02510395646095276,0.7102364897727966,0.9298117955525717,0.5021186824484813,0.7798022577514885,-85.44521846849369,0.07284618456126281,0.025016943613688114
fall-06-cam0-rgb,fall,85,274812,0.5026985555887222,0.780033141374588,0.34566211700439453,0.7679373621940613,-85.59547205171678,0.048668742179870605,0.0737110823392868,0.0250423401594162,0.6865461468696594,0.9245189130306244,0.5027713147979787,0.7795232944674295,-85.58950591438328,0.07337063402582546,0.024894414848579436
fall-06-cam0-rgb,fall,87,274878,0.5027581304311752,0.7790324687957764,0.3481287211179733,0.7666551172733307,-85.42350194120934,0.048442542552948,0.07378776371479034,0.025345221161842346,0.6631647944450378,0.9196271995703379,0.5033684655443407,0.7794245014459013,-85.47652201471165,0.07313919157692869,0.02470807815010926
fall-06-cam0-rgb,fall,89,274944,0.5053030252456665,0.7791353166103363,0.35025788843631744,0.7663153409957886,-85.27322572928647,0.048871517181396484,0.07156205177307129,0.022690534591674805,0.6491273045539856,0.9166795611381531,0.5043291601138706,0.7791315990608996,-85.31161890055719,0.07219932534735946,0.023821919059856596
fall-06-cam0-rgb,fall,91,275010,0.5052881836891174,0.7788286507129669,0.35307300090789795,0.7658946514129639,-85.14314077544967,0.048414528369903564,0.07147729396820068,0.02306276559829712,0.6415448784828186,0.915063758691152,0.5053588442859188,0.7787808617214094,-85.25730869881612,0.07152638142501111,0.022867443822162978
fall-06-cam0-rgb,fall,93,275076,0.5053977966308594,0.7785533666610718,0.3541238158941269,0.7659058272838593,-85.2207960061157,0.048224449157714844,0.07133591175079346,0.023111462593078613,0.6449658870697021,0.9165700177351633,0.5059989945519535,0.7784685422202723,-85.28729700858361,0.07165932788864351,0.022521949323998897
fall-06-cam0-rgb,fall,95,275142,0.5073455572128296,0.7781710028648376,0.35453516244888306,0.7659983932971954,-85.44553523033694,0.049384236335754395,0.07060909271240234,0.02122485637664795,0.6469768285751343,0.9176220099131266,0.506523246779328,0.7781569953862718,-85.36732754190663,0.07206124834297017,0.022331000929012954
fall-06-cam0-rgb,fall,97,275208,0.5071831941604614,0.7777753472328186,0.35474877059459686,0.7658251225948334,-85.51741742996782,0.05087059736251831,0.07232296466827393,0.021452367305755615,0.646746039390564,0.9174138307571411,0.5069316009680427,0.777846221219409,-85.49740029878527,0.07273214278799109,0.022294598637205176
fall-06-cam0-rgb,fall,99,275274,0.5067844092845917,0.7775503098964691,0.35531899333000183,0.7660726308822632,-85.66654777715839,0.051422297954559326,0.07483217120170593,0.023409873247146606,0.6535508632659912,0.9190870126088461,0.5072240571180977,0.7775362197196837,-85.67751527921955,0.07367201122370627,0.02241274244857556
fall-07-cam0-rgb,fall,13,276670,0.46053938567638397,0.4868823140859604,0.47426311671733856,0.1680688038468361,2.464847656038435,0.022818326950073242,0.04123951494693756,0.01842118799686432,0.5156000256538391,0.8951837122440338,0.45868006971749375,0.48733745136044243,2.804537104726133,0.042686083009748715,0.021957764390743147
fall-07-cam0-rgb,fall,15,276736,0.45964284241199493,0.48656582832336426,0.4764266610145569,0.1676955670118332,3.0129977393035534,0.022245585918426514,0.041778311133384705,0.01953272521495819,0.5459877252578735,0.9025186697642008,0.4616554029963232,0.4855227450981285,2.6625186105555705,0.04105713493896251,0.016525834889122938
fall-07-cam0-rgb,fall,17,276802,0.4642353057861328,0.48341910541057587,0.478916734457016,0.1677755042910576,2.6630607095733905,0.023834168910980225,0.0377463698387146,0.013912200927734375,0.5725338459014893,0.9088419675827026,0.46495237406585105,0.4841708067820702,2.4295735902099462,0.03830907079693557,0.012103281953892157
fall-07-cam0-rgb,fall,19,276868,0.4687897861003876,0.48381316661834717,0.4790901839733124,0.16963065415620804,1.877755738576394,0.025687873363494873,0.0354594886302948,0.009771615266799927,0.5956800580024719,0.9144703447818756,0.46857098292607746,0.4832816364122675,2.10570204368926,0.034441890583667895,0.008690105585050796
fall-07-cam0-rgb,fall,21,276934,0.4711766839027405,0.48290178179740906,0.4821304678916931,0.17301581799983978,2.024436310991756,0.02701929211616516,0.034953415393829346,0.007934123277664185,0.5904163718223572,0.914533257484436,0.47251122957700187,0.4828552339887199,1.6909039709935108,0.02945559429915948,0.006286305782598842
fall-07-cam0-rgb,fall,23,277000,0.4786825329065323,0.4812685549259186,0.48354627192020416,0.178519606590271,0.9203921236659233,0.020327985286712646,0.022378310561180115,0.0020503252744674683,0.597395658493042,0.9165841639041901,0.4775335194615568,0.48298950983590305,0.9598660377801387,0.021598593948723405,0.004011453165636429
fall-07-cam0-rgb,fall,25,277066,0.4824065715074539,0.48477989435195923,0.4840250611305237,0.1857370287179947,0.3100950726827021,0.010753244161605835,0.009678080677986145,0.00107516348361969,0.6093873977661133,0.9193379282951355,0.4817641692889194,0.48367616805163227,0.4586014800350178,0.014051523366015692,0.003958067917204517
fall-07-cam0-rgb,fall,27,277132,0.4861936420202255,0.4844493269920349,0.485792800784111,0.19366119801998138,-0.0789801723290682,0.011325240135192871,0.006414011120796204,0.0049112290143966675,0.6249787211418152,0.9231236279010773,0.4865017804232504,0.48434856353384004,0.013707957865365758,0.007233809986155778,0.004825564560952118
fall-07-cam0-rgb,fall,29,277198,0.4905834496021271,0.48550017178058624,0.48709407448768616,0.2016349583864212,-0.7042652248133128,0.011128842830657959,0.001879364252090454,0.009249478578567505,0.6324350237846375,0.9251238803068796,0.491488052265984,0.48512979535571354,-0.4917899944883736,0.002490603820586099,0.004629488889273105
fall-07-cam0-rgb,fall,31,277264,0.49451613426208496,0.4851572960615158,0.49286819994449615,0.20426076650619507,-0.3361330175042846,0.005519241094589233,0.0024584829807281494,0.007977724075317383,0.6229971051216125,0.9237313866615295,0.4952414808593264,0.4857684031322398,-0.7750956456188718,0.001535551372544589,0.006198805906039804
fall-07-cam0-rgb,fall,33,277330,0.5011316537857056,0.48585933446884155,0.49534253776073456,0.2079450935125351,-1.193331984413907,0.009813636541366577,0.0025974512100219727,0.0072161853313446045,0.6365553140640259,0.9270155628522238,0.49899855817293115,0.4854173615768351,-1.1250117715084083,0.002769513628183502,0.0075873951246211956
fall-07-cam0-rgb,fall,35,277396,0.5032120943069458,0.48506204783916473,0.49539588391780853,0.2095273658633232,-1.6248981641465703,0.002350747585296631,0.0038674473762512207,0.0062181949615478516,0.6637541651725769,0.9325673977533976,0.5023895373721136,0.48502329456341664,-1.5162610474772318,0.00419129108711754,0.011969755802835722
fall-07-cam0-rgb,fall,37,277462,0.5037531703710556,0.48480504751205444,0.49527856707572937,0.21068886667490005,-1.7707980211069025,0.015142083168029785,0.006039634346961975,0.02118171751499176,0.6886747479438782,0.9377117057641348,0.5051392891577304,0.4841843100982304,-1.887044531481605,0.006669792842555346,0.020589904287160704
fall-07-cam0-rgb,fall,39,277528,0.5080482065677643,0.4830326586961746,0.4969273507595062,0.21278157085180283,-2.3563968662160044,0.021301329135894775,0.0087222158908844,0.030023545026779175,0.7086718082427979,0.9418878157933553,0.507731866655927,0.4836198888815835,-2.235153595262001,0.0069863631095720986,0.033638254775629366
fall-07-cam0-rgb,fall,41,277594,0.5115905255079269,0.48249563574790955,0.499661460518837,0.2146858051419258,-2.550442539427626,0.043827176094055176,0.008219078183174133,0.05204625427722931,0.7353087663650513,0.9472115933895111,0.511340716894054,0.4830516023940331,-2.470104382017009,0.006489636642592284,0.04869876943883435
fall-07-cam0-rgb,fall,43,277660,0.5153185427188873,0.482479527592659,0.5032576024532318,0.2168365642428398,-2.5996047886230613,0.05729883909225464,0.008053570985794067,0.0653524100780487,0.7559264898300171,0.9512789845466614,0.5167427293924018,0.4826842589682824,-2.7411994796906543,0.005674526159897503,0.06397645594753734
fall-07-cam0-rgb,fall,45,277726,0.52256740629673,0.4833948612213135,0.510307639837265,0.2195957824587822,-2.6608425765313313,0.07472002506256104,0.0011907070875167847,0.07591073215007782,0.7725128531455994,0.9537701904773712,0.5233340082101484,0.4822370067432322,-2.890324685939065,0.005539345857384911,0.07606767892063426
fall-07-cam0-rgb,fall,47,277792,0.5327135920524597,0.48249268531799316,0.5180629193782806,0.22242098301649094,-3.2242471673211828,0.08951514959335327,0.006526529788970947,0.08298861980438232,0.7908586263656616,0.9562777181466421,0.5309293502336965,0.4824029729092785,-2.932934224414849,0.007716024592841332,0.08403587650943099
fall-07-cam0-rgb,fall,49,277858,0.5396017730236053,0.4820236712694168,0.526093065738678,0.22494951635599136,-3.008006343683674,0.10096383094787598,0.012603074312210083,0.0883607566356659,0.8063790202140808,0.9566678603490194,0.5398915426813671,0.4828263765031634,-2.944230894583085,0.013623659357880083,0.08542298561050765
fall-07-cam0-rgb,fall,51,277924,0.5480941534042358,0.48233821988105774,0.5372107923030853,0.23064183443784714,-2.4759293309496466,0.10687386989593506,0.021283626556396484,0.08559024333953857,0.8209671378135681,0.9557902216911316,0.5492734875513869,0.4835449884206179,-2.676739873117822,0.021581209583199874,0.08287403697059256
fall-07-cam0-rgb,fall,53,277990,0.5589872598648071,0.4848850965499878,0.5483957529067993,0.23544007539749146,-2.431334759182266,0.10716509819030762,0.03253817558288574,0.07462692260742188,0.8362191319465637,0.9571857750415802,0.5586924172970116,0.4842013295465727,-2.1482813839986936,0.03166183719645326,0.07595581674214555
fall-07-cam0-rgb,fall,55,278056,0.5683204531669617,0.4853390008211136,0.560750424861908,0.23955752700567245,-1.764142732241287,0.10778611898422241,0.041862547397613525,0.06592357158660889,0.8513268828392029,0.9588708877563477,0.5676914312880785,0.4849058443204658,-1.4823891963385725,0.040494786583499934,0.06697098143172978
fall-07-cam0-rgb,fall,57,278122,0.5758739709854126,0.4851115196943283,0.5735847353935242,0.24120492488145828,-0.5377455520104248,0.10188621282577515,0.0447579026222229,0.057128310203552246,0.8647960424423218,0.9600649972756704,0.5763921674453842,0.48457634990865467,-0.9732058615667674,0.04666943145004695,0.057559417568759916
fall-07-cam0-rgb,fall,59,278188,0.5845716595649719,0.4830757677555084,0.5833173394203186,0.2401690036058426,-0.2958608910480362,0.09878140687942505,0.05092531442642212,0.04785609245300293,0.8758049011230469,0.9611309270064036,0.5836943244779256,0.48279664075219714,-0.5236840931947702,0.04843324951795265,0.04990200550009155
fall-07-cam0-rgb,fall,61,278254,0.5895390808582306,0.48082010447978973,0.5879707336425781,0.24036672711372375,-0.3737040544021927,0.09442263841629028,0.0491504967212677,0.04527214169502258,0.8857685923576355,0.9623288412888845,0.5894335052925779,0.47995530307550893,-0.2298200405754168,0.04568733062062938,0.04475561248791676
fall-07-cam0-rgb,fall,63,278320,0.5938878953456879,0.47619906067848206,0.5919762253761292,0.23950132727622986,-0.4627346366570186,0.08093845844268799,0.03967735171318054,0.041261106729507446,0.8864429593086243,0.9635727206865946,0.5940039026272753,0.4770697142396647,-0.20891904831212788,0.0399491998540374,0.04099730753795403
fall-07-cam0-rgb,fall,65,278386,0.5968945920467377,0.47325561940670013,0.5958220362663269,0.23973572254180908,-0.26315739348785677,0.06952965259552002,0.030727118253707886,0.038802534341812134,0.8666591644287109,0.960750550031662,0.5973642129144618,0.47450921655475253,-0.48022852615523187,0.03303114869893883,0.03856317886026385
fall-07-cam0-rgb,fall,67,278452,0.599387526512146,0.47240979969501495,0.5958487689495087,0.2394978627562523,-0.8704589221236417,0.06204622983932495,0.024113357067108154,0.0379328727722168,0.8684643507003784,0.9623421927293142,0.5994800404036708,0.47222567649630687,-0.8833258500541692,0.02619410206229136,0.03726216492714815
fall-07-cam0-rgb,fall,69,278518,0.6003635823726654,0.47151269018650055,0.5951761603355408,0.24026140570640564,-1.2850417345521623,0.056947290897369385,0.020139366388320923,0.03680792450904846,0.8762404322624207,0.9651109178860983,0.600548335097052,0.4699988289054847,-1.461059730405335,0.0213359894948604,0.03673110882957255
fall-07-cam0-rgb,fall,71,278584,0.5999479591846466,0.47034698724746704,0.5909276306629181,0.24144351482391357,-2.25666947320142,0.05536133050918579,0.018192678689956665,0.037168651819229126,0.8857548236846924,0.9680203298727671,0.5998315328643427,0.4697913243011988,-2.26141489951344,0.01715881741924201,0.03808130278731832
fall-07-cam0-rgb,fall,73,278650,0.5980307459831238,0.46842317283153534,0.58567014336586,0.2423478662967682,-3.1295144345035144,0.057473719120025635,0.017021119594573975,0.04045259952545166,0.8938294649124146,0.9705300827821096,0.5968103732639568,0.47059507951849916,-3.0341585021589346,0.013259531228573273,0.0415321809130829
fall-07-cam0-rgb,fall,75,278716,0.5926422476768494,0.4697926789522171,0.5778067409992218,0.24643424153327942,-3.800014208290131,0.05713886022567749,0.011073470115661621,0.04606539011001587,0.9023494720458984,0.9730379581451416,0.5917783502118403,0.47221486883245956,-3.59912912553969,0.010174785728578429,0.04747983735877191
fall-07-cam0-rgb,fall,77,278782,0.5853376984596252,0.47764384746551514,0.5681471526622772,0.2515864372253418,-4.3486903781416935,0.056654155254364014,0.004031777381896973,0.05262237787246704,0.9084377288818359,0.9750121235847473,0.5855387005455042,0.4745232043586245,-4.071709140257067,0.00831064697983976,0.053607975507711354
fall-07-cam0-rgb,fall,79,278848,0.5770431756973267,0.4782629460096359,0.5611244142055511,0.2562871724367142,-4.1018849418780166,0.05312389135360718,0.0067635178565979,0.05988740921020508,0.9129366278648376,0.9766403039296468,0.5788105091491295,0.47760842798592135,-4.424081451032477,0.008209637233189165,0.05814948819932475
fall-07-cam0-rgb,fall,81,278914,0.5713372528553009,0.4802476763725281,0.5538943707942963,0.2588823288679123,-4.505415126922608,0.051355838775634766,0.011968940496444702,0.06332477927207947,0.9087202548980713,0.9765816330909729,0.5721258141777723,0.48092286495161196,-4.738851339627356,0.01058519789666839,0.05932396314876928
fall-07-cam0-rgb,fall,83,278980,0.5660151243209839,0.48207519948482513,0.5461461544036865,0.2600634694099426,-5.1140690979256025,0.03858453035354614,0.016963958740234375,0.05554848909378052,0.9102010130882263,0.977465401093165,0.5651190735044925,0.4834374814451508,-4.912789136154126,0.01673338784799945,0.05608141190045832
fall-07-cam0-rgb,fall,85,279046,0.5599855780601501,0.4853065609931946,0.5381882190704346,0.2612304538488388,-5.556056737421798,0.025425195693969727,0.022913873195648193,0.04833906888961792,0.9025664925575256,0.9765601058801016,0.5587121795266213,0.4842866771406934,-5.005619220373079,0.024661021573202914,0.04851489407675599
fall-07-cam0-rgb,fall,87,279112,0.5524631440639496,0.48637552559375763,0.530028760433197,0.26222892105579376,-5.715584765138556,0.007156729698181152,0.030341118574142456,0.03749784827232361,0.8612120747566223,0.9683110813299814,0.5521419626293752,0.4840488822816247,-5.460164475001066,0.031592704000927105,0.036242370223586125
fall-07-cam0-rgb,fall,89,279178,0.5434962213039398,0.48591548204421997,0.5208791792392731,0.2646997421979904,-5.83762243782441,0.01389378309249878,0.03883388638496399,0.02494010329246521,0.7934757471084595,0.9534994463125864,0.5452686975270631,0.4820741244724812,-6.3437112468442045,0.035374164194255625,0.023412877734089278
fall-07-cam0-rgb,fall,91,279244,0.5406073033809662,0.4834948629140854,0.5123903453350067,0.2669193893671036,-7.423079363032507,0.02689814567565918,0.03970429301261902,0.012806147336959839,0.7431701421737671,0.9435728887716929,0.5392010989901299,0.48295546545610724,-7.965008884822951,0.03658147614239608,0.014097332825392337
fall-07-cam0-rgb,fall,93,279310,0.5337134599685669,0.484459787607193,0.49569106101989746,0.28773096203804016,-10.938861121908243,0.034873902797698975,0.03604233264923096,0.0011684298515319824,0.715417742729187,0.9366481006145477,0.534738034138947,0.48951495635561026,-10.551265890767365,0.0351816895720246,0.007190303885059431
fall-07-cam0-rgb,fall,95,279376,0.5309346318244934,0.49745093286037445,0.4863445609807968,0.32834815979003906,-14.771869360132476,0.03215891122817993,0.026989340782165527,0.005169570446014404,0.6624768972396851,0.9204425712426504,0.5317698892060809,0.5062183480048591,-14.736772257901364,0.03336644079778099,0.005296642929960661
fall-07-cam0-rgb,fall,97,279442,0.5308804214000702,0.5300925672054291,0.47804343700408936,0.383256196975708,-19.79054790443687,0.037906765937805176,0.02692905068397522,0.010977715253829956,0.6194990277290344,0.906933863957723,0.5301534722764767,0.5299429747384862,-20.133926512272097,0.02991913589306205,0.0070284244947103405
fall-07-cam0-rgb,fall,99,279508,0.5308580696582794,0.5630947351455688,0.47157013416290283,0.44266700744628906,-26.211546050739567,0.03570854663848877,0.02442827820777893,0.011280268430709839,0.5666083693504333,0.8878534237543741,0.5298887833501347,0.5606888365564922,-26.742728653879567,0.02483977485786781,0.012385648579308503
fall-07-cam0-rgb,fall,101,279574,0.5302553176879883,0.600081205368042,0.45906004309654236,0.4986514151096344,-35.06566189337415,0.04278820753097534,0.02149134874343872,0.02129685878753662,0.5113497972488403,0.8667640884717306,0.5309758224270552,0.5984559334588769,-34.56317868272378,0.018128357692198272,0.021368315183755142
fall-08-cam0-rgb,fall,79,283148,0.39853380620479584,0.8297843039035797,0.20566556602716446,0.8586044609546661,-98.49878112981452,0.02903926372528076,0.1641615778207779,0.19320084154605865,0.5087459087371826,0.8698442677656809,0.3984715079977398,0.8284618187518344,-98.8649231055884,0.16143855381579625,0.19166884748708632
fall-08-cam0-rgb,fall,81,283214,0.4001469016075134,0.8292947113513947,0.20439376682043076,0.8646495044231415,-100.23777249622489,0.02767026424407959,0.16822940111160278,0.19589966535568237,0.5481385588645935,0.877760132153829,0.4001896998711994,0.8306201185498918,-99.94814095966478,0.16915160630430495,0.19772652004446306
fall-08-cam0-rgb,fall,83,283280,0.4014023542404175,0.8317983448505402,0.20368117839097977,0.8708288669586182,-101.16672263351168,0.030340731143951416,0.17196279764175415,0.20230352878570557,0.5745514035224915,0.8807906707127889,0.401597084743636,0.8329613336494991,-100.68799798483953,0.17714579829147886,0.20318063880716059
fall-08-cam0-rgb,fall,85,283346,0.40297257900238037,0.834995687007904,0.20559602975845337,0.8737943768501282,-101.12094918564667,0.024338841438293457,0.18356192111968994,0.2079007625579834,0.6090062856674194,0.8877449134985606,0.4026936626150498,0.835485464050657,-101.08449418111275,0.18542112977731812,0.208031203775179
fall-08-cam0-rgb,fall,87,283412,0.4033045768737793,0.8400565683841705,0.20511224120855331,0.8776907622814178,-100.75173091385696,0.014190912246704102,0.19902992248535156,0.21322083473205566,0.6239661574363708,0.8895050783952078,0.4034794334854399,0.8381925097533636,-101.13762954848411,0.19397760076182236,0.21227821494851798
fall-08-cam0-rgb,fall,89,283478,0.40408648550510406,0.8421677649021149,0.20513195544481277,0.878480464220047,-100.34363191976064,0.010585427284240723,0.2072930783033371,0.21787850558757782,0.6373114585876465,0.8912753959496816,0.40395439735480726,0.8410824707576207,-100.84740408695396,0.2028152112449919,0.21592167232717785
fall-08-cam0-rgb,fall,91,283544,0.4040576368570328,0.84286168217659,0.2041017785668373,0.8805165886878967,-100.66481938435028,0.009719371795654297,0.20764516294002533,0.21736453473567963,0.625852644443512,0.8837057749430338,0.4041185542231515,0.8441553470634278,-100.21381779652216,0.21193396122682667,0.21896157591115853
fall-09-cam0-rgb,fall,1,284544,0.5980498492717743,0.47075894474983215,0.6023433804512024,0.29932843148708344,1.4346909091295807,0.051921546459198,0.027127474546432495,0.024794071912765503,0.9858376383781433,0.9955034156640371,0.5994807201804534,0.47040674776741914,1.2871564973298502,0.025368882851167143,0.027631378354448205
fall-09-cam0-rgb,fall,3,284610,0.5977893173694611,0.47043681144714355,0.601265013217926,0.2992953211069107,1.1634544636846598,0.06221771240234375,0.027177423238754272,0.03504028916358948,0.9861330389976501,0.9953832228978475,0.597564588441993,0.47036363654064384,0.9996078342758274,0.027481353192618383,0.03514806980436494
fall-09-cam0-rgb,fall,5,284676,0.5968852341175079,0.4699835330247879,0.5975532233715057,0.29849153757095337,0.22317526454662606,0.0716366171836853,0.027850955724716187,0.043785661458969116,0.9856799840927124,0.995408167441686,0.5946303735692777,0.470474315425018,0.6802227613701826,0.030411207637229504,0.03987077540391447
fall-09-cam0-rgb,fall,7,284742,0.591606467962265,0.46995505690574646,0.5918896198272705,0.2980578988790512,0.09437847803431487,0.07877242565155029,0.03312721848487854,0.04564520716667175,0.9855459928512573,0.9955592751502991,0.5906780755623076,0.4707387844205417,0.3290012786129155,0.03415844618500051,0.041799495153096805
fall-09-cam0-rgb,fall,9,284808,0.584688663482666,0.4714437276124954,0.5851784944534302,0.29874856770038605,0.16251278872860964,0.07938778400421143,0.03929930925369263,0.0400884747505188,0.9847633242607117,0.9955593148867289,0.585707694421082,0.4711570435272144,-0.054056613995974216,0.038723068835931365,0.04093422905191192
fall-09-cam0-rgb,fall,11,284874,0.5797081887722015,0.4722805768251419,0.5782375037670135,0.29948902130126953,-0.48765119830850906,0.07919776439666748,0.04419335722923279,0.03500440716743469,0.9851410984992981,0.9957728584607443,0.5788400246725446,0.4719760615330231,-0.44269857074563407,0.045487620226748515,0.035308990772668365
fall-09-cam0-rgb,fall,13,284940,0.5710982382297516,0.4728811979293823,0.5694919228553772,0.29884079098701477,-0.5287994893986099,0.07967573404312134,0.05244019627571106,0.02723553776741028,0.9858362078666687,0.9960410296916962,0.5714168069940617,0.4730747253089749,-0.8412404024615638,0.05284369107964743,0.02777266308858793
fall-09-cam0-rgb,fall,15,285006,0.563728928565979,0.47321437299251556,0.5594534575939178,0.29701314866542816,-1.389992511439983,0.07873308658599854,0.05905640125274658,0.019676685333251953,0.986284077167511,0.9962227841218313,0.5643713120774265,0.4736902335118415,-1.3823872805986155,0.05841679619504252,0.019809160913739857
fall-09-cam0-rgb,fall,17,285072,0.5572718679904938,0.4740728735923767,0.5506329238414764,0.2941654920578003,-2.1133705264891214,0.07607495784759521,0.06275680661201477,0.013318151235580444,0.9868570566177368,0.9964450498421987,0.5573615983967133,0.47347252051551547,-1.8560363126448047,0.06148384659837325,0.012660139050834605
fall-09-cam0-rgb,fall,19,285138,0.5507587790489197,0.4739454388618469,0.5435248911380768,0.2916144132614136,-2.271988447692109,0.07153266668319702,0.06412595510482788,0.007406711578369141,0.9866135120391846,0.9964914321899414,0.5504800759868695,0.47273784585587325,-2.170201064987136,0.06214626346315648,0.007175116827993672
fall-09-cam0-rgb,fall,21,285204,0.5446715354919434,0.4712646007537842,0.5371802449226379,0.28935548663139343,-2.358193768364917,0.06046217679977417,0.058068037033081055,0.0023941397666931152,0.9863438606262207,0.9965095122655233,0.5443589788623695,0.47141146724358196,-2.383857582154307,0.05998867150250958,0.004768712889580494
fall-09-cam0-rgb,fall,23,285270,0.5379875302314758,0.4697332829236984,0.5310406982898712,0.286932572722435,-2.1763192934413738,0.04940295219421387,0.0525052547454834,0.0031023025512695312,0.9872663617134094,0.9967235426108042,0.5386799559706725,0.4700802067915592,-2.333306070285558,0.05382797431636158,0.004726435327942747
fall-09-cam0-rgb,fall,25,285336,0.5331022143363953,0.4692542403936386,0.5258853435516357,0.2845652252435684,-2.237739863600824,0.03900337219238281,0.047145068645477295,0.008141696453094482,0.9882556200027466,0.9969233075777689,0.5334971287162781,0.4696998654892943,-2.2679613003857657,0.0436882538583887,0.006761904854279051
fall-09-cam0-rgb,fall,27,285402,0.5281281173229218,0.4693107008934021,0.5216726958751678,0.28344349563121796,-1.989160975800454,0.02345937490463257,0.036629706621170044,0.013170331716537476,0.9891501069068909,0.9968968331813812,0.5281492665861585,0.47040905045482434,-1.9957331183970948,0.03225181132425989,0.011435184063333437
fall-09-cam0-rgb,fall,29,285468,0.5237391442060471,0.47246746718883514,0.518288865685463,0.28280922770500183,-1.6460768397426502,0.0028207898139953613,0.018630996346473694,0.015810206532478333,0.9875898361206055,0.9960509041945139,0.5226885945378952,0.47288462371279083,-1.5031950164407282,0.02202478006030571,0.018107534164474096
fall-09-cam0-rgb,fall,31,285534,0.5180196464061737,0.4768955111503601,0.5136376470327377,0.28320734202861786,-1.2960381003067314,0.013499259948730469,0.008274823427200317,0.021774083375930786,0.9787456393241882,0.9946574966112772,0.5173305062762579,0.47600705805536914,-0.8938613076576012,0.013375718485225313,0.02369318341279955
fall-09-cam0-rgb,fall,33,285600,0.5101735293865204,0.478833332657814,0.511017456650734,0.2834981679916382,0.24753950312847817,0.02124100923538208,0.009040027856826782,0.030281037092208862,0.97081059217453,0.9934704502423605,0.5118390238517283,0.4791161976593391,-0.23762231027529984,0.008599221512868798,0.027746086577316344
fall-09-cam0-rgb,fall,35,285666,0.5053661018610001,0.4830882251262665,0.5081201791763306,0.28429751098155975,0.7937338156668209,0.02261108160018921,0.010770604014396667,0.033381685614585876,0.962551474571228,0.9922191898028055,0.5055236295833209,0.48177342161987696,0.6217236845419789,0.009921175512400526,0.030715025929145434
fall-09-cam0-rgb,fall,37,285732,0.5003869533538818,0.48346322774887085,0.5046186447143555,0.2819788306951523,1.2031820729334473,0.01437830924987793,0.0140000581741333,0.02837836742401123,0.9482941031455994,0.9897114733854929,0.4990275544134562,0.4834763568330114,1.4764802036813178,0.01589587569494782,0.029874294673725595
fall-09-cam0-rgb,fall,39,285798,0.49373720586299896,0.4841262698173523,0.5005225241184235,0.2753543257713318,1.8615207057789362,0.003211498260498047,0.02355678379535675,0.026768282055854797,0.9306311011314392,0.9863416651884714,0.4927637856373016,0.48473888532423803,2.284745381572656,0.02333874665039439,0.02343419136165021
fall-09-cam0-rgb,fall,41,285864,0.4847685694694519,0.48521535098552704,0.49732546508312225,0.27055561542510986,3.3478014493988835,0.01111447811126709,0.03336048126220703,0.02224600315093994,0.8983292579650879,0.9807675381501516,0.486740329177864,0.4859211461626599,2.844979911567154,0.030513198473752792,0.01588026669634367
fall-09-cam0-rgb,fall,43,285930,0.48084963858127594,0.48611634969711304,0.493630588054657,0.26413795351982117,3.295306463947708,0.028409987688064575,0.0375203937292099,0.009110406041145325,0.9020498394966125,0.9815449317296346,0.4810240557054414,0.48600156411722034,3.34854255071167,0.03718888688655121,0.014839819821960462
fall-09-cam0-rgb,fall,45,285996,0.47559207677841187,0.48710107803344727,0.4900720715522766,0.2584047466516495,3.622867965947418,0.051505714654922485,0.04339224100112915,0.008113473653793335,0.9066483378410339,0.9823817213376363,0.4757831319198973,0.4859194098870985,3.5875412445317547,0.0430013276152796,0.022417514935716375
fall-09-cam0-rgb,fall,47,286062,0.4707227945327759,0.4859364330768585,0.4840293526649475,0.2530766874551773,3.2705582991471056,0.07794779539108276,0.04760468006134033,0.03034311532974243,0.9128537178039551,0.9835358162720998,0.4710958805822184,0.48490018697528026,3.2994929363652434,0.047624534665248026,0.03492196678341204
fall-09-cam0-rgb,fall,49,286128,0.46699056029319763,0.4826607406139374,0.4783397912979126,0.2502775490283966,2.7960145078957157,0.11164996027946472,0.05160000920295715,0.06004995107650757,0.9211607575416565,0.9850495159626007,0.4659228508735625,0.4835375328729672,2.5750205252972176,0.052880628477959324,0.04933816613831038
fall-09-cam0-rgb,fall,51,286194,0.4598849415779114,0.4825199395418167,0.4670523703098297,0.2482299953699112,1.752253513425652,0.13088026642799377,0.05882060527801514,0.07205966114997864,0.9283650517463684,0.9861357609430949,0.4594534379450267,0.4828880816311024,1.6271874003187223,0.059713826099515394,0.06256721836405905
fall-09-cam0-rgb,fall,53,286260,0.45238716900348663,0.48142461478710175,0.4532669931650162,0.24715251475572586,0.21517702775867267,0.13448846340179443,0.06649194657802582,0.06799651682376862,0.9350548982620239,0.9871436953544617,0.4512851473701974,0.4827633959390377,0.6049779964607336,0.06799378533125947,0.06773355029104065
fall-09-cam0-rgb,fall,55,286326,0.4423479288816452,0.4842175096273422,0.43938086926937103,0.24552439153194427,-0.7121748612740377,0.13659614324569702,0.07607288658618927,0.06052325665950775,0.9413582682609558,0.9881624380747477,0.44256107141445145,0.48415835575881905,-0.6644702861609639,0.07599772119418871,0.06422142626403204
fall-09-cam0-rgb,fall,57,286392,0.4339475631713867,0.4878148287534714,0.42526642978191376,0.24550925940275192,-2.0518705116328433,0.1382254958152771,0.0833885669708252,0.054836928844451904,0.9469619393348694,0.9889313081900278,0.43368954479178246,0.48678239238210497,-2.063917600624477,0.08167698985828453,0.05553706970823783
fall-09-cam0-rgb,fall,59,286458,0.42339693009853363,0.48850104212760925,0.411762997508049,0.24449141323566437,-2.7296907886487243,0.13384252786636353,0.08875788748264313,0.0450846403837204,0.9520689845085144,0.9896751244862875,0.4259451782548576,0.48968264660535876,-3.4405265302929746,0.08406422780705725,0.0471902628997703
fall-09-cam0-rgb,fall,61,286524,0.42054182291030884,0.4929085373878479,0.39757393300533295,0.24323931336402893,-5.256032933911774,0.1263865828514099,0.0839572548866272,0.042429327964782715,0.9567993879318237,0.9905916849772135,0.41962743798891644,0.4925166207861584,-4.777553115388171,0.0834276040137071,0.040715776996695055
fall-09-cam0-rgb,fall,63,286590,0.415107786655426,0.4947764724493027,0.38784967362880707,0.2414083331823349,-6.140436420057354,0.11499524116516113,0.08000186085700989,0.034993380308151245,0.9610615968704224,0.9914386371771494,0.4151211226786364,0.4941372844305898,-6.055228418528651,0.08119844390458347,0.0355119532965994
fall-09-cam0-rgb,fall,65,286656,0.41229385137557983,0.49554339051246643,0.38052865862846375,0.2366594672203064,-6.995256439835088,0.111156165599823,0.08003979921340942,0.031116366386413574,0.9648492336273193,0.9922056694825491,0.4121207821291757,0.49479184406144205,-6.975948882460575,0.08172636172730158,0.03166051737931895
fall-09-cam0-rgb,fall,67,286722,0.41039204597473145,0.49473002552986145,0.37537209689617157,0.2327447310090065,-7.613675695949456,0.11278939247131348,0.0836990475654602,0.02909034490585327,0.9682018160820007,0.9929122527440389,0.4105732162277414,0.4946197715801587,-7.542593884854034,0.08774224259120549,0.029526915901151012
fall-09-cam0-rgb,fall,69,286788,0.4094727784395218,0.49302710592746735,0.37415142357349396,0.2279641032218933,-7.590315200360193,0.12428340315818787,0.09566240012645721,0.028621003031730652,0.9709981083869934,0.993506650129954,0.40910335891432514,0.49347907066087116,-7.564925029397351,0.10028416440858454,0.028095854373721293
fall-09-cam0-rgb,fall,71,286854,0.4098978489637375,0.49198734760284424,0.3767472952604294,0.22479570657014847,-7.07256338409859,0.14653220772743225,0.11686255037784576,0.029669657349586487,0.9730744361877441,0.9939194818337759,0.40885715231750885,0.4921783099184813,-7.3201648472548895,0.1159396436049307,0.028553541217531436
fall-09-cam0-rgb,fall,73,286920,0.4107726216316223,0.49084338545799255,0.3798557221889496,0.22469785064458847,-6.626087965572483,0.16499310731887817,0.1341000199317932,0.03089308738708496,0.9752002358436584,0.9943909247716268,0.4100742755514197,0.49065289649612387,-6.481612603969571,0.1308880551552874,0.030701808083108965
fall-09-cam0-rgb,fall,75,286986,0.4127810597419739,0.4910716712474823,0.3862222582101822,0.22300703078508377,-5.65817741064366,0.17844420671463013,0.1440144181251526,0.03442978858947754,0.9767215251922607,0.9947472115357717,0.41401099745845327,0.4904348724461214,-5.202243684406977,0.14046016064557143,0.03535750314786831
fall-09-cam0-rgb,fall,77,287052,0.41953954100608826,0.4903595745563507,0.40162980556488037,0.21943584829568863,-3.7821028181722536,0.18591231107711792,0.14444497227668762,0.0414673388004303,0.9777000546455383,0.9950039386749268,0.4212909495675713,0.49178213803541027,-3.534512991010761,0.14209645160864937,0.04371819712898942
fall-09-cam0-rgb,fall,79,287118,0.43158940970897675,0.49150820076465607,0.4239690899848938,0.21824955195188522,-1.597384135920436,0.1900273859500885,0.1363607794046402,0.0536666065454483,0.978459894657135,0.9951527814070383,0.4327940988592249,0.4938372750302923,-1.9915911732472202,0.13480463933635048,0.056489058516242203
fall-09-cam0-rgb,fall,81,287184,0.44733990728855133,0.4979586750268936,0.4457797408103943,0.21884065866470337,-0.32025888096628397,0.18851664662361145,0.12039552628993988,0.06812112033367157,0.9795091152191162,0.9953569173812866,0.4478495208086899,0.49609695607191484,-0.7332860317638916,0.12194945085874351,0.07158421612147117
fall-09-cam0-rgb,fall,83,287250,0.4642641246318817,0.5004061758518219,0.4682428538799286,0.21639440208673477,0.802605749687979,0.19046038389205933,0.10642018914222717,0.08404019474983215,0.9805084466934204,0.9955697953701019,0.46429977698243474,0.4982271617625176,0.1852637240455803,0.10683092913586324,0.08320193424885394
fall-09-cam0-rgb,fall,85,287316,0.4826836585998535,0.4996225982904434,0.4832185208797455,0.21203985810279846,0.10656173560315929,0.18275874853134155,0.08955276012420654,0.09320598840713501,0.980578601360321,0.9955881237983704,0.4801298276686558,0.5001331565829059,0.7291744847895467,0.09221416737610114,0.0843947874261186
fall-09-cam0-rgb,fall,87,287382,0.49548208713531494,0.49972306191921234,0.4984292685985565,0.20829496532678604,0.5794063960261966,0.16288399696350098,0.07860839366912842,0.08427560329437256,0.9788112640380859,0.9952493707338969,0.4935563845293855,0.5014686049708033,1.1482789201303252,0.07997780689945456,0.07253315335228319
fall-09-cam0-rgb,fall,89,287448,0.5043842792510986,0.5008219629526138,0.512277826666832,0.20661867409944534,1.536891302670416,0.12640264630317688,0.06998646259307861,0.05641618371009827,0.9770700335502625,0.9949681957562765,0.5046661488421544,0.5011509054408954,1.4481165111141499,0.0699154595275977,0.05392165036944592
fall-09-cam0-rgb,fall,91,287514,0.5134250968694687,0.5011873543262482,0.5234550833702087,0.2048269435763359,1.9383716989556508,0.08462226390838623,0.06188519299030304,0.02273707091808319,0.972284197807312,0.994173655907313,0.513879177567762,0.5001408649342394,1.6013146141094672,0.06101147443443141,0.03434214828076296
fall-09-cam0-rgb,fall,93,287580,0.5205598622560501,0.5003135502338409,0.5314989537000656,0.20214487612247467,2.1011019901589436,0.04723227024078369,0.05431811511516571,0.007085844874382019,0.963495135307312,0.9926500717798868,0.5219347499536738,0.4984977700106502,1.6857197356897737,0.05312534876458049,0.020414307455479813
fall-09-cam0-rgb,fall,95,287646,0.5305088460445404,0.4945098012685776,0.5361392945051193,0.20068703591823578,1.0978096077305286,0.025597751140594482,0.04402211308479309,0.01842436194419861,0.9510629773139954,0.9905356963475546,0.5298851127877372,0.49516581547208616,1.3626068730595944,0.04509260766691969,0.017627449327217014
fall-09-cam0-rgb,fall,97,287712,0.5390933752059937,0.4905238300561905,0.541899710893631,0.19823142141103745,0.5500869870513441,0.008931159973144531,0.035915911197662354,0.026984751224517822,0.9223167896270752,0.9855258464813232,0.5389864496983483,0.4908008901845834,0.6748345253443218,0.035782145408840865,0.02368030281035928
fall-09-cam0-rgb,fall,99,287778,0.5477120280265808,0.48702065646648407,0.5473908185958862,0.19823918491601944,-0.06372963275670825,0.0088731050491333,0.027350008487701416,0.03622311353683472,0.864630401134491,0.97476198275884,0.548601468984698,0.48654724393056004,-0.11187294587675112,0.02528903023763133,0.03206337175586002
fall-09-cam0-rgb,fall,101,287844,0.5563108026981354,0.48180878162384033,0.5527537763118744,0.19855128973722458,-0.7194580679358028,0.024883806705474854,0.018324285745620728,0.04320809245109558,0.823278546333313,0.9678352872530619,0.5582684814542911,0.4833291776123494,-0.9094975227345998,0.01587849552239172,0.03736477219439167
fall-09-cam0-rgb,fall,103,287910,0.5688948035240173,0.48098818957805634,0.5609617233276367,0.20390735566616058,-1.6399830714198522,0.03142911195755005,0.00568079948425293,0.03710991144180298,0.7863938212394714,0.9618468880653381,0.5664299321381037,0.4816796572564477,-1.3908969153921777,0.00859503544770277,0.03841563401284151
fall-09-cam0-rgb,fall,105,287976,0.5753776729106903,0.4811672568321228,0.5659860372543335,0.21096719056367874,-1.990689908276097,0.03353404998779297,0.0007961690425872803,0.03273788094520569,0.7399057149887085,0.9540872673193613,0.5739451369423878,0.4808771017438914,-1.8128031547221881,0.004892064508421591,0.03836890255217938
fall-09-cam0-rgb,fall,107,288042,0.5798969864845276,0.48133261501789093,0.56947460770607,0.21672818809747696,-2.255630372308069,0.04181468486785889,0.005299031734466553,0.036515653133392334,0.6987237334251404,0.9472591380278269,0.5802090395064572,0.4806332396609435,-2.198533043111039,0.005498693360910781,0.03723420312394306
fall-09-cam0-rgb,fall,109,288108,0.5827324986457825,0.4810151159763336,0.5738502442836761,0.21962711215019226,-1.946225271773451,0.047904253005981445,0.008497655391693115,0.03940659761428833,0.6740623116493225,0.9433243771394094,0.5850997383976386,0.48082358915826384,-2.4276887080016625,0.010423249496526,0.036096696213726305
fall-09-cam0-rgb,fall,111,288174,0.5891564190387726,0.48064883053302765,0.5773356854915619,0.22159408777952194,-2.6126086866474885,0.054704368114471436,0.016802698373794556,0.03790166974067688,0.6911566853523254,0.946388711531957,0.5883003526177748,0.4804824657125384,-2.54374863592748,0.013703130153350479,0.036466790871186636
fall-09-cam0-rgb,fall,113,288240,0.5913618505001068,0.4794326424598694,0.5781242847442627,0.22292307764291763,-2.9542150122461526,0.055091261863708496,0.01998940110206604,0.035101860761642456,0.7086307406425476,0.9494899411996206,0.5910483614190823,0.4798422614475342,-2.5968124985090046,0.014164590474330996,0.036169001034327866
fall-09-cam0-rgb,fall,115,288306,0.5930021703243256,0.4792373329401016,0.5815959572792053,0.22411653399467468,-2.559936101403983,0.05206853151321411,0.018248051404953003,0.03382048010826111,0.7235919833183289,0.9521443446477255,0.5923667850690477,0.47881469678827115,-2.564870312538059,0.013380599357348998,0.03538928313172736
fall-09-cam0-rgb,fall,117,288372,0.5923301875591278,0.47834332287311554,0.5810358226299286,0.22429987788200378,-2.5456023601475475,0.03735756874084473,0.002281695604324341,0.035075873136520386,0.7408069968223572,0.955157627662023,0.5923363846359821,0.4771394251615963,-2.5365896691448553,0.013285680895759926,0.035368065684388675
fall-09-cam0-rgb,fall,119,288438,0.5908632576465607,0.4774111658334732,0.5808221697807312,0.22604122757911682,-2.2874901277569455,0.0258406400680542,0.009826987981796265,0.035667628049850464,0.7443060278892517,0.9556673665841421,0.5905134059908062,0.47564453983203603,-2.3450254558886634,0.013544523999804523,0.03627671733563075
fall-09-cam0-rgb,fall,121,288504,0.5871380269527435,0.47665219008922577,0.5766862630844116,0.2289188802242279,-2.4158520806548864,0.019110441207885742,0.019787341356277466,0.03889778256416321,0.7529850602149963,0.9570311804612478,0.5879281319323031,0.4761549815600046,-2.371941308096568,0.016097936408344265,0.037051279694486954
fall-09-cam0-rgb,fall,123,288570,0.5852804183959961,0.47868604958057404,0.5729848146438599,0.23373530805110931,-2.873620227290597,0.014147281646728516,0.024363040924072266,0.03851032257080078,0.7481755018234253,0.955819696187973,0.5846663584440809,0.48181601733098234,-2.6740920334190363,0.02086314958927432,0.03869508226196482
fall-09-cam0-rgb,fall,125,288636,0.5815589427947998,0.4894641488790512,0.5669046640396118,0.24269521981477737,-3.3984967981887753,0.01186591386795044,0.025278210639953613,0.03714412450790405,0.7515614032745361,0.9560527900854746,0.5816224767016118,0.4931538567527541,-3.4911142641390622,0.02666214843849079,0.037907770443788284
fall-09-cam0-rgb,fall,127,288702,0.5783450603485107,0.5091937780380249,0.5565392971038818,0.26500585675239563,-5.102926513156644,0.008095145225524902,0.027878940105438232,0.035974085330963135,0.7489832043647766,0.9551012615362803,0.5789744127622407,0.5108352431229175,-5.1078373373108406,0.027966769355716084,0.037229558477153965
fall-09-cam0-rgb,fall,129,288768,0.5763543844223022,0.5368747413158417,0.5464852750301361,0.2991306483745575,-7.160867537271132,0.009636640548706055,0.028377532958984375,0.03801417350769043,0.7130195498466492,0.9465858042240143,0.5769740435984223,0.530561109809648,-7.83455023023245,0.028516565308426348,0.03406978652074738
fall-09-cam0-rgb,fall,131,288834,0.5757578611373901,0.5590438544750214,0.5320380330085754,0.33916476368904114,-11.245778217995841,0.001012265682220459,0.027053475379943848,0.02604120969772339,0.6559458374977112,0.9294141431649526,0.5753845589888557,0.5544195375272202,-11.424399919150524,0.027669447389515933,0.029459227382878695
fall-09-cam0-rgb,fall,133,288900,0.5744251012802124,0.5856221616268158,0.5169746726751328,0.3841935247182846,-15.918933925605694,0.003976047039031982,0.023826956748962402,0.027803003787994385,0.5939952731132507,0.9059158662954966,0.5742059589335409,0.5824105262756343,-15.877386404065065,0.02542541559898489,0.023397881063547968
fall-09-cam0-rgb,fall,135,288966,0.5733731985092163,0.6085459291934967,0.5041585862636566,0.4324801117181778,-21.46067448777118,0.009910941123962402,0.02340102195739746,0.013490080833435059,0.5355343222618103,0.8826875984668732,0.5734382434324781,0.6145340760548903,-21.19350968497608,0.021784469936833202,0.015885747562755192
fall-11-cam0-rgb,fall,1,290966,0.5403133034706116,0.48124128580093384,0.5211222320795059,0.23701001703739166,-4.492924617540004,0.03852212429046631,0.04431498050689697,0.005792856216430664,0.989375114440918,0.9978533585866293,0.5402229077888255,0.4808751067428876,-4.764446234458026,0.04533082969260931,0.006232200608109004
fall-11-cam0-rgb,fall,3,291032,0.543707549571991,0.48143263161182404,0.523568645119667,0.23670177161693573,-4.704270716329161,0.053545594215393066,0.059437334537506104,0.005891740322113037,0.9890908002853394,0.9978048801422119,0.5431372296629527,0.4810989208745232,-4.553587586912073,0.06046005767403222,0.003746814167860797
fall-11-cam0-rgb,fall,5,291098,0.5465616881847382,0.4814685434103012,0.5280035734176636,0.23438366502523422,-4.295321304191059,0.07109671831130981,0.07405731081962585,0.00296059250831604,0.9880939722061157,0.9976061681906382,0.5472120091383589,0.48180820045275075,-4.231220575844572,0.07143589009196208,0.0035284317546076683
fall-11-cam0-rgb,fall,7,291164,0.5521577000617981,0.48212645947933197,0.5341282039880753,0.23262903839349747,-4.133195103309272,0.08301377296447754,0.07974940538406372,0.0032643675804138184,0.9873035550117493,0.9974361062049866,0.5524472462150439,0.4830029454775701,-3.797345201255522,0.07825832694639888,0.005577053368349618
fall-11-cam0-rgb,fall,9,291230,0.5583545863628387,0.48377546668052673,0.5431897342205048,0.23166204988956451,-3.4422459332944437,0.08945256471633911,0.08032241463661194,0.009130150079727173,0.9867963194847107,0.9973518451054891,0.5588429408930072,0.48468315594898087,-3.251961463144922,0.08092736823734255,0.009892679009086629
fall-11-cam0-rgb,fall,11,291296,0.5664960741996765,0.48708128929138184,0.5557676255702972,0.23045390844345093,-2.3938875839156895,0.09700912237167358,0.0799519419670105,0.017057180404663086,0.9864301085472107,0.997279554605484,0.5669577681657031,0.4874944229533654,-2.3994512136732276,0.0778405459928305,0.0174608246072546
fall-11-cam0-rgb,fall,13,291362,0.5758973658084869,0.49084751307964325,0.5694812536239624,0.22957831621170044,-1.406757018464435,0.09865421056747437,0.07159706950187683,0.027057141065597534,0.9857296347618103,0.9971486429373423,0.5761593956967961,0.4903983878882925,-1.5837061955472147,0.07107307255526116,0.028068307674292324
fall-11-cam0-rgb,fall,15,291428,0.5857261717319489,0.49402984976768494,0.5825510025024414,0.22749854624271393,-0.6825284247433155,0.09917789697647095,0.061425477266311646,0.0377524197101593,0.9846063852310181,0.9969227115313212,0.5855549874501819,0.49286918484029246,-0.891838479405307,0.0627851603609142,0.03850804740216303
fall-11-cam0-rgb,fall,17,291494,0.5951857566833496,0.4947093278169632,0.5934434533119202,0.2258354276418686,-0.3712715608705197,0.10102629661560059,0.05288851261138916,0.048137784004211426,0.9847707748413086,0.9969359834988912,0.5944468394502409,0.4945838367526142,-0.3877027212127103,0.054231132263744986,0.04623688325221398
fall-11-cam0-rgb,fall,19,291560,0.6023669540882111,0.4944155365228653,0.6016453504562378,0.2203611508011818,-0.15086329283282468,0.09966051578521729,0.04640612006187439,0.053254395723342896,0.9854369759559631,0.9970343907674154,0.6019761612663013,0.4951289015543918,-0.05281330854921255,0.04657865486619786,0.050370736942662746
fall-11-cam0-rgb,fall,21,291626,0.6085118353366852,0.4942682236433029,0.6080946624279022,0.2140466645359993,-0.08529761028531109,0.08960849046707153,0.04032990336418152,0.049278587102890015,0.9855285882949829,0.9969502985477448,0.6078999460517578,0.4941563477247817,0.1614595066088375,0.04147471803607357,0.04911913964655485
fall-11-cam0-rgb,fall,23,291692,0.6123622357845306,0.49339909851551056,0.6142240464687347,0.20977401733398438,0.3761034173747202,0.07948541641235352,0.03739580512046814,0.042089611291885376,0.9859123229980469,0.9969081183274587,0.6125193193103319,0.49226648731407074,0.2609876794932645,0.03727971720489067,0.040411124626795386
fall-11-cam0-rgb,fall,25,291758,0.6155379712581635,0.49057091772556305,0.6175574958324432,0.20467673987150192,0.4047242621920762,0.06782758235931396,0.03510412573814392,0.032723456621170044,0.9860802888870239,0.9967058797677358,0.6158362016791381,0.4897678898913512,0.30483627875477526,0.03423952398362093,0.029910338260394624
fall-11-cam0-rgb,fall,27,291824,0.6186643838882446,0.48673371970653534,0.6193613111972809,0.2012031078338623,0.13984810201703882,0.04954105615615845,0.03242582082748413,0.017115235328674316,0.986262857913971,0.9964006245136261,0.6189061701297751,0.48765883991470516,0.10053031743533575,0.0310235675021167,0.01963103527114502
fall-11-cam0-rgb,fall,29,291890,0.6218350231647491,0.4858343303203583,0.620181679725647,0.1982681155204773,-0.3294147660517415,0.023960649967193604,0.026961952447891235,0.003001302480697632,0.9824244379997253,0.9948228895664215,0.6218517021441348,0.4868052491506966,-0.3525295349446358,0.026743541161219242,0.01187522960947704
fall-11-cam0-rgb,fall,31,291956,0.6235410571098328,0.4855289161205292,0.6194808781147003,0.193979911506176,-0.7978627254280033,0.015552520751953125,0.027171075344085693,0.011618554592132568,0.980372428894043,0.9939161936442057,0.624556981381915,0.48735409091303283,-1.0420904782595608,0.023694508003466022,0.007573799395457997
fall-11-cam0-rgb,fall,33,292022,0.6276835203170776,0.48994284868240356,0.6177000999450684,0.19225413352251053,-1.920776715732451,0.01529926061630249,0.022665977478027344,0.0073667168617248535,0.9783435463905334,0.9929835895697275,0.6267234934614841,0.48954659113378163,-1.7285613800958848,0.02336362623549124,0.006514005717777062
fall-11-cam0-rgb,fall,35,292088,0.6290129721164703,0.4937334358692169,0.6157501041889191,0.18862708657979965,-2.48906080694365,0.016680598258972168,0.02494141459465027,0.0082608163356781,0.9735217094421387,0.9915714065233866,0.6282353193470918,0.492395737212457,-2.3094524821931266,0.03215595073514166,0.008291635549429677
fall-11-cam0-rgb,fall,37,292154,0.6288456916809082,0.49498356878757477,0.6132399439811707,0.18462510406970978,-2.8785779816705706,0.03290289640426636,0.04333603382110596,0.0104331374168396,0.9704256057739258,0.991048147281011,0.6289509236812583,0.49475614229837983,-2.711093260609107,0.04918721756893828,0.01021287154841731
fall-11-cam0-rgb,fall,39,292220,0.6291162967681885,0.4968561679124832,0.6127709448337555,0.17999401688575745,-2.952988555635505,0.054949820041656494,0.06474965810775757,0.009799838066101074,0.9691672325134277,0.990780383348465,0.6290647578445855,0.4964037474357713,-2.972868033813727,0.06901512827192025,0.009942326452824961
fall-11-cam0-rgb,fall,41,292286,0.6293951570987701,0.49627141654491425,0.6121246218681335,0.17449244856834412,-3.0722338662855337,0.09058630466461182,0.10091719031333923,0.010330885648727417,0.966837465763092,0.9890530506769816,0.6291976500125149,0.4961797905948764,-3.2337412115182653,0.08793416000031792,0.009729149924728248
fall-11-cam0-rgb,fall,43,292352,0.6295662522315979,0.49590355157852173,0.6107363998889923,0.16970864683389664,-3.3037766113991434,0.10029244422912598,0.10961437225341797,0.009321928024291992,0.9537320137023926,0.9862170815467834,0.6293927611726693,0.4947597767625529,-3.385292678952182,0.10262126246572043,0.008475320679800839
fall-11-cam0-rgb,fall,45,292418,0.6316308677196503,0.4955757260322571,0.6088816523551941,0.1650235503911972,-3.936994124968011,0.09783011674880981,0.10506835579872131,0.007238239049911499,0.9418644309043884,0.9837392469247183,0.631807715087741,0.49516230124931754,-3.6228073468150765,0.1086476878686383,0.004243573327085151
fall-11-cam0-rgb,fall,47,292484,0.6366446316242218,0.49381013214588165,0.6089407205581665,0.16128140687942505,-4.76247536249237,0.0992283821105957,0.10156062245368958,0.002332240343093872,0.8941975235939026,0.9738551676273346,0.6371815365888331,0.49615025442916005,-4.311219922244353,0.10634187302548115,0.0017866552908183178
fall-11-cam0-rgb,fall,49,292550,0.6407120525836945,0.4971490204334259,0.6128610074520111,0.1598505638539791,-4.720257370029743,0.09820693731307983,0.10189500451087952,0.0036880671977996826,0.8457711935043335,0.965946247180303,0.6448655354254165,0.4978132947827823,-5.477530361799425,0.09650079267365577,0.006010533282251063
fall-11-cam0-rgb,fall,51,292616,0.6561570763587952,0.5088565051555634,0.613892138004303,0.16329487413167953,-6.973096835583838,0.08772492408752441,0.08954864740371704,0.001823723316192627,0.8022588491439819,0.9585635264714559,0.6545772036432695,0.5024729877452306,-7.33871346723987,0.08874801201221734,0.015939609828965466
fall-11-cam0-rgb,fall,53,292682,0.6674416959285736,0.510939747095108,0.6071473956108093,0.1745774894952774,-10.162570425107386,0.05229395627975464,0.07926961779594421,0.026975661516189575,0.7296379208564758,0.9383009175459543,0.6809805541327496,0.49529034763703544,-6.555888053638202,0.07506172997610899,0.013481191226414259
fall-11-cam0-rgb,fall,55,292748,0.6746237874031067,0.5230402052402496,0.5991202890872955,0.20047635585069656,-13.174209043903467,0.0222511887550354,0.0730169415473938,0.0507657527923584,0.6617926359176636,0.9193321665128072,0.6803794634806636,0.5271490436224703,-12.177485709526552,0.07796756787733586,0.033228690748090824
fall-11-cam0-rgb,fall,57,292814,0.6835503280162811,0.5513588488101959,0.5872108042240143,0.24174418300390244,-17.28402263749438,0.031170248985290527,0.07937052845954895,0.04820027947425842,0.6022644639015198,0.9022819697856903,0.6587966672785861,0.5843092043162417,-22.324456112017636,0.09122014819801615,0.06461615970124404
fall-11-cam0-rgb,fall,59,292880,0.6893976032733917,0.585159033536911,0.5787659287452698,0.30125582218170166,-21.289915285188954,0.04388785362243652,0.07877317070960999,0.03488531708717346,0.5446377992630005,0.8822878499825796,0.6232906567069867,0.654182797128503,-35.19917966754006,0.1090953662281943,0.09540370455035901
fall-11-cam0-rgb,fall,87,293804,0.518156886100769,0.8117181956768036,0.3936785161495209,0.7470318377017975,-62.540930710470235,0.009816467761993408,0.16684681177139282,0.17666327953338623,0.5038711428642273,0.864729255437851,0.5832498113572331,0.724710985050572,-48.961462910674555,0.12437948945796831,0.11742902614853581
fall-11-cam0-rgb,fall,89,293870,0.5199989080429077,0.8129905462265015,0.39482077956199646,0.7577925026416779,-66.20463253785532,0.010867834091186523,0.1456296443939209,0.15649747848510742,0.5533987283706665,0.8781458139419556,0.5463176447075675,0.7834791227594587,-61.50414205870412,0.1315026084582009,0.13113863875855597
fall-11-cam0-rgb,fall,91,293936,0.5263890326023102,0.8117568492889404,0.39655737578868866,0.7662868201732635,-70.69857325010136,0.003080606460571289,0.12185308337211609,0.12493368983268738,0.5973756909370422,0.889819989601771,0.5202735775992976,0.8207661887525983,-70.71028216355384,0.12782320676943937,0.13578370948890567
fall-11-cam0-rgb,fall,93,294002,0.5291011035442352,0.8072039186954498,0.3976758122444153,0.7651087939739227,-72.23989423851084,0.006170094013214111,0.10498747229576111,0.11115756630897522,0.6372185349464417,0.8998731772104899,0.51267856720722,0.8315329218839658,-74.92465433743399,0.1089891022417967,0.12595937262365808
fall-11-cam0-rgb,fall,95,294068,0.531974732875824,0.8113527894020081,0.39977729320526123,0.7691543996334076,-72.29653660186072,0.008532822132110596,0.09072250127792358,0.09925532341003418,0.6730983257293701,0.9083192845185598,0.5320710099878757,0.8108879314872597,-72.48983014006308,0.09466794133186328,0.09799083912527393
fall-11-cam0-rgb,fall,97,294134,0.5360828638076782,0.8117471933364868,0.40314100682735443,0.7693665027618408,-72.31817756652134,0.0048133134841918945,0.08664059638977051,0.0914539098739624,0.7057777643203735,0.9174111485481262,0.5361881770870894,0.8106397404557171,-72.81089827398152,0.09786935428004231,0.09348467224604111
fall-11-cam0-rgb,fall,99,294200,0.5372599959373474,0.8126231133937836,0.4093370884656906,0.7719212770462036,-72.35024464839344,0.004099130630493164,0.08998620510101318,0.09408533573150635,0.7345749139785767,0.9228237668673197,0.5395031712013914,0.8109653645005566,-72.51687400245939,0.10919635365535671,0.0976421356975257
fall-11-cam0-rgb,fall,101,294266,0.5440731048583984,0.8098122477531433,0.41665805876255035,0.7693556249141693,-72.38439848745841,0.057187795639038086,0.16651546955108643,0.10932767391204834,0.7608747482299805,0.9294968545436859,0.5428465163552908,0.8115049444493782,-72.38111823423576,0.12596684075021106,0.10801034159474543
fall-11-cam0-rgb,fall,103,294332,0.5474317073822021,0.8096208572387695,0.41890111565589905,0.7702400088310242,-72.96531248108276,0.011698305606842041,0.14096331596374512,0.12926501035690308,0.7847071886062622,0.9359762767950693,0.5454288154711446,0.8104702881920377,-72.53331294250553,0.14893218849128437,0.1283907907091692
fall-11-cam0-rgb,fall,105,294398,0.54644775390625,0.8104819059371948,0.4228438585996628,0.771196186542511,-72.36789028110212,0.01712334156036377,0.1653364896774292,0.14821314811706543,0.8062363862991333,0.9423783818880717,0.547075918484559,0.8095703149512721,-72.64243238798497,0.17501845633312713,0.15338099002838113
fall-11-cam0-rgb,fall,107,294464,0.5477092862129211,0.8092692494392395,0.42474856972694397,0.7720400094985962,-73.15508123139175,0.012325763702392578,0.19126778841018677,0.1789420247077942,0.8256125450134277,0.9481394092241923,0.5479602270570144,0.807880946181036,-73.33118066149873,0.1985767957194024,0.1789710295922826
fall-11-cam0-rgb,fall,109,294530,0.5475841462612152,0.8060388565063477,0.42803366482257843,0.772372841835022,-74.27251430273327,0.014249920845031738,0.22702762484550476,0.21277770400047302,0.8430495858192444,0.9533176720142365,0.5478543686918358,0.8065799072191301,-74.44373593801929,0.21929080803672957,0.20465386004158914
fall-11-cam0-rgb,fall,111,294596,0.5479148328304291,0.8052036464214325,0.42734789848327637,0.7729119956493378,-75.0062793814029,0.028099000453948975,0.251837819814682,0.22373881936073303,0.8587193489074707,0.9579240381717682,0.5480424622436615,0.8051805919382984,-75.79422754514884,0.24943649717223557,0.22691886868827754
fall-11-cam0-rgb,fall,113,294662,0.5482302010059357,0.8023253381252289,0.4264097064733505,0.7770377695560455,-78.27305294151301,0.025355756282806396,0.2657301723957062,0.24037441611289978,0.8727250695228577,0.9618063569068909,0.5487006754328154,0.8042258230638699,-77.34609685508855,0.2693448715653767,0.24263307297384545
fall-11-cam0-rgb,fall,115,294728,0.5496218800544739,0.8048335611820221,0.4255470335483551,0.7803914546966553,-78.85572249520341,0.032677650451660156,0.2896283268928528,0.2569506764411926,0.8848707675933838,0.9638680418332418,0.5490259935845536,0.8042425749363826,-78.58146394869027,0.2813400664886867,0.24931589684961125
fall-11-cam0-rgb,fall,117,294794,0.5496411025524139,0.8054122626781464,0.4241243451833725,0.7818476855754852,-79.36703439919349,0.03426438570022583,0.28615304827690125,0.2518886625766754,0.8956764340400696,0.9658391376336416,0.5494991740881099,0.805074891099681,-79.41370624157071,0.2854082983035542,0.2494382730552125
fall-11-cam0-rgb,fall,119,294860,0.5499159395694733,0.8063073754310608,0.4229227155447006,0.7833490669727325,-79.75253716767978,0.03923201560974121,0.2839568555355072,0.244724839925766,0.8962578773498535,0.9668273627758026,0.5499357961731031,0.8060092100333329,-79.81903000238371,0.285889644772459,0.24797447819214327
fall-11-cam0-rgb,fall,121,294926,0.5498020648956299,0.8070278763771057,0.4224231243133545,0.783762514591217,-79.64920059140606,0.041037142276763916,0.2806529402732849,0.239615797996521,0.8917708396911621,0.9675006866455078,0.550254075300125,0.8071249989204066,-79.59087958760401,0.28435857006997733,0.2435681456095209
fall-11-cam0-rgb,fall,123,294992,0.5506975650787354,0.8076278865337372,0.42273513972759247,0.7836336195468903,-79.37977712098194,0.04242730140686035,0.2803384065628052,0.23791110515594482,0.8945125341415405,0.9693345725536346,0.550660563792501,0.8077171988688506,-79.54462289571467,0.2844257709654894,0.24212028669330457
fall-11-cam0-rgb,fall,125,295058,0.5511487126350403,0.8079159557819366,0.42296238243579865,0.7835055887699127,-79.21832323833716,0.041575610637664795,0.28186386823654175,0.24028825759887695,0.8985350728034973,0.9712509711583456,0.5510721499011627,0.8081139462205754,-79.35886752399959,0.2836039956771965,0.24062906836534467
fall-11-cam0-rgb,fall,127,295124,0.551302582025528,0.8083749115467072,0.42305321991443634,0.7830043733119965,-78.81011125592799,0.04279148578643799,0.2822330892086029,0.23944160342216492,0.9034030437469482,0.9731928110122681,0.5514888336261111,0.808315240975582,-79.03361347245884,0.281893244205099,0.23909449062564145
fall-11-cam0-rgb,fall,129,295190,0.5520795583724976,0.808436244726181,0.4233364313840866,0.7830079197883606,-78.82719668342386,0.04238396883010864,0.2820011377334595,0.23961716890335083,0.9044152498245239,0.9743411839008331,0.551910614967346,0.8083210831338706,-78.56886074109241,0.2792935165491969,0.23751655347419492
fall-12-cam0-rgb,fall,1,296190,0.8266507387161255,0.6155691742897034,0.848373532295227,0.423440545797348,6.450684581542069,0.03944927453994751,0.11104953289031982,0.15049880743026733,0.6530256867408752,0.9402867456277212,0.8242278483780944,0.6158673985437909,7.150054807830664,0.11084854548627672,0.14874702493349698
fall-12-cam0-rgb,fall,3,296256,0.819236159324646,0.6136908829212189,0.8487738072872162,0.4227912575006485,8.795551856412567,0.03796130418777466,0.10540980100631714,0.1433711051940918,0.6528388261795044,0.9402632216612498,0.8193271012920319,0.6138161282647736,8.9186987244905,0.10366628504160673,0.14300886889298747
fall-12-cam0-rgb,fall,5,296322,0.8110425174236298,0.6127351820468903,0.8483241200447083,0.42233340442180634,11.078630737660454,0.03862661123275757,0.09708932042121887,0.13571593165397644,0.6489023566246033,0.9395628174146017,0.8153400485778781,0.6120162908907056,9.839308838826023,0.09915218013963653,0.13887692391872397
fall-12-cam0-rgb,fall,7,296388,0.8107997477054596,0.6102343201637268,0.8465566039085388,0.4200170785188675,10.646168285257275,0.03787630796432495,0.09681853652000427,0.13469484448432922,0.634071946144104,0.9370246231555939,0.8122666902356331,0.6104678864215871,9.911885150837232,0.09730623078036614,0.13635119001070653
fall-12-cam0-rgb,fall,9,296454,0.8110083639621735,0.610203891992569,0.8411887884140015,0.41900838911533356,8.970188379224597,0.038377463817596436,0.09707465767860413,0.13545212149620056,0.626370370388031,0.9357655545075735,0.8101070262652958,0.6091709148574176,9.136427660524117,0.09812843696379545,0.13543166716893495
fall-12-cam0-rgb,fall,11,296520,0.8107267320156097,0.6070118844509125,0.8337679803371429,0.41593150794506073,6.875760476933255,0.03658837080001831,0.10109540820121765,0.13768377900123596,0.5962127447128296,0.9305295248826345,0.8106128461175139,0.6080480632069815,6.976719117406741,0.10412117890465297,0.138342784983771
fall-12-cam0-rgb,fall,13,296586,0.8107249736785889,0.6070066094398499,0.8247257173061371,0.4157204180955887,4.18616537258343,0.03166520595550537,0.10924851894378662,0.140913724899292,0.5768707394599915,0.927277406056722,0.8106648204646574,0.6070553370110392,4.269920153721346,0.11197984786260679,0.1425170103708901
fall-12-cam0-rgb,fall,15,296652,0.8098888099193573,0.606763482093811,0.8143994510173798,0.4165554344654083,1.3584717961282238,0.022775113582611084,0.1204499900341034,0.14322510361671448,0.5653279423713684,0.9254402915636698,0.80922125079931,0.6066368775708326,1.5273784680705333,0.11789069044125527,0.14408965970014576
fall-12-cam0-rgb,fall,17,296718,0.8082960247993469,0.606865793466568,0.8030579090118408,0.4163343608379364,-1.5747866107540678,0.020551085472106934,0.12496483325958252,0.14551591873168945,0.5597188472747803,0.9246335724989573,0.8069122369155212,0.6066282053530465,-1.2006567337224425,0.11893132341888542,0.1405399397854163
fall-12-cam0-rgb,fall,19,296784,0.801359236240387,0.6063707172870636,0.7888218462467194,0.41564805805683136,-3.7609977818192424,0.020596802234649658,0.11536729335784912,0.13596409559249878,0.5593743324279785,0.9246980746587118,0.8047388388222935,0.6080535051626552,-2.498750396730365,0.11692281680189669,0.1327594999885144
fall-12-cam0-rgb,fall,21,296850,0.7987449169158936,0.6075345873832703,0.7757988572120667,0.4147726446390152,-6.78844977401317,0.015498518943786621,0.10157310962677002,0.11707162857055664,0.5393558740615845,0.9213344752788544,0.79838144508275,0.6080185885811256,-6.030678859788058,0.09949782361715888,0.1166516146360536
fall-12-cam0-rgb,fall,23,296916,0.7934080362319946,0.6081131398677826,0.7606597244739532,0.4160563200712204,-9.676646924854252,0.014311075210571289,0.08148789405822754,0.09579896926879883,0.5265316963195801,0.9192625482877096,0.7898780547437203,0.6068484029728605,-11.564841592666644,0.07558269843910669,0.09691169754767301
fall-12-cam0-rgb,fall,25,296982,0.7855319082736969,0.6070375442504883,0.7420513331890106,0.41967785358428955,-13.065360269632892,0.014717042446136475,0.06540784239768982,0.0801248848438263,0.5064713358879089,0.9158921440442404,0.7811000905769716,0.602955835851239,-18.839532916943845,0.05321780569625616,0.07812261697533832
fall-12-cam0-rgb,fall,33,297246,0.7626974284648895,0.5963185727596283,0.6643364727497101,0.44386227428913116,-32.829086707364624,0.06131410598754883,0.010871976613998413,0.050442129373550415,0.5153517127037048,0.9174499412377676,0.7798569185651214,0.595537414798488,-25.17330171590347,0.030739020088534297,0.05634682144953568
fall-12-cam0-rgb,fall,35,297312,0.7603591084480286,0.5910769104957581,0.6473013162612915,0.45462800562381744,-39.64420686346456,0.07789868116378784,0.028943777084350586,0.048954904079437256,0.527234673500061,0.9195801019668579,0.7644194707725975,0.5875126181484809,-38.849146101880706,0.032352141229621226,0.044952987850486396
fall-12-cam0-rgb,fall,37,297378,0.7548528015613556,0.5817922055721283,0.6271049976348877,0.46602654457092285,-47.81698164062924,0.086314857006073,0.043512195348739624,0.042802661657333374,0.5284851789474487,0.9199166496594747,0.7406103352963656,0.5832913195416001,-55.35116633440488,0.050468351675834425,0.04004429841970464
fall-12-cam0-rgb,fall,39,297444,0.7409412264823914,0.5813179612159729,0.5983715057373047,0.4915913790464401,-57.81564619924763,0.08301860094070435,0.05920916795730591,0.023809432983398438,0.5155744552612305,0.9178722699483236,0.7072638011339929,0.5886006506232464,-69.68730382012274,0.08254269487930055,0.04675197794839927
fall-12-cam0-rgb,fall,47,297708,0.6399785578250885,0.6013472676277161,0.4949272572994232,0.6190261542797089,-96.94894994330332,0.08981579542160034,0.15899822115898132,0.06918242573738098,0.5162277817726135,0.918297549088796,0.6702926225992498,0.6050649872331899,-77.59638136912022,0.12084691478060419,0.05430229969354927
fall-12-cam0-rgb,fall,49,297774,0.6216296851634979,0.6331518590450287,0.47138965129852295,0.6261922717094421,-87.34777663751869,0.08670598268508911,0.15547224879264832,0.0687662661075592,0.5577366352081299,0.9253066380818685,0.6272980655942635,0.6364692431507679,-79.8364509978216,0.15146855100408754,0.06324014183762777
fall-12-cam0-rgb,fall,51,297840,0.5842191874980927,0.676000565290451,0.45085546374320984,0.6386969089508057,-74.3729675995367,0.082516610622406,0.1750144064426422,0.0924977958202362,0.5972594022750854,0.9319867889086405,0.5874547252665341,0.6779501329768778,-76.28483083622999,0.17873632688542954,0.08113195408474305
fall-12-cam0-rgb,fall,53,297906,0.5674625337123871,0.715721070766449,0.44347964227199554,0.6508334875106812,-62.37427619106041,0.10574781894683838,0.18012431263923645,0.07437649369239807,0.6100660562515259,0.9341778953870138,0.557211498419443,0.7183069906709503,-68.6586901290681,0.19588095362568286,0.10283435345728145
fall-12-cam0-rgb,fall,55,297972,0.5379348993301392,0.7674879431724548,0.4214823991060257,0.6835151612758636,-54.204987897554375,0.08562576770782471,0.20377302169799805,0.11814725399017334,0.5976230502128601,0.9311731060345968,0.5424517237004771,0.7516382988139138,-59.44745208129313,0.19460302939662658,0.11843146635340389
fall-12-cam0-rgb,fall,57,298038,0.5255337953567505,0.7795322239398956,0.4029504358768463,0.706825852394104,-59.327066240665374,0.05592966079711914,0.20992803573608398,0.15399837493896484,0.6142669320106506,0.932780255873998,0.5259920752151697,0.7737894529130025,-60.01991692480232,0.20170885492196816,0.1379915384245123
fall-12-cam0-rgb,fall,59,298104,0.5140588879585266,0.7778823971748352,0.38782450556755066,0.7211813032627106,-65.81166444980018,0.0390622615814209,0.1982007622718811,0.1591385006904602,0.5719228982925415,0.9170580506324768,0.5163549531202803,0.783272052869135,-65.36413498089013,0.2006600446902309,0.1533194968065656
fall-12-cam0-rgb,fall,61,298170,0.5093756318092346,0.783010721206665,0.37746866047382355,0.7444709539413452,-73.71301789853123,0.02136826515197754,0.1829218864440918,0.16155362129211426,0.5385966300964355,0.9017795324325562,0.508419300312603,0.7830926881724094,-72.74454346306023,0.19508380807323344,0.16785185677664596
fall-12-cam0-rgb,fall,63,298236,0.5086182057857513,0.776020884513855,0.37444545328617096,0.7573607265949249,-82.08234148141115,0.02644556760787964,0.19457533955574036,0.16812977194786072,0.5455759167671204,0.8999861379464468,0.505081831312282,0.7768564504204363,-79.49433259472247,0.1825158707636257,0.17022229098912417
fall-12-cam0-rgb,fall,65,298302,0.5024846494197845,0.7704612910747528,0.3694811463356018,0.7582757472991943,-84.76527678888093,0.0011202096939086914,0.16979685425758362,0.1709170639514923,0.5800264477729797,0.9075253407160441,0.5024633692714552,0.7731674521258372,-83.38126324414436,0.16966446614884687,0.17047098046773412
fall-12-cam0-rgb,fall,67,298368,0.4982294291257858,0.7687581777572632,0.3685017228126526,0.7570025622844696,-84.82213492274994,0.016865968704223633,0.15783096849918365,0.1746969372034073,0.6198517680168152,0.9162990848223368,0.5010764709153726,0.7705104802594029,-85.30824908173398,0.15847181351411888,0.17302054560287666
fall-12-cam0-rgb,fall,69,298434,0.5007225573062897,0.7686213850975037,0.3682977110147476,0.7573102712631226,-85.11791114076742,0.02918708324432373,0.14414557814598083,0.17333266139030457,0.6561717987060547,0.9242511292298635,0.5001640896518502,0.7671002806265106,-86.03093528144095,0.14963072138431247,0.17489412401145646
fall-12-cam0-rgb,fall,71,298500,0.5012012720108032,0.7664174735546112,0.36957457661628723,0.7561284899711609,-85.53039734111755,0.03543919324874878,0.13945835828781128,0.17489755153656006,0.6893754601478577,0.9314967095851898,0.500147660960366,0.7649167414867506,-86.42486385610985,0.14105405113397718,0.17555729586840682
fall-12-cam0-rgb,fall,73,298566,0.5008852481842041,0.7636798918247223,0.3706577867269516,0.7561219334602356,-86.6784739772772,0.03767728805541992,0.13951587677001953,0.17719316482543945,0.7196044325828552,0.9380359053611755,0.5015439331144474,0.7629524869320186,-87.34055396560848,0.13965416683521087,0.17589827385041595
fall-12-cam0-rgb,fall,75,298632,0.5024493336677551,0.7596433460712433,0.3709840774536133,0.7577120363712311,-89.15834845984809,0.03191971778869629,0.14462649822235107,0.17654621601104736,0.7467291355133057,0.9438260595003763,0.5024190667645748,0.7612864140308253,-88.28371503597069,0.1397944620419372,0.17595188274528017
fall-12-cam0-rgb,fall,77,298698,0.5030222535133362,0.7588362991809845,0.37212029099464417,0.7581345736980438,-89.69285774904166,0.035673558712005615,0.14115136861801147,0.1768249273300171,0.770277738571167,0.9486946562925974,0.5023240298677825,0.7605480009859247,-88.74420725569712,0.14149196129856667,0.17694266546856247
fall-12-cam0-rgb,fall,79,298764,0.5021987110376358,0.7613580822944641,0.3732352703809738,0.7584720551967621,-88.71801205150216,0.03354525566101074,0.14406238496303558,0.17760764062404633,0.7921844124794006,0.9535066286722819,0.5014121678226431,0.7611675783669266,-88.58390074133365,0.14519301959962533,0.17957134486792897
fall-12-cam0-rgb,fall,81,298830,0.4996465593576431,0.7635792195796967,0.37327606976032257,0.758184403181076,-87.55550017292839,0.03332144021987915,0.14758382737636566,0.1809052675962448,0.8119136691093445,0.957848866780599,0.5000754981845996,0.7626519407028749,-87.92875192152118,0.1480064159863953,0.18382129782722084
fall-12-cam0-rgb,fall,83,298896,0.4986504912376404,0.7651335000991821,0.37282249331474304,0.7580888867378235,-86.79558049376948,0.03348439931869507,0.15350210666656494,0.18698650598526,0.8301523923873901,0.9618915915489197,0.4981761415412408,0.7645076822924912,-87.1809226273968,0.15474715216077228,0.18814214735062063
fall-12-cam0-rgb,fall,85,298962,0.49504514038562775,0.7658381164073944,0.3714245557785034,0.7583805620670319,-86.54774982526796,0.02722322940826416,0.16684596240520477,0.19406919181346893,0.8459185361862183,0.965347945690155,0.4964343052663837,0.7656882462047384,-87.00514033692704,0.16503922286487738,0.18831763058513762
fall-12-cam0-rgb,fall,87,299028,0.4956343322992325,0.7659826874732971,0.37057867646217346,0.7601711452007294,-87.33928504000745,0.022792935371398926,0.16853569447994232,0.19132862985134125,0.8603910207748413,0.9685668448607127,0.4953153990047827,0.7662536547039484,-87.39209186896437,0.17617193677208615,0.18565299268408741
fall-12-cam0-rgb,fall,89,299094,0.4946082532405853,0.7663290500640869,0.37066562473773956,0.7628329396247864,-88.38425831663105,0.012378215789794922,0.1929894983768463,0.1806112825870514,0.8740251064300537,0.9716435571511587,0.494748314802264,0.7664210400282034,-88.17371855121775,0.18642292774858904,0.18085157916401345
fall-12-cam0-rgb,fall,91,299160,0.49456770718097687,0.7664872705936432,0.3694941848516464,0.7644819617271423,-89.08145313989498,0.02934485673904419,0.19625626504421234,0.16691140830516815,0.8853983879089355,0.9742447932561239,0.49439347938541656,0.7666304474011116,-88.88994356189815,0.19416092058796874,0.17530172224684687
fall-12-cam0-rgb,fall,93,299226,0.49475806951522827,0.7672111093997955,0.3697023093700409,0.7660371959209442,-89.46217341557573,0.02884376049041748,0.19964450597763062,0.17080074548721313,0.8957511186599731,0.976593424876531,0.49451042518213123,0.7668779701381524,-89.40461146756729,0.1983088736797305,0.1716530203690258
fall-12-cam0-rgb,fall,95,299292,0.49413587152957916,0.7667222023010254,0.3693031072616577,0.7663224041461945,-89.81650115060056,0.024953842163085938,0.197879359126091,0.17292551696300507,0.9025701880455017,0.978212316830953,0.4942259082804503,0.7672087991392447,-89.52744816378976,0.19989641675185302,0.17191151919819034
fall-12-cam0-rgb,fall,97,299358,0.49403299391269684,0.7677746415138245,0.3690907508134842,0.765858918428421,-89.1215601355821,0.02098381519317627,0.1968884915113449,0.17590467631816864,0.9104761481285095,0.9800551335016886,0.49411878112332575,0.7675950870369408,-89.30466908154253,0.19675705101324853,0.1753479832565627
fall-12-cam0-rgb,fall,99,299424,0.49413590133190155,0.7676452398300171,0.3697480708360672,0.7657506465911865,-89.12737602432965,0.014331161975860596,0.19471944868564606,0.18038828670978546,0.9183862209320068,0.9818655451138815,0.4939420667690625,0.767726581463049,-89.04795572116845,0.19516652351591984,0.17909673327233344
fall-12-cam0-rgb,fall,101,299490,0.49365024268627167,0.7680090665817261,0.3699449151754379,0.7651349306106567,-88.66904487638381,0.010988175868988037,0.19238324463367462,0.18139506876468658,0.9257994890213013,0.9835457305113474,0.4938234903595657,0.7676848384725056,-88.81407927515522,0.19337174954352412,0.18038379604166177
fall-12-cam0-rgb,fall,103,299556,0.4937756061553955,0.7679463326931,0.3715595304965973,0.7645549178123474,-88.41048809901451,0.009885728359222412,0.19121968746185303,0.18133395910263062,0.9318459630012512,0.9849434097607931,0.4937624296004121,0.7676327189841825,-88.7589582437094,0.19170388244576259,0.18115387048685183
fall-12-cam0-rgb,fall,105,299622,0.49386386573314667,0.7668013274669647,0.37167660892009735,0.7645362913608551,-88.93800589005355,0.012222468852996826,0.19175447523593903,0.1795320063829422,0.9373829364776611,0.9862117866675059,0.49375554494785523,0.7674904967541298,-88.77615367504372,0.1899759905033812,0.1812263059796708
fall-12-cam0-rgb,fall,107,299688,0.4938870668411255,0.7671696841716766,0.37137413024902344,0.7648147344589233,-88.89879331274635,0.008444428443908691,0.18851053714752197,0.18006610870361328,0.9431328773498535,0.987498939037323,0.4938028364018957,0.7672581717823486,-88.86566556915828,0.1881880737163802,0.18060110252011888
fall-12-cam0-rgb,fall,109,299754,0.49379707872867584,0.767180860042572,0.37097831070423126,0.7651491165161133,-89.0522644555191,0.005366623401641846,0.18554525077342987,0.18017862737178802,0.9481478333473206,0.9886285265286764,0.49390430396253365,0.7669357440688387,-89.02749392605308,0.18634013208475952,0.1792782601081961
fall-13-cam0-rgb,fall,1,300754,0.6288480460643768,0.5793437361717224,0.6302135288715363,0.4424237757921219,0.5713835151944435,0.029514968395233154,0.014697462320327759,0.014817506074905396,0.9934875965118408,0.9980024794737498,0.6284968829516207,0.5785018747503105,0.5154187637480532,0.015117415695479421,0.015025699680501756
fall-13-cam0-rgb,fall,3,300820,0.6289483308792114,0.5753217935562134,0.6302815973758698,0.442308247089386,0.5742872591147401,0.02971827983856201,0.01440882682800293,0.015309453010559082,0.9938110113143921,0.9980752964814504,0.6290277529846535,0.5762683685981864,0.6867921058104712,0.014289218909812695,0.0152926282449202
fall-13-cam0-rgb,fall,5,300886,0.6288950443267822,0.5739181339740753,0.6310923397541046,0.44249312579631805,0.9578392095875234,0.03003847599029541,0.014354407787322998,0.015684068202972412,0.9940648078918457,0.9981126884619395,0.6294267499343654,0.5744545780348054,0.8657854043496893,0.013611365809585108,0.015688700464380756
fall-13-cam0-rgb,fall,7,300952,0.6295306086540222,0.5731910169124603,0.6318665444850922,0.4421968460083008,1.0216109576180976,0.029806196689605713,0.013106584548950195,0.016699612140655518,0.9943791031837463,0.9981910983721415,0.6296938738007563,0.5730605030601674,1.0523986593657075,0.01308385639479666,0.016213916338883427
fall-13-cam0-rgb,fall,9,301018,0.6299159526824951,0.5725977420806885,0.6326172649860382,0.44202564656734467,1.1851821622437766,0.029690682888031006,0.012531101703643799,0.017159581184387207,0.9945746064186096,0.9982282519340515,0.6298291245838255,0.5720861436742717,1.2466318708585238,0.012706690665447332,0.016868275868428192
fall-13-cam0-rgb,fall,11,301084,0.6300815045833588,0.5714665055274963,0.6333534717559814,0.44218823313713074,1.449817454939708,0.02961719036102295,0.012148410081863403,0.017468780279159546,0.994752824306488,0.9982819656531016,0.6300690717253326,0.5719208103237722,1.4968050830353297,0.012218329942587633,0.017266831743768772
fall-13-cam0-rgb,fall,13,301150,0.6298795640468597,0.5715694427490234,0.6338098347187042,0.4425853341817856,1.7453178456483835,0.030379533767700195,0.012325316667556763,0.018054217100143433,0.9947274327278137,0.9982731739679972,0.6300793826838067,0.5716845381569544,1.7210353275852484,0.011997484799587347,0.018108270643077344
fall-13-cam0-rgb,fall,15,301216,0.6297514140605927,0.5719414353370667,0.633981317281723,0.4433192312717438,1.8835650581844854,0.03143811225891113,0.01228061318397522,0.019157499074935913,0.9946954250335693,0.9982538024584452,0.6297306795140872,0.5716582552179106,1.8454107284917374,0.012211620291590158,0.020207791617422366
fall-13-cam0-rgb,fall,17,301282,0.6286554634571075,0.5720169544219971,0.6332834362983704,0.44330747425556183,2.059282069499576,0.034355878829956055,0.013017803430557251,0.021338075399398804,0.9946637749671936,0.9982133905092875,0.6285638703412298,0.5717411162533277,2.0658218550666283,0.013242299680585965,0.0230203159959801
fall-13-cam0-rgb,fall,19,301348,0.6270286738872528,0.5718735158443451,0.6314798891544342,0.44288840889930725,1.9764660080270648,0.04029041528701782,0.014633089303970337,0.025657325983047485,0.9943461418151855,0.9981804490089417,0.6267278380208192,0.5721769521246732,2.0366051868926878,0.014980860086746525,0.0256626260229003
fall-13-cam0-rgb,fall,21,301414,0.6245168447494507,0.572671115398407,0.6281817555427551,0.4422799050807953,1.6099908135930057,0.04682427644729614,0.01706010103225708,0.029764175415039062,0.9941321015357971,0.9981952011585236,0.6240543004496264,0.5727174974881202,1.8113656641003506,0.01754590301286604,0.026981336600852696
fall-13-cam0-rgb,fall,23,301480,0.6198881566524506,0.5729603171348572,0.624430388212204,0.4416124224662781,1.9805953417486448,0.04920727014541626,0.02170082926750183,0.02750644087791443,0.993861198425293,0.9981802602608999,0.6204539195541686,0.5733328633236154,1.3085933636093157,0.021194103863332148,0.026300136532102274
fall-13-cam0-rgb,fall,25,301546,0.6167306303977966,0.5745530724525452,0.6174764037132263,0.4411922097206116,0.32040298154469504,0.048317134380340576,0.024723172187805176,0.0235939621925354,0.9940254092216492,0.9982578555742899,0.6163386898639389,0.5740850022086841,0.5550383425141141,0.025627359167321898,0.02368287193826779
fall-13-cam0-rgb,fall,27,301612,0.611840009689331,0.5750906765460968,0.611112505197525,0.44098907709121704,-0.3108279708216224,0.047484755516052246,0.029324710369110107,0.01816004514694214,0.9941040873527527,0.9983167250951132,0.6119919423159057,0.5749728680947117,-0.4787841480778981,0.030076234242616746,0.019534629789781748
fall-13-cam0-rgb,fall,29,301678,0.6070631444454193,0.5753620564937592,0.6035024523735046,0.43973077833652496,-1.5038255267673981,0.04766249656677246,0.03385785222053528,0.013804644346237183,0.9942986369132996,0.998398631811142,0.6074361380560565,0.5757101530378506,-1.3328999787096263,0.03361963374274113,0.014569234796416686
fall-13-cam0-rgb,fall,31,301744,0.6031937599182129,0.5761434733867645,0.5977017879486084,0.43857063353061676,-2.286060384083714,0.04671353101730347,0.03588229417800903,0.010831236839294434,0.9942407608032227,0.9984369874000549,0.6030519184096026,0.5762692467990884,-2.0729617702361223,0.034693016634358934,0.009712723684517323
fall-13-cam0-rgb,fall,33,301810,0.5990076065063477,0.5768059492111206,0.5917342901229858,0.4370929002761841,-2.9800686532214202,0.041094422340393066,0.03398895263671875,0.007105469703674316,0.994360089302063,0.9984960158665975,0.598545668316093,0.5762809684008222,-2.346878347479971,0.03213899360074621,0.006227213195908113
fall-13-cam0-rgb,fall,35,301876,0.5940581262111664,0.5764484405517578,0.5889023542404175,0.43630263209342957,-2.106882956616235,0.030955493450164795,0.028526514768600464,0.002428978681564331,0.994248628616333,0.9984606504440308,0.5948675046493472,0.5760795893349164,-2.8122042422277946,0.025935176001998732,0.003565370907515154
fall-13-cam0-rgb,fall,37,301942,0.5907136499881744,0.5758376717567444,0.5836732089519501,0.4356178343296051,-2.8744084310110556,0.018167316913604736,0.018445223569869995,0.0002779066562652588,0.9943788051605225,0.9984357059001923,0.5909940679093968,0.5758538878325251,-3.0671015076865844,0.018616665364343858,0.0020784775674085056
fall-13-cam0-rgb,fall,39,302008,0.5870407223701477,0.5749843120574951,0.5789395570755005,0.43547917902469635,-3.3234754331008265,0.004163861274719238,0.008168280124664307,0.004004418849945068,0.9936476349830627,0.9979568421840668,0.5869473809803711,0.5752773570033887,-3.3551008933988458,0.012121887434096548,0.002298274081506768
fall-13-cam0-rgb,fall,41,302074,0.5845372974872589,0.575373113155365,0.5729754865169525,0.43556076288223267,-4.727329870985693,0.002095937728881836,0.004992932081222534,0.0028969943523406982,0.9919317364692688,0.9973549147446951,0.5827463182794058,0.574915754717665,-3.835379047922559,0.008160098161532238,0.004643645766493556
fall-13-cam0-rgb,fall,43,302140,0.5777568817138672,0.5764857232570648,0.5672673583030701,0.4369940459728241,-4.300445813608393,0.000956416130065918,0.008073747158050537,0.007117331027984619,0.9892390966415405,0.9968090653419495,0.5786736321139636,0.5762730678180588,-4.739034934052826,0.006547979462198357,0.007906282876993142
fall-13-cam0-rgb,fall,45,302206,0.5740498900413513,0.577082484960556,0.5607984662055969,0.4395190626382828,-5.5022997784963374,0.001959502696990967,0.009238123893737793,0.01119762659072876,0.9775995016098022,0.9947624305884043,0.5744474830823535,0.5791297155025193,-5.6320992614237575,0.007486843830579276,0.009432775504661315
fall-13-cam0-rgb,fall,47,302272,0.570030003786087,0.5819164216518402,0.5528251230716705,0.44661422073841095,-7.246777357270945,0.002447783946990967,0.010785430669784546,0.013233214616775513,0.9498888254165649,0.9898155132929484,0.5702862109972793,0.5822452088713121,-6.988478229396906,0.010017850182273157,0.009934263053910541
fall-13-cam0-rgb,fall,49,302338,0.5674392282962799,0.589948832988739,0.5459670424461365,0.461762472987175,-9.509193927995263,0.0006427168846130371,0.009662836790084839,0.010305553674697876,0.9121863842010498,0.98313636581103,0.5667386153043599,0.5879488715103686,-8.666171281475405,0.0121693064124037,0.010909525346962387
fall-13-cam0-rgb,fall,51,302404,0.5639253854751587,0.5933763682842255,0.5400488078594208,0.48140059411525726,-12.03690400335081,0.01857161521911621,0.01266169548034668,0.005909919738769531,0.905470609664917,0.9806147615114847,0.5652736434430778,0.5939089063700135,-10.398442968784977,0.011402989749784577,0.010969228945769256
fall-13-cam0-rgb,fall,53,302470,0.561318576335907,0.5968872606754303,0.5337747186422348,0.5068162381649017,-17.00371295186792,0.02563387155532837,0.014753758907318115,0.010880112648010254,0.9064063429832458,0.9803672134876251,0.5635565827677251,0.5979593147189062,-15.686979271004073,0.010479096597407273,0.010127369330558926
fall-13-cam0-rgb,fall,55,302536,0.5607525408267975,0.6102720499038696,0.5307534337043762,0.5415819585323334,-23.59239578690889,0.02478271722793579,0.012212902307510376,0.012569814920425415,0.8786829113960266,0.9704417586326599,0.5977276302390275,0.5987877230365546,-38.39700402157056,0.01297625628384675,0.007479080519118856
fall-13-cam0-rgb,fall,57,302602,0.5590049624443054,0.6082474291324615,0.5290477573871613,0.5679685175418854,-36.63981051453441,0.016069471836090088,0.006666064262390137,0.009403407573699951,0.7911421656608582,0.9402260680993398,0.5651899494585528,0.6122238656659138,-50.362558729707054,0.01540237668401749,0.0073893601115131696
fall-13-cam0-rgb,fall,59,302668,0.5465095341205597,0.6137698292732239,0.513380229473114,0.6008387207984924,-68.67818650288784,0.013209640979766846,0.01816621422767639,0.004956573247909546,0.7184921503067017,0.9162125488122305,0.48687894882642274,0.6325324750565854,-52.40546135745182,0.018684984527496003,0.009182036906738805
fall-13-cam0-rgb,fall,61,302734,0.5322220325469971,0.6397757530212402,0.4988000690937042,0.6442669034004211,-97.65340062784489,0.034749746322631836,0.03053230047225952,0.0042174458503723145,0.6466605067253113,0.8912939131259918,0.3816863565153368,0.6538938539368756,-45.579498274235675,0.019439886336202715,0.011688946000425315
fall-13-cam0-rgb,fall,65,302866,0.1065894216299057,0.7065695822238922,0.1175926923751831,0.551116406917572,4.0487514927182495,0.0019160211086273193,0.01991632580757141,0.02183234691619873,0.6341837644577026,0.8837435245513916,0.26848533820538256,0.6729778530019692,-31.634558745184577,0.020591463813017945,0.01699055099126062
fall-13-cam0-rgb,fall,67,302932,0.1111254170536995,0.6953010559082031,0.1235411986708641,0.5542284250259399,5.029633823144739,0.050010181963443756,0.023578576743602753,0.026431605219841003,0.6573982238769531,0.8865315616130829,0.16621733266553815,0.6893493578289485,-12.779749978045988,0.02372880283243209,0.024864087340893647
fall-13-cam0-rgb,fall,69,302998,0.10949535295367241,0.6893917322158813,0.12363579496741295,0.5534974932670593,5.940519857491931,0.044520825147628784,0.01371828094124794,0.030802544206380844,0.6465652585029602,0.8890910645325979,0.11199062379375424,0.6972055826223253,-3.1002799067734514,0.026354667323427786,0.028866112591835844
fall-13-cam0-rgb,fall,71,303064,0.10617906600236893,0.6902223229408264,0.12383342161774635,0.5534716546535492,7.35613294141149,0.008170612156391144,0.028571322560310364,0.03674193471670151,0.6011579632759094,0.8790676295757294,0.08358559606846794,0.6991247761430156,4.99709731410465,0.028969055178748565,0.03219400314993156
fall-13-cam0-rgb,fall,73,303130,0.10144707933068275,0.6909539699554443,0.12278950214385986,0.5520795583724976,8.736944146911576,0.001226477324962616,0.0390842966735363,0.037857819348573685,0.5523317456245422,0.8669785261154175,0.0810022494896796,0.69510693839102,11.512381684588306,0.031571966398394456,0.03484775901518083
fall-13-cam0-rgb,fall,75,303196,0.09803356230258942,0.6918016076087952,0.12146509066224098,0.5499387085437775,9.378880069341395,0.0016724765300750732,0.032981544733047485,0.03130906820297241,0.5161791443824768,0.8598595956961314,0.10424058405738901,0.6851520693663384,16.445573204677487,0.03416340098236545,0.03682738018758367
fall-14-cam0-rgb,fall,61,306176,0.5132383108139038,0.8389595150947571,0.36701343953609467,0.8764973282814026,-104.39766477683959,0.008635997772216797,0.13463330268859863,0.12599730491638184,0.515160083770752,0.9021434783935547,0.5132383108139038,0.8389595150947571,-104.39766477683959,0.13463330268859863,0.12599730491638184
fall-15-cam0-rgb,fall,1,307176,0.6088970899581909,0.5714662373065948,0.6129902005195618,0.44527220726013184,1.8577405906454603,0.02901512384414673,0.01580256223678589,0.01321256160736084,0.9818331599235535,0.9945131242275238,0.60894297523932,0.570593500498569,2.00800387463682,0.015452994902928667,0.012938034715074471
fall-15-cam0-rgb,fall,3,307242,0.608824759721756,0.5702954828739166,0.6118722558021545,0.44469258189201355,1.3898915609379465,0.02781069278717041,0.014468103647232056,0.013342589139938354,0.9826982617378235,0.9947188198566437,0.6088446059913345,0.5708099654226589,1.5197854824675328,0.014358334740002948,0.014406311060443062
fall-15-cam0-rgb,fall,5,307308,0.6082664430141449,0.5702328979969025,0.6112200319766998,0.44449760019779205,1.3456608306868072,0.028756916522979736,0.013369649648666382,0.015387266874313354,0.9836381077766418,0.9950368603070577,0.6082517297107937,0.5709988354604479,1.0124575380993444,0.013985569846062433,0.015113256181473335
fall-15-cam0-rgb,fall,7,307374,0.6071931719779968,0.570475846529007,0.6089471578598022,0.4438338875770569,0.793493437445878,0.030005216598510742,0.013967394828796387,0.016037821769714355,0.984130322933197,0.9952659805615743,0.6071643463976972,0.5711601106119361,0.48602004153225487,0.01433470022110712,0.015058870078165289
fall-15-cam0-rgb,fall,9,307440,0.6057297587394714,0.5715667605400085,0.6058917343616486,0.44366584718227386,0.07256018999188732,0.029932081699371338,0.015380620956420898,0.01455146074295044,0.9845796227455139,0.9954972863197327,0.6055824560520444,0.5712937908771226,-0.05952700723373648,0.015405725865136987,0.01424315275051891
fall-15-cam0-rgb,fall,11,307506,0.603822648525238,0.5722047090530396,0.601006031036377,0.4429497718811035,-1.2483450250651538,0.02987837791442871,0.01720184087753296,0.012676537036895752,0.9856180548667908,0.9958290656407675,0.6033048326576933,0.5717359883186612,-0.736058055740036,0.017914083225902516,0.012446803577018488
fall-15-cam0-rgb,fall,13,307572,0.6002941727638245,0.572125256061554,0.5974094569683075,0.4415535628795624,-1.2656277381854046,0.029871642589569092,0.02067333459854126,0.009198307991027832,0.986704409122467,0.9961583912372589,0.6007010067180112,0.5718112591799195,-1.4364532060796535,0.020731133299988554,0.00966561176044083
fall-15-cam0-rgb,fall,15,307638,0.597886323928833,0.5713655352592468,0.5938511192798615,0.4412677735090256,-1.776557063836988,0.030021727085113525,0.023088395595550537,0.006933331489562988,0.9875808358192444,0.9964333375295004,0.597863475739697,0.5714865926798279,-1.8624969616031857,0.02392215001118644,0.006397756405206977
fall-15-cam0-rgb,fall,17,307704,0.5944925248622894,0.5710835456848145,0.589309811592102,0.4407889246940613,-2.2778464136910928,0.030365049839019775,0.026356488466262817,0.004008561372756958,0.9884799122810364,0.9967119693756104,0.5948546820388719,0.5708904594053945,-1.9872725614110347,0.025120630666807062,0.0040162863669457325
fall-15-cam0-rgb,fall,19,307770,0.5923246741294861,0.570593923330307,0.5870634615421295,0.44048137962818146,-2.3155426464931246,0.026837825775146484,0.024818122386932373,0.0020197033882141113,0.9888324737548828,0.9968442320823669,0.5920683128751193,0.5707906116912883,-2.0148147426017182,0.023892862327171062,0.0026587837444239327
fall-15-cam0-rgb,fall,21,307836,0.5893348455429077,0.5706300139427185,0.584830641746521,0.44093503057956696,-1.989037516409878,0.02257615327835083,0.023642361164093018,0.0010662078857421875,0.9888401031494141,0.9968269069989523,0.5895378442553723,0.5711517299150484,-2.3143841300792247,0.019931943127603213,0.002701863065942538
fall-15-cam0-rgb,fall,23,307902,0.5865193009376526,0.571921318769455,0.58126500248909,0.44140729308128357,-2.3053969897316557,0.008011043071746826,0.012742578983306885,0.004731535911560059,0.9888631105422974,0.9967502256234487,0.5868854202749401,0.572291303377646,-2.727834432401105,0.014889459331314263,0.003802408903708185
fall-15-cam0-rgb,fall,25,307968,0.584524542093277,0.5745886564254761,0.5762702524662018,0.44147415459156036,-3.5483075336119905,0.0015716552734375,0.007793337106704712,0.006221681833267212,0.986786425113678,0.9957616925239563,0.583929434612199,0.5738042274336785,-3.3505689030612,0.009731218283310583,0.006123905445074098
fall-15-cam0-rgb,fall,27,308034,0.5811932981014252,0.5757535994052887,0.5698710381984711,0.4424913227558136,-4.85631424740579,0.00495070219039917,0.003793269395828247,0.008743971586227417,0.9759724736213684,0.9937842885653178,0.5811173910702454,0.5759883610717138,-4.652005471282315,0.005186432883852997,0.008779258439035114
fall-15-cam0-rgb,fall,29,308100,0.5775091052055359,0.5787236988544464,0.5635149478912354,0.44532568752765656,-5.988725694111663,0.006461679935455322,0.004425942897796631,0.010887622833251953,0.9684565663337708,0.9925408065319061,0.5775693025423843,0.5779325398273789,-6.049682743154082,0.0027456446127458022,0.011540541401157114
fall-15-cam0-rgb,fall,31,308166,0.5734345018863678,0.5805739760398865,0.5557898879051208,0.4511508494615555,-7.763430059114856,0.009774446487426758,0.003419846296310425,0.013194292783737183,0.9380621314048767,0.987306167682012,0.5739900354957159,0.5807435151302445,-7.54771067496846,0.0030651375070794803,0.01247776806096492
fall-15-cam0-rgb,fall,33,308232,0.5713775455951691,0.5845138430595398,0.5483495891094208,0.4636359214782715,-10.785940146796674,0.011133790016174316,0.001968592405319214,0.01310238242149353,0.9084928035736084,0.982208659251531,0.5696326024604558,0.5847104647200853,-9.616812381835068,0.004927466442058606,0.01215360432992248
fall-15-cam0-rgb,fall,35,308298,0.5643551349639893,0.5872322022914886,0.5425167083740234,0.4835658371448517,-11.896029411492984,0.005407452583312988,0.007299304008483887,0.012706756591796875,0.8277959823608398,0.9672232170899709,0.5660379437399109,0.5892634404686097,-11.872433391138529,0.005787632295063556,0.01012353734536603
fall-15-cam0-rgb,fall,37,308364,0.5628962516784668,0.5968517661094666,0.5355668514966965,0.5064980387687683,-16.82905410212303,0.0021262764930725098,0.008628904819488525,0.006502628326416016,0.7595707774162292,0.9498999615510305,0.5635050331359294,0.592353041811938,-18.768626307425407,0.005662101171749487,0.007738535280351504
fall-15-cam0-rgb,fall,39,308430,0.5573424398899078,0.6030097305774689,0.5235999971628189,0.5283222496509552,-24.31258532343275,0.0060495734214782715,0.011140793561935425,0.005091220140457153,0.7353787422180176,0.9436813592910767,0.5587281332000508,0.6019222442979932,-25.924301905473765,0.008642135076708603,0.008070342713620235
fall-15-cam0-rgb,fall,41,308496,0.5574799180030823,0.6077857613563538,0.5252738893032074,0.5588402450084686,-33.34481750995069,0.0002771615982055664,0.005299627780914307,0.00502246618270874,0.6664474606513977,0.9174002806345621,0.553293023300377,0.6142753197130182,-34.69220674779228,0.012788729930852907,0.009234382579853002
fall-15-cam0-rgb,fall,43,308562,0.5513362288475037,0.6190790235996246,0.5071469694375992,0.587873637676239,-54.77118652130736,0.0032504796981811523,0.013825953006744385,0.010575473308563232,0.6035898923873901,0.8946224252382914,0.5471997034369088,0.6294122680570133,-45.07234083438096,0.018101885734182407,0.011230654879049817
fall-15-cam0-rgb,fall,45,308628,0.5360678732395172,0.6569235622882843,0.497506320476532,0.6263521015644073,-51.59274532660412,0.04747772216796875,0.02994677424430847,0.01753094792366028,0.5434068441390991,0.8724297682444254,0.5404481736096463,0.6473330893299788,-57.064704165239824,0.024581602486697104,0.014059159611210677
fall-17-cam0-rgb,fall,1,310628,0.6045915484428406,0.5700017213821411,0.6067768335342407,0.4395192563533783,0.9594845435017743,0.03490108251571655,0.018816590309143066,0.016084492206573486,0.991594135761261,0.9975330928961436,0.6043872148701636,0.5698686646692678,0.8816110066279103,0.018855778918121797,0.016402475219784354
fall-17-cam0-rgb,fall,3,310694,0.6049126386642456,0.5694795846939087,0.6067518889904022,0.4399835616350174,0.8137253435579793,0.034633755683898926,0.018079400062561035,0.01655435562133789,0.9914916753768921,0.9973951776822408,0.6049030386137237,0.57016863840999,0.8996220931296854,0.018199072913690047,0.01639467233961278
fall-17-cam0-rgb,fall,5,310760,0.6050119698047638,0.5709555149078369,0.607081800699234,0.44059938192367554,0.9096818603261336,0.03454774618148804,0.017909139394760132,0.016638606786727905,0.9915021657943726,0.9973293244838715,0.6052839449215759,0.5704293531385849,0.9172775690020128,0.01772773193590569,0.016495844812104192
fall-17-cam0-rgb,fall,7,310826,0.6052423417568207,0.5709416270256042,0.6073785424232483,0.4408237338066101,0.9405646268563317,0.0345616340637207,0.017635852098464966,0.016925781965255737,0.9917801022529602,0.9973743955294291,0.60552993379372,0.5706508088550525,0.9345774342448924,0.017441755984768725,0.016705992637258582
fall-17-cam0-rgb,fall,9,310892,0.6057026386260986,0.5709358751773834,0.6077559888362885,0.4409741312265396,0.9051780110133107,0.034535884857177734,0.01718294620513916,0.017352938652038574,0.9920315146446228,0.997391919294993,0.6056410052301555,0.570833005559392,0.9515216888583233,0.017341145060279124,0.017025115815075938
fall-17-cam0-rgb,fall,11,310958,0.6057362854480743,0.5708412826061249,0.6078810393810272,0.44063393771648407,0.943681299690513,0.03483611345291138,0.017452269792556763,0.017383843660354614,0.9920925498008728,0.9973681569099426,0.6058676120264697,0.5709892806810726,1.0051550016190136,0.01726476648153162,0.017332511417793482
fall-17-cam0-rgb,fall,13,311024,0.6057638227939606,0.5708103179931641,0.6080684661865234,0.44048872590065,1.0131289452837837,0.03495675325393677,0.017514437437057495,0.017442315816879272,0.991861879825592,0.9972891211509705,0.6058413484395833,0.5709714226392433,1.0694092184261326,0.01743205904444572,0.0180262316873063
fall-17-cam0-rgb,fall,15,311090,0.6053178906440735,0.5708230137825012,0.6080523729324341,0.4397600144147873,1.1952386825926198,0.03626030683517456,0.018160641193389893,0.018099665641784668,0.99179607629776,0.9972864588101705,0.6051834381761996,0.5710679721006575,1.1056426789184006,0.018236681625440496,0.018885297305656173
fall-17-cam0-rgb,fall,17,311156,0.6044423878192902,0.5715303421020508,0.6064468026161194,0.43988996744155884,0.8723435680190409,0.038893282413482666,0.018879979848861694,0.02001330256462097,0.9916061162948608,0.9972572724024454,0.6038650959343097,0.5711383909890138,0.9811821797048577,0.019551843662798635,0.019600227152630337
fall-17-cam0-rgb,fall,19,311222,0.6020598113536835,0.5714265704154968,0.6040671467781067,0.43895943462848663,0.868162847543563,0.041851580142974854,0.021267861127853394,0.02058371901512146,0.991770327091217,0.9973554909229279,0.6019779316016598,0.571195130611394,0.6085473872696587,0.021211871982136817,0.0198632627080529
fall-17-cam0-rgb,fall,21,311288,0.5990606844425201,0.571073979139328,0.5994772613048553,0.4386478066444397,0.18023640550508707,0.043752849102020264,0.02403131127357483,0.019721537828445435,0.9916551113128662,0.9973800877730051,0.5995253463844192,0.5713067488236853,0.0055940067754453576,0.023359490937484774,0.019313688144023254
fall-17-cam0-rgb,fall,23,311354,0.5965791344642639,0.5711934268474579,0.5947064161300659,0.43836742639541626,-0.8077616394966781,0.04348337650299072,0.025754034519195557,0.017729341983795166,0.9919217228889465,0.9975129862626394,0.5966892325000837,0.5715156886484707,-0.7310452137251907,0.025899181118259146,0.017859592324211457
fall-17-cam0-rgb,fall,25,311420,0.5937369465827942,0.5714818835258484,0.5899314284324646,0.43812423944473267,-1.6345592704354794,0.04331004619598389,0.028138697147369385,0.015171349048614502,0.9922423958778381,0.9976430237293243,0.593559782097349,0.5715642096676343,-1.4320155503014051,0.028760322889724292,0.015424456302221697
fall-17-cam0-rgb,fall,27,311486,0.5904916822910309,0.571990042924881,0.5853669047355652,0.43777188658714294,-2.1866308118476705,0.043712317943573,0.03130427002906799,0.012408047914505005,0.9925416111946106,0.9977584282557169,0.5903081069518985,0.5716616022380392,-2.0484654667653883,0.03187367010426207,0.01243758678952335
fall-17-cam0-rgb,fall,29,311552,0.5871436297893524,0.5720394551753998,0.5813339650630951,0.43841102719306946,-2.4894386885984403,0.043974101543426514,0.0342581570148468,0.009715944528579712,0.9928217530250549,0.9978572726249695,0.5869724711814475,0.5716924571887747,-2.4553443191992965,0.03441349226674987,0.009075042489287127
fall-17-cam0-rgb,fall,31,311618,0.5835269093513489,0.5711545944213867,0.5772725343704224,0.43801240622997284,-2.689501033163938,0.04258608818054199,0.036515772342681885,0.006070315837860107,0.9931136965751648,0.9979619880517324,0.5837889774279152,0.5714767193381396,-2.8213280310054065,0.035929016349635544,0.0057183825350426935
fall-17-cam0-rgb,fall,33,311684,0.5803279280662537,0.5711156725883484,0.5735453367233276,0.43792080879211426,-2.915115989351852,0.040185511112213135,0.037308454513549805,0.00287705659866333,0.9933111071586609,0.998038629690806,0.580823191961684,0.5710107998930523,-3.147416110982325,0.03594594922932706,0.00305020435031874
fall-17-cam0-rgb,fall,35,311750,0.577986091375351,0.5707621276378632,0.5700732469558716,0.43761971592903137,-3.40116967000345,0.03378254175186157,0.03305801749229431,0.0007245242595672607,0.9936008453369141,0.9981260001659393,0.5781146600132889,0.5706137903841019,-3.350414165345015,0.03328764128994627,0.001967449466903486
fall-17-cam0-rgb,fall,37,311816,0.5761907696723938,0.5702528357505798,0.5669952630996704,0.4374036192893982,-3.9595620239624294,0.027729511260986328,0.028816521167755127,0.0010870099067687988,0.9934488534927368,0.9980563422044119,0.5755584237379421,0.5705060677610942,-3.5645703083265508,0.028530506860642166,0.0023240557996741596
fall-17-cam0-rgb,fall,39,311882,0.5732265412807465,0.5701873600482941,0.5646288990974426,0.43788160383701324,-3.718031470860596,0.019114136695861816,0.023147255182266235,0.004033118486404419,0.9923643469810486,0.9974980354309082,0.573141380176915,0.5706497105685139,-3.6588619922536045,0.020807821126211226,0.003895981358243268
fall-17-cam0-rgb,fall,41,311948,0.5706911087036133,0.5711712539196014,0.562511146068573,0.43776756525039673,-3.5088330845011786,0.0057631731033325195,0.0136185884475708,0.007855415344238281,0.9886898994445801,0.9967945615450541,0.570893998914982,0.5708426117122939,-3.87862715758365,0.013902033433253611,0.005792299003312074
fall-17-cam0-rgb,fall,43,312014,0.568164199590683,0.5715511739253998,0.55856654047966,0.4373539537191391,-4.0907750707631285,0.0004914402961730957,0.008165210485458374,0.00865665078163147,0.9617024064064026,0.9919754862785339,0.5688669239029731,0.5711696022774742,-4.236310830395253,0.010030129126140035,0.007936589516602543
fall-17-cam0-rgb,fall,45,312080,0.5661973059177399,0.5715966820716858,0.5563569664955139,0.4370070844888687,-4.181664127223208,0.011518001556396484,0.001760929822921753,0.009757071733474731,0.94878751039505,0.9896457393964132,0.5665904055168094,0.571587365556072,-4.639507188676881,0.008380970784596023,0.011017169142182238
fall-17-cam0-rgb,fall,47,312146,0.5644513368606567,0.5719912946224213,0.5517992377281189,0.43709467351436615,-5.358157964415756,0.0225982666015625,0.011353492736816406,0.011244773864746094,0.9363498091697693,0.9875352183977762,0.5637239708012824,0.5720468618911058,-4.827748070237421,0.008925615709065346,0.013839876754975403
fall-17-cam0-rgb,fall,49,312212,0.5614159107208252,0.572647213935852,0.5487667918205261,0.43672962486743927,-5.316895373006952,0.0311700701713562,0.014943063259124756,0.016227006912231445,0.9249851107597351,0.9857616225878397,0.559946338593701,0.5729406366358579,-4.675924903385507,0.010959408241949024,0.016367461774256298
fall-17-cam0-rgb,fall,51,312278,0.5554107427597046,0.5738272964954376,0.544937789440155,0.43480728566646576,-4.308190726195868,0.03384333848953247,0.012344121932983398,0.021499216556549072,0.9266201257705688,0.9861383438110352,0.5553079081046108,0.5743058830886683,-4.048256775932492,0.011789836537786359,0.01826548202213268
fall-17-cam0-rgb,fall,53,312344,0.5494088530540466,0.5756491422653198,0.542609840631485,0.43628694117069244,-2.793053567612596,0.028893113136291504,0.010835111141204834,0.01805800199508667,0.9187360405921936,0.9847143292427063,0.5503939025071785,0.5759117076923312,-3.476372194233116,0.011028592333649128,0.017447937489587995
fall-17-cam0-rgb,fall,55,312410,0.5445985794067383,0.5783401429653168,0.5385457277297974,0.4371521472930908,-2.454816524334934,0.023329496383666992,0.00791323184967041,0.015416264533996582,0.9144166111946106,0.98398424188296,0.544966910695616,0.577308490807875,-2.4471515721938655,0.007513672113418569,0.014168325569722539
fall-17-cam0-rgb,fall,57,312476,0.5405377447605133,0.578931987285614,0.5352772772312164,0.43991321325302124,-2.16703720351564,0.01245582103729248,0.002859145402908325,0.009596675634384155,0.9046707153320312,0.982405553261439,0.5404244563280238,0.5776031498527106,-2.0090794358960675,0.004394644266599178,0.00918230478897754
fall-17-cam0-rgb,fall,59,312542,0.5377825498580933,0.5793765485286713,0.5305892676115036,0.44563989341259,-3.0787965525809424,0.003378450870513916,0.001975536346435547,0.0014029145240783691,0.8771328330039978,0.9777456621328989,0.5374148088100145,0.578128948614194,-2.6032683436212745,0.002172647358535169,0.004369960976885505
fall-17-cam0-rgb,fall,61,312608,0.53295037150383,0.5796164274215698,0.5280125439167023,0.4587455093860626,-2.339350580981097,0.0010380744934082031,0.0014036595821380615,0.0003655850887298584,0.8302477598190308,0.969503660996755,0.535133631069422,0.5808591450447635,-4.009601382827874,0.0009565166322699868,0.001905784075394335
fall-17-cam0-rgb,fall,63,312674,0.5334887802600861,0.5812386572360992,0.5215027034282684,0.47085854411125183,-6.197413970252358,1.150369644165039e-05,0.0009337961673736572,0.0009222924709320068,0.772525429725647,0.958909422159195,0.5322343341973945,0.5854581895070666,-5.467327097922819,0.0014215402014843813,0.0009638260711323125
fall-17-cam0-rgb,fall,65,312740,0.5318632125854492,0.592764288187027,0.5147095024585724,0.48955196142196655,-9.436208389579573,0.000383913516998291,0.0017580389976501465,0.0021419525146484375,0.7119409441947937,0.9447434842586517,0.5297085695065461,0.5925647171544821,-8.290142524634948,0.0020938548819843337,0.0002225237362312553
fall-17-cam0-rgb,fall,67,312806,0.5273475348949432,0.6060967445373535,0.5080429464578629,0.511338084936142,-11.514933382288847,0.001294553279876709,0.005094200372695923,0.003799647092819214,0.6465034484863281,0.9253057142098745,0.5273604455577346,0.60188685665915,-11.966555145741665,0.0035519487543023533,0.0004271295034524152
fall-17-cam0-rgb,fall,69,312872,0.5223881900310516,0.6134174764156342,0.5053453743457794,0.5469869375228882,-14.388956427677355,0.0047188401222229,0.007314354181289673,0.0025955140590667725,0.5832694172859192,0.9013023475805918,0.5251899623509609,0.6134246080210712,-16.496564961242978,0.005795821818438445,0.001577643372795796
fall-17-cam0-rgb,fall,71,312938,0.5244812667369843,0.6258097887039185,0.5057677179574966,0.5822241902351379,-23.236346681932496,0.007926106452941895,0.007115274667739868,0.0008108317852020264,0.5348019003868103,0.8808828890323639,0.5231971198862249,0.6271779712402455,-21.880171971138886,0.00882547407439261,0.003674065344261396
fall-19-cam0-rgb,fall,1,314938,0.5633249878883362,0.5885133743286133,0.5638410151004791,0.44370707869529724,0.20417659389367232,0.038520097732543945,0.029794812202453613,0.008725285530090332,0.9772726893424988,0.9935668110847473,0.5631981508298352,0.5872578322887421,0.4725400504185487,0.02962657448017233,0.008471948630882027
fall-19-cam0-rgb,fall,3,315004,0.5627895891666412,0.583559513092041,0.562424898147583,0.44366879761219025,-0.14936808929806802,0.0381963849067688,0.030199795961380005,0.007996588945388794,0.9790073037147522,0.9940323928991953,0.5628635157238352,0.5846887181202571,-0.2508235226668581,0.030416855306336348,0.008081821781216244
fall-19-cam0-rgb,fall,5,315070,0.5625209808349609,0.5809558629989624,0.5607987940311432,0.44419364631175995,-0.721462569200416,0.03794574737548828,0.030405104160308838,0.007540643215179443,0.9806289672851562,0.9944604535897573,0.562480632851134,0.5825947523117067,-0.8996407871918799,0.03040702389432236,0.007615952909766853
fall-19-cam0-rgb,fall,7,315136,0.5617967844009399,0.5813246965408325,0.5590756833553314,0.44412747025489807,-1.1362268143548837,0.03607386350631714,0.02933710813522339,0.00673675537109375,0.9819998145103455,0.9948342144489288,0.5620495022117317,0.5809759348630906,-1.4739117431565167,0.029597080244130367,0.007074342016533855
fall-19-cam0-rgb,fall,9,315202,0.561464250087738,0.5812932848930359,0.5570537149906158,0.4443255811929703,-1.8443600116736019,0.03471094369888306,0.028474748134613037,0.0062361955642700195,0.9835063815116882,0.9952445924282074,0.5615701238056274,0.5798322657744082,-1.973636390560765,0.027987024355760344,0.006456989101517242
fall-19-cam0-rgb,fall,11,315268,0.5611338913440704,0.5793924331665039,0.5545293390750885,0.4443258196115494,-2.799446804035387,0.031152069568634033,0.02536967396736145,0.005782395601272583,0.9845905303955078,0.9955154558022817,0.5610851640309082,0.5795625026349889,-2.5400355026800154,0.02530854398554018,0.005844381722536946
fall-19-cam0-rgb,fall,13,315334,0.5607506632804871,0.5791720449924469,0.5537112951278687,0.4443630427122116,-2.98911868505522,0.028004169464111328,0.02253788709640503,0.005466282367706299,0.9850940108299255,0.9956449568271637,0.560473329835123,0.5793328527764317,-2.936506002264711,0.021698396185259768,0.005008066113377023
fall-19-cam0-rgb,fall,15,315400,0.5599480271339417,0.57826828956604,0.5525005757808685,0.44431303441524506,-3.1821722556728878,0.022914528846740723,0.018169105052947998,0.004745423793792725,0.9852527976036072,0.9957448045412699,0.559954862444947,0.5790323647327744,-3.130997635033477,0.017873351321075877,0.0036264037415062664
fall-19-cam0-rgb,fall,17,315466,0.558954507112503,0.5802653431892395,0.5520513653755188,0.44438767433166504,-2.9083596228385726,0.016202688217163086,0.013591617345809937,0.0026110708713531494,0.9822251200675964,0.9952120582262675,0.5593203464885803,0.5798703642376565,-3.0211627501556304,0.014702130318720082,0.0027076180105085465
fall-19-cam0-rgb,fall,19,315532,0.5583788156509399,0.5808008015155792,0.552073746919632,0.4442695826292038,-2.64406449936806,0.013560175895690918,0.011415243148803711,0.002144932746887207,0.9799666404724121,0.9948030412197113,0.558700193445403,0.5816314176563568,-2.6479362725082285,0.012395322451859824,0.0024893372863918125
fall-19-cam0-rgb,fall,21,315598,0.5580582320690155,0.5823529064655304,0.5529269874095917,0.44261279702186584,-2.102951204963942,0.013633191585540771,0.011481612920761108,0.002151578664779663,0.9780711531639099,0.9944503605365753,0.5577428512500986,0.5830578856912001,-2.038223277008221,0.011421564208480686,0.0041523184869196456
fall-19-cam0-rgb,fall,23,315664,0.5565722584724426,0.5857969522476196,0.553322434425354,0.43909619748592377,-1.2690510848780177,0.02074897289276123,0.012959420680999756,0.007789552211761475,0.9795450568199158,0.9948454995950063,0.5562907825042667,0.5837309523062264,-1.0911873463346438,0.012117636023145716,0.008108280050806141
fall-19-cam0-rgb,fall,25,315730,0.5550309121608734,0.5847760736942291,0.5543913543224335,0.43505097925662994,-0.24474014972021887,0.02502298355102539,0.012793630361557007,0.012229353189468384,0.9809301495552063,0.9951781829198202,0.554533900894643,0.5829378310994144,-0.07433038310078656,0.013716910824631182,0.013665544522273056
fall-19-cam0-rgb,fall,27,315796,0.5516530871391296,0.5818262994289398,0.5547864437103271,0.4309196323156357,1.189492271512002,0.03637593984603882,0.01619166135787964,0.02018427848815918,0.9824488162994385,0.9954944849014282,0.5519930823540783,0.582210359893319,1.0626621362169624,0.015889936969393753,0.01878839886033687
fall-19-cam0-rgb,fall,29,315862,0.5488703846931458,0.5801931023597717,0.5547877550125122,0.42990531027317047,2.254775991659687,0.04329836368560791,0.018668830394744873,0.024629533290863037,0.9837784171104431,0.9956340392430624,0.5489957093934468,0.581691683757872,1.966160863833815,0.018451466059787938,0.02213137580718826
fall-19-cam0-rgb,fall,31,315928,0.5468233525753021,0.5804941058158875,0.5532315671443939,0.4304659962654114,2.445812356609303,0.04470258951187134,0.020145684480667114,0.024556905031204224,0.9848213195800781,0.9951079388459524,0.5463940760531976,0.5820628590398012,2.325600878996614,0.020582054729585495,0.023084573286436302
fall-19-cam0-rgb,fall,33,315994,0.542793482542038,0.5860312283039093,0.5507640838623047,0.4331057369709015,2.983602976340259,0.044357478618621826,0.023460596799850464,0.020896881818771362,0.9764973521232605,0.9935946961243948,0.5440427777055015,0.5844675167040383,2.242677832699382,0.022744686056525125,0.022419001116897087
fall-19-cam0-rgb,fall,35,316060,0.5412475168704987,0.5900669693946838,0.546945333480835,0.44426076114177704,2.2378664238732635,0.04307401180267334,0.024965494871139526,0.018108516931533813,0.9645444750785828,0.9916787842909495,0.5415078291903319,0.588810991157184,2.0619888451852226,0.02374410693779649,0.019651447152678556
fall-19-cam0-rgb,fall,37,316126,0.5404036641120911,0.5961945056915283,0.5449407696723938,0.45872220396995544,1.8902911509151312,0.04148906469345093,0.024054229259490967,0.01743483543395996,0.9379681944847107,0.9872379899024963,0.5392267546612455,0.5957968792357993,1.8724633464300005,0.02499908157241289,0.01700345933179316
fall-19-cam0-rgb,fall,39,316192,0.5365040600299835,0.6049731075763702,0.543938010931015,0.48312389850616455,3.491255532519992,0.04180312156677246,0.026570528745651245,0.015232592821121216,0.9103752970695496,0.9826424817244211,0.53645287389621,0.6054636392242456,3.1589290763672198,0.028647979939138694,0.013334331251842099
fall-19-cam0-rgb,fall,41,316258,0.531761884689331,0.6184835731983185,0.5439498424530029,0.5165750682353973,6.820013397979346,0.038092851638793945,0.02677905559539795,0.011313796043395996,0.8767641186714172,0.9743935167789459,0.5322248179675173,0.6188118368774257,2.338095488715117,0.029889928572105595,0.011698067188262922
fall-19-cam0-rgb,fall,43,316324,0.530087947845459,0.6397687792778015,0.5459164381027222,0.5654590129852295,12.024682860560167,0.04295295476913452,0.03200256824493408,0.01095038652420044,0.7988823652267456,0.9468367000420889,0.5270746260623387,0.6390769886764087,9.758019341728039,0.024332520185094856,0.009805976763948204
fall-19-cam0-rgb,fall,45,316390,0.5228171646595001,0.6644887328147888,0.5459851324558258,0.6149058640003204,25.04468601608961,0.04105275869369507,0.03451111912727356,0.006541639566421509,0.7384819984436035,0.9273083408673605,0.5243633335609454,0.6676986412826552,31.76320655659626,0.02560312752470825,0.012043151511000348
fall-19-cam0-rgb,fall,47,316456,0.5165431946516037,0.7002107799053192,0.5407345443964005,0.6715697646141052,40.18577685315616,0.03228259086608887,0.014536872506141663,0.017745718359947205,0.6649230122566223,0.9013541539510092,0.5222807629799944,0.7031639340636016,62.884863389402184,0.027747117208712018,0.01636685109757758
fall-19-cam0-rgb,fall,49,316522,0.519143134355545,0.7469017803668976,0.5388965010643005,0.753572940826416,108.66099327154141,0.026671230792999268,0.008702248334884644,0.017968982458114624,0.59953773021698,0.8783746759096781,0.520826914319486,0.7454728670192483,103.12298984014583,0.030764489237106195,0.022777075523679906
fall-19-cam0-rgb,fall,51,316588,0.5240247249603271,0.7959138751029968,0.5371059477329254,0.8338200151920319,160.96069710704847,0.08862510323524475,0.05307203531265259,0.03555306792259216,0.5521038770675659,0.8599241773287455,0.5200017875794204,0.7946254401495958,152.47758590882717,0.03465524360989078,0.03127382478930733
fall-20-cam0-rgb,fall,71,319898,0.6649915874004364,0.8280916213989258,0.5810009241104126,0.7654425203800201,-53.28053866163966,0.13363581895828247,0.066521555185318,0.06711426377296448,0.5049732327461243,0.8412580291430155,0.6660516086852906,0.8270612595659307,-53.57465221751617,0.08103002255613154,0.06669151078570974
fall-20-cam0-rgb,fall,73,319964,0.6676558554172516,0.8293687105178833,0.5833279192447662,0.7635962069034576,-52.04715751708505,0.13595592975616455,0.07237794995307922,0.06357797980308533,0.5121558904647827,0.8492400149504343,0.6685298543084747,0.8325804466550996,-51.57751406908884,0.06001206573211785,0.06290106150236999
fall-20-cam0-rgb,fall,75,320030,0.6722320914268494,0.8368161618709564,0.5855590105056763,0.763360321521759,-49.7185684329787,0.13491058349609375,0.07608586549758911,0.05882471799850464,0.5063000321388245,0.8512758513291677,0.6699748824427134,0.8365784278034644,-49.59039855503354,0.04390616006665414,0.060259020070492976
fall-20-cam0-rgb,fall,77,320096,0.6713486015796661,0.841559648513794,0.587544322013855,0.763603001832962,-47.070332185903304,0.04882669448852539,0.010398179292678833,0.059224873781204224,0.5409746170043945,0.8631716072559357,0.6703866930880069,0.8390552030110253,-47.61330567535025,0.03271230555974042,0.05876538649007872
fall-20-cam0-rgb,fall,79,320162,0.670932948589325,0.8421570360660553,0.5877176821231842,0.7612470984458923,-45.804732755305515,0.05205255746841431,0.0048920512199401855,0.05694460868835449,0.5466816425323486,0.8695837954680125,0.6697652862443544,0.8400107722777812,-45.646235430038935,0.026430502211376664,0.058420160761127146
fall-20-cam0-rgb,fall,81,320228,0.6690747737884521,0.8400451242923737,0.5879728198051453,0.7561726272106171,-44.03787826070028,0.03186500072479248,0.026143431663513184,0.058008432388305664,0.588114857673645,0.8817325929800669,0.6669650989951499,0.8390957653780509,-43.454026159395326,0.02372951747535108,0.06048956719827849
fall-20-cam0-rgb,fall,83,320294,0.6600818634033203,0.8326666057109833,0.5902538001537323,0.7540863454341888,-41.624961448048474,0.022955358028411865,0.041584908962249756,0.06454026699066162,0.6276074647903442,0.8931208153565725,0.6637318123986702,0.8358800867935268,-41.62832597914584,0.027858997836257435,0.06302630282067624
fall-20-cam0-rgb,fall,85,320360,0.6610660552978516,0.8330392241477966,0.5930660367012024,0.7501684427261353,-39.37075515404106,0.023280739784240723,0.04199838638305664,0.06527912616729736,0.6645392179489136,0.9037337402502695,0.6612825443992357,0.8322686865216198,-40.08419725245132,0.040306281346779306,0.0643220189071836
fall-20-cam0-rgb,fall,87,320426,0.6595072746276855,0.8307166397571564,0.5945981740951538,0.7481188476085663,-38.16187348580957,0.02148568630218506,0.045233726501464844,0.0667194128036499,0.6972741484642029,0.9131701985994974,0.6596793418838856,0.830168340887341,-38.45781270013174,0.04427530368169142,0.06598145801783631
fall-20-cam0-rgb,fall,89,320492,0.6604296863079071,0.8290518820285797,0.5962691009044647,0.7458087503910065,-37.62364508591323,0.023572564125061035,0.03774777054786682,0.061320334672927856,0.7264310121536255,0.9215840299924215,0.6595499934830181,0.8305596354461839,-36.93501004610243,0.040821580788789835,0.06099077207701538
fall-20-cam0-rgb,fall,91,320558,0.6602655649185181,0.8306228518486023,0.5967985689640045,0.743893951177597,-36.19614365545503,0.021554946899414062,0.03470879793167114,0.056263744831085205,0.7531477212905884,0.9292770127455393,0.6607014614266224,0.8327331487492553,-35.64932888905045,0.035627810469953475,0.053465151683592615
fall-20-cam0-rgb,fall,93,320624,0.6615988314151764,0.8361377120018005,0.5986782908439636,0.7432292103767395,-34.10708474119496,0.018712103366851807,0.03253176808357239,0.051243871450424194,0.7760521173477173,0.9359563291072845,0.6611476454125844,0.835189908613889,-34.45045028293707,0.02970119046442432,0.04644272428054307
fall-20-cam0-rgb,fall,95,320690,0.662817120552063,0.8402793109416962,0.5992618203163147,0.742349773645401,-32.98317181388604,0.006404280662536621,0.021031498908996582,0.027435779571533203,0.7965421080589294,0.9418577949206034,0.6626225328032579,0.8389162418646201,-33.305102651035156,0.021847442373052788,0.04081371929738423
fall-20-cam0-rgb,fall,97,320756,0.6633801162242889,0.8402530252933502,0.5993141233921051,0.7407866716384888,-32.7854687216228,0.020737290382385254,0.016596347093582153,0.03733363747596741,0.8123119473457336,0.9457825024922689,0.6638106897279804,0.8406243593919833,-32.63879838318831,0.014275651215474822,0.03687115123261615
fall-20-cam0-rgb,fall,99,320822,0.6654452085494995,0.8416458964347839,0.6004983484745026,0.7401204407215118,-32.607458262068015,0.03126603364944458,0.0068703293800354,0.03813636302947998,0.8288481831550598,0.9499938189983368,0.665913911092848,0.8402711792941722,-32.8714571878912,0.008193029985799408,0.03592397795095067
fall-20-cam0-rgb,fall,101,320888,0.6691057085990906,0.8406721949577332,0.6006286442279816,0.7365366220474243,-33.32796402122743,0.03448718786239624,0.0016803145408630371,0.03616750240325928,0.8445802927017212,0.9538606802622477,0.6683027545611053,0.8381661254090136,-33.78998298099817,0.005206236075529282,0.032372582268405226
fall-20-cam0-rgb,fall,103,320954,0.6693252921104431,0.8314998149871826,0.6007112860679626,0.7343687117099762,-35.23761765255572,0.03285437822341919,0.00336611270904541,0.02948826551437378,0.8590972423553467,0.956927478313446,0.6704181472460428,0.8362327174577875,-34.73901865991763,0.005418814725174005,0.026908943121567427
fall-20-cam0-rgb,fall,105,321020,0.6746689975261688,0.8318988978862762,0.6011254191398621,0.7342386543750763,-36.98177454300952,0.03861969709396362,0.012515455484390259,0.026104241609573364,0.8729406595230103,0.9603852729002634,0.672648606697718,0.8335123768616544,-36.05407799270582,0.008467351925837516,0.020183963899488563
fall-20-cam0-rgb,fall,107,321086,0.6754816770553589,0.8301545679569244,0.6017336249351501,0.7355013191699982,-37.92355226564676,0.018810629844665527,0.016808688640594482,0.002001941204071045,0.87645423412323,0.9598978360493978,0.6749941329161322,0.8300051036206152,-37.73516097936275,0.014351847677519812,0.012197644602168663
fall-20-cam0-rgb,fall,109,321152,0.6763538420200348,0.8273457288742065,0.6019817888736725,0.735949844121933,-39.13646442383514,0.01493293046951294,0.020534366369247437,0.005601435899734497,0.8506854772567749,0.9565157492955526,0.6774547259012852,0.82571089773467,-39.78226761988843,0.023072301980220894,0.0029499852296077447
fall-21-cam0-rgb,fall,1,322152,0.5469846725463867,0.5805581212043762,0.5475617945194244,0.4448220133781433,0.24360838537444948,0.047766804695129395,0.030376911163330078,0.017389893531799316,0.9929216504096985,0.9980926712354025,0.5467279669010278,0.5805211034688079,0.7842392163092957,0.033662749059272516,0.016651902776775928
fall-21-cam0-rgb,fall,3,322218,0.5439653992652893,0.5790916383266449,0.5447020530700684,0.44374899566173553,0.3118509906232128,0.04699969291687012,0.032501041889190674,0.014498651027679443,0.9927933812141418,0.9980673392613729,0.5441967516234426,0.5793469063260336,-0.18367921970354406,0.0305835288582426,0.014958249077652431
fall-21-cam0-rgb,fall,5,322284,0.5418292582035065,0.5787515640258789,0.540225088596344,0.4432964473962784,-0.6785114789392895,0.04337430000305176,0.03085044026374817,0.012523859739303589,0.9925097823143005,0.9980300466219584,0.5417864210161811,0.5786453157018272,-0.9403652110380083,0.027492153438138746,0.01321416378537297
fall-21-cam0-rgb,fall,7,322350,0.539327085018158,0.5788602530956268,0.5362713038921356,0.4423513561487198,-1.2823642246561897,0.036902010440826416,0.025923490524291992,0.010978519916534424,0.9921754598617554,0.9979526301225027,0.5394969750792432,0.5784163315961885,-1.4858187576940969,0.024388622798960955,0.011419646899937547
fall-21-cam0-rgb,fall,9,322416,0.5370068252086639,0.5785487294197083,0.5325143039226532,0.44202040135860443,-1.8846613795582805,0.030312418937683105,0.020371586084365845,0.00994083285331726,0.9920700788497925,0.9978644847869873,0.5373284138126283,0.5786599540091172,-1.8200398596718077,0.021272936940709204,0.009574698421346145
fall-21-cam0-rgb,fall,11,322482,0.5354281365871429,0.5790021419525146,0.5304060876369476,0.44174814224243164,-2.0954865023157905,0.0235978364944458,0.015578299760818481,0.00801953673362732,0.9911469221115112,0.9971884290377299,0.535427847207882,0.5795972553682525,-2.1640285176218486,0.016584072278175495,0.007464735280899764
fall-21-cam0-rgb,fall,13,322548,0.533568263053894,0.5806456804275513,0.5281387865543365,0.44186998903751373,-2.240504116785495,0.020395994186401367,0.014126300811767578,0.006269693374633789,0.9849603176116943,0.996155192454656,0.5335063277642957,0.5804896130190258,-2.0553944578853476,0.013136627741190243,0.005353625331606176
fall-21-cam0-rgb,fall,15,322614,0.5321218073368073,0.5822657942771912,0.5277086347341537,0.441841796040535,-1.800069570158527,0.013796806335449219,0.009956389665603638,0.003840416669845581,0.9735369086265564,0.9942131737867991,0.5315147826681914,0.5820752333252969,-1.5112998551734982,0.011644113631475524,0.0034954026663974206
fall-21-cam0-rgb,fall,17,322680,0.5293508172035217,0.5843938589096069,0.5278004705905914,0.4404890537261963,-0.6172475002791263,0.012605249881744385,0.011407315731048584,0.0011979341506958008,0.9691371321678162,0.9935458898544312,0.5295809446733228,0.5841104448873751,-0.6433121809865687,0.011623374182424488,0.0028264867020891832
fall-21-cam0-rgb,fall,19,322746,0.5274874567985535,0.5846517086029053,0.5285361409187317,0.43782417476177216,0.40921583912061993,0.016629815101623535,0.01235651969909668,0.0042732954025268555,0.9445220828056335,0.9894415934880575,0.5276547038193897,0.5860992141100226,0.3936813539226363,0.012329393651062257,0.004736856851742892
fall-21-cam0-rgb,fall,21,322812,0.5253904759883881,0.588743269443512,0.5300545990467072,0.43586286902427673,1.7474555387679487,0.022085726261138916,0.014533430337905884,0.007552295923233032,0.9364510178565979,0.9881679018338522,0.5259034340773818,0.5872791086956528,1.4238398210296084,0.013158813828513718,0.009333460103897809
fall-21-cam0-rgb,fall,23,322878,0.5244906544685364,0.5892838537693024,0.5305926203727722,0.43586941063404083,2.277704079349508,0.029826700687408447,0.014770805835723877,0.01505589485168457,0.9389907121658325,0.9886403282483419,0.5242548134677847,0.5885263856871294,2.221404027359486,0.014427575069072423,0.01612765383926819
fall-21-cam0-rgb,fall,25,322944,0.5227862298488617,0.5893295109272003,0.53035007417202,0.43772658705711365,2.8562595391378007,0.03890472650527954,0.014654427766799927,0.024250298738479614,0.9442414045333862,0.9895457923412323,0.5227931101858867,0.5890947815143692,2.8375073171078373,0.014918455184796134,0.023076783527027446
fall-21-cam0-rgb,fall,27,323010,0.521067202091217,0.5888562500476837,0.528961569070816,0.44395650923252106,3.1184816262093333,0.045149534940719604,0.015328168869018555,0.02982136607170105,0.9492984414100647,0.9903539816538492,0.5206871485555319,0.5905220917551024,3.1929449858283068,0.01602278449834681,0.027535183992220685
fall-21-cam0-rgb,fall,29,323076,0.5187723934650421,0.5925838053226471,0.5269928276538849,0.45559588074684143,3.434113260930991,0.04865792393684387,0.016971498727798462,0.03168642520904541,0.953172504901886,0.9905144572257996,0.5182309647401167,0.5907868188180956,3.262854382515295,0.017669670380555162,0.029396378890776488
fall-21-cam0-rgb,fall,31,323142,0.5160203576087952,0.5929046869277954,0.5242443531751633,0.4762140065431595,4.031362254229181,0.04630228877067566,0.018227338790893555,0.028074949979782104,0.9570649862289429,0.9908419847488403,0.5167184665605612,0.5939541740334904,-0.4202283601450494,0.01978164833861509,0.029580620202151166
fall-21-cam0-rgb,fall,33,323208,0.5121141672134399,0.5997326970100403,0.5184004306793213,0.5072513222694397,3.888601174210178,0.04488271474838257,0.0219573974609375,0.02292531728744507,0.9600496888160706,0.9907877544562022,0.5141124179610951,0.5949940601468593,3.855162932472898,0.019107951101286557,0.02519309133678284
fall-21-cam0-rgb,fall,35,323274,0.5112455785274506,0.6010269224643707,0.5163703411817551,0.5409941971302032,4.879290656831196,0.04227036237716675,0.02139100432395935,0.020879358053207397,0.9627801179885864,0.990217904249827,0.5088181636292173,0.6039990386663567,13.167053622282856,0.01831683439093748,0.018279686763689088
fall-21-cam0-rgb,fall,37,323340,0.5108175873756409,0.6180927753448486,0.5173299610614777,0.5698766708374023,7.692181780502295,0.03572511672973633,0.017168879508972168,0.01855623722076416,0.9113314151763916,0.973956028620402,0.5048426226491012,0.6157900327211842,11.328704089517759,0.018133669769093044,0.010208118336025241
fall-21-cam0-rgb,fall,39,323406,0.498450368642807,0.6236880123615265,0.5176003277301788,0.6099709868431091,54.38615312085021,0.006791472434997559,0.0083523690700531,0.001560896635055542,0.8610068559646606,0.9619343479474386,0.5013421308168593,0.6346341121248343,60.13668229845172,0.012575416724919224,0.006732628975079682
fall-21-cam0-rgb,fall,41,323472,0.49408915638923645,0.677571177482605,0.5145201981067657,0.6588985323905945,47.57471580129803,0.0210610032081604,0.017914265394210815,0.003146737813949585,0.7843392491340637,0.9427167077859243,0.5030065269761785,0.6651781932358101,51.794009522423835,0.014435178654276445,0.012013176877003227
fall-21-cam0-rgb,fall,43,323538,0.5079436600208282,0.6934614181518555,0.5170241743326187,0.6818502247333527,38.027125424241724,0.02920520305633545,0.016515105962753296,0.012690097093582153,0.8023203611373901,0.9467589557170868,0.5072629677720398,0.7043052702368077,30.568816272265423,0.018283277833874605,0.02236115534455231
fall-21-cam0-rgb,fall,45,323604,0.510779932141304,0.7492523491382599,0.517746776342392,0.7871078252792358,169.5720883537947,0.04694467782974243,0.005486473441123962,0.04145820438861847,0.723669707775116,0.9191401203473409,0.5141114532044437,0.7520153431278281,-3.5388974520234555,0.024119714263713725,0.03777656437772697
fall-21-cam0-rgb,fall,47,323670,0.5283797085285187,0.8134668469429016,0.5251270234584808,0.8530046045780182,-175.29699210380429,0.10914081335067749,0.04581603407859802,0.06332477927207947,0.6513043642044067,0.8937665323416392,0.5235519832733904,0.8083084119088715,-50.529131650442736,0.0319444879437938,0.058259403976527166
fall-23-cam0-rgb,fall,1,325670,0.5450725257396698,0.5788455009460449,0.542533278465271,0.4440201222896576,-1.0789582444023196,0.03174632787704468,0.02149847149848938,0.010247856378555298,0.9833743572235107,0.9951967795689901,0.545021745472243,0.5792365773157637,-0.9212965422061153,0.02157934452548169,0.010346400195902042
fall-23-cam0-rgb,fall,3,325736,0.5428630709648132,0.5791008770465851,0.540852963924408,0.4450090676546097,-0.8588296673492344,0.03077983856201172,0.022617816925048828,0.00816202163696289,0.9844728112220764,0.9954955478509268,0.5429964877439265,0.5790015181808759,-1.1136447528050692,0.022406527761257036,0.008289580905076227
fall-23-cam0-rgb,fall,5,325802,0.5414263010025024,0.5793589651584625,0.5377591252326965,0.44659997522830963,-1.5822678270681794,0.02951425313949585,0.022730708122253418,0.006783545017242432,0.9850866794586182,0.9956795970598856,0.541217147620209,0.578897428835109,-1.3265270156810298,0.022813351110462482,0.006458639543809931
fall-23-cam0-rgb,fall,7,325868,0.5396256148815155,0.5793503224849701,0.5365700721740723,0.44746237993240356,-1.327175065932165,0.028074562549591064,0.023070961236953735,0.005003601312637329,0.9855685234069824,0.9958070913950602,0.5396837251010909,0.5789243092784632,-1.5599433308339967,0.022799814573098036,0.0048535761121031515
fall-23-cam0-rgb,fall,9,325934,0.5381246209144592,0.5791245996952057,0.5343369543552399,0.4477805495262146,-1.6518234319257625,0.025187969207763672,0.021906256675720215,0.003281712532043457,0.9864068627357483,0.9960354665915171,0.5383962201865713,0.5790821595109378,-1.813893698263969,0.02236591814916368,0.0034743906099558857
fall-23-cam0-rgb,fall,11,326000,0.5375255048274994,0.5787062644958496,0.5325326025485992,0.44799327850341797,-2.1874890001192107,0.02363497018814087,0.021125108003616333,0.002509862184524536,0.9855385422706604,0.9958481093247732,0.537427367844106,0.5791336539245779,-2.2066785296911346,0.02145661497528932,0.002182744024119849
fall-23-cam0-rgb,fall,13,326066,0.5364996492862701,0.5792106986045837,0.5308007001876831,0.44798140227794647,-2.4866451528293743,0.021557748317718506,0.020510226488113403,0.0010475218296051025,0.9771810173988342,0.9943094253540039,0.5366775114814949,0.5795054473144143,-2.516115207091863,0.020093121053852532,0.0013595948487649214
fall-23-cam0-rgb,fall,15,326132,0.5362649261951447,0.5808598697185516,0.5293290019035339,0.4483024626970291,-2.9952088441826237,0.019872546195983887,0.01930209994316101,0.000570446252822876,0.9743489027023315,0.9939403235912323,0.5360778212805323,0.5802988262919628,-2.789850324051024,0.018151776744173693,0.00017913247083688741
fall-23-cam0-rgb,fall,17,326198,0.535541296005249,0.5811114311218262,0.5291044265031815,0.44820061326026917,-2.7726676188770796,0.015481531620025635,0.015920817852020264,0.0004392862319946289,0.9720990657806396,0.9936483005682627,0.5354717252574435,0.5817540884017935,-2.7530617216630793,0.016424394273138642,-2.7891619380933472e-05
fall-23-cam0-rgb,fall,19,326264,0.53500697016716,0.583217442035675,0.5289078205823898,0.4481682777404785,-2.5858599975492593,0.01306372880935669,0.014242380857467651,0.001178652048110962,0.9691950678825378,0.9932373364766439,0.5348712598090556,0.5836462577184033,-2.4388145617290737,0.014885353835630189,0.0009054719627677615
fall-23-cam0-rgb,fall,21,326330,0.5339777171611786,0.5848980844020844,0.5294765084981918,0.447714701294899,-1.8792929653633295,0.013107120990753174,0.01295045018196106,0.00015667080879211426,0.9619494676589966,0.9919895728429159,0.5342846298630611,0.584931214263428,-1.899105718059757,0.013836482128539624,0.0032489913882631206
fall-23-cam0-rgb,fall,23,326396,0.5334250628948212,0.5868611335754395,0.5306174904108047,0.4460688829421997,-1.1423976528418047,0.02168351411819458,0.014089316129684448,0.007594197988510132,0.9561601877212524,0.9910565912723541,0.5335253662877261,0.5853519571291927,-1.1585437960653662,0.013456730615524999,0.0068797825218795084
fall-23-cam0-rgb,fall,25,326462,0.5329980254173279,0.5865297317504883,0.5316895842552185,0.44608834385871887,-0.5337884258869371,0.025759458541870117,0.014030098915100098,0.01172935962677002,0.9585456848144531,0.9915173749128977,0.5327115462713936,0.5854564305249739,-0.4681504331751798,0.013713697205374232,0.011339903006821982
fall-23-cam0-rgb,fall,27,326528,0.5317627787590027,0.5838433802127838,0.5319783985614777,0.4457792639732361,0.08948085102622998,0.030484914779663086,0.014430224895477295,0.01605468988418579,0.9616534113883972,0.9919509589672089,0.5317973702242872,0.5847609686903099,-0.033855594042660475,0.014099774035540472,0.015912529064979364
fall-23-cam0-rgb,fall,29,326594,0.5304378271102905,0.5835497975349426,0.5314731299877167,0.44631360471248627,0.4322282549372069,0.03453218936920166,0.014637351036071777,0.019894838333129883,0.9646503329277039,0.9922512869040171,0.5305916619249229,0.5845932935997513,0.12262453261287094,0.015059573954834028,0.01940050334125367
fall-23-cam0-rgb,fall,31,326660,0.5290749371051788,0.5851513743400574,0.5293778479099274,0.44967296719551086,0.1281051506760869,0.036470890045166016,0.015257924795150757,0.02121296525001526,0.9676651954650879,0.9925033946832021,0.5289121185675321,0.5851691463292927,-0.0020945511499681907,0.01588296367750537,0.02040789789193633
fall-23-cam0-rgb,fall,33,326726,0.5273164510726929,0.586007297039032,0.525942862033844,0.45715880393981934,-0.610778377539438,0.03763711452484131,0.0168837308883667,0.02075338363647461,0.9702831506729126,0.9922100404898325,0.5266688089350078,0.5857683276975301,-0.3049389938375769,0.017100494403343672,0.01973103341602141
fall-23-cam0-rgb,fall,35,326792,0.5245152115821838,0.5907079577445984,0.5232721716165543,0.47105708718299866,-0.5952182492119336,0.03695791959762573,0.019309937953948975,0.017647981643676758,0.9651051759719849,0.9894490639368693,0.5244727715914376,0.5873127077823069,-0.7107298552236565,0.018219595541169607,0.017973417133995955
fall-23-cam0-rgb,fall,37,326858,0.5221090912818909,0.5926740765571594,0.5203856080770493,0.49189451336860657,-0.979749123338284,0.033853888511657715,0.018536746501922607,0.015317142009735107,0.9636641144752502,0.9894948105017344,0.523495096535909,0.5905446059260009,-2.546498050980187,0.017955616826102822,0.016946058381687487
fall-23-cam0-rgb,fall,39,326924,0.5199937075376511,0.5951530039310455,0.5189069658517838,0.524564802646637,-0.8820283297003029,0.03215426206588745,0.019491329789161682,0.012662932276725769,0.9590710997581482,0.9886443714300791,0.5216211332129186,0.5996061624128572,-3.4799053958387356,0.01818090535345529,0.014616266344532801
fall-23-cam0-rgb,fall,41,326990,0.5202859938144684,0.6104717552661896,0.5196767896413803,0.5496869087219238,-0.5742164592731217,0.03241521120071411,0.018411904573440552,0.01400330662727356,0.9602253437042236,0.9886859456698099,0.5194970735739828,0.6148344923407476,-6.069042496477159,0.021798338466908478,0.010786938976931866
fall-23-cam0-rgb,fall,43,327056,0.5199504196643829,0.6342280805110931,0.5203261077404022,0.5885798931121826,0.4715380043602748,0.03113842010498047,0.017054349184036255,0.014084070920944214,0.9352405667304993,0.9797627925872803,0.515287319561103,0.6373984756923847,4.618568073313275,0.019937236587722548,0.007060061156491688
fall-23-cam0-rgb,fall,45,327122,0.5087717473506927,0.6699003875255585,0.5214231163263321,0.6336257457733154,19.22704516282584,0.029549777507781982,0.026795536279678345,0.0027542412281036377,0.8449711799621582,0.9506270289421082,0.5098636151650244,0.6622737439679883,39.93712527991016,0.022849594746833207,0.011470857765767464
fall-23-cam0-rgb,fall,47,327188,0.5049191564321518,0.6972339451313019,0.518647775053978,0.6829468607902527,43.858015752667285,0.03476053476333618,0.031177476048469543,0.003583058714866638,0.7666199803352356,0.9235773086547852,0.5046742324318196,0.696764688471178,71.344576817124,0.022926193230595904,0.009313538799554225
fall-23-cam0-rgb,fall,49,327254,0.4948962330818176,0.7306229472160339,0.5167265385389328,0.7473322749137878,127.43112497797472,0.023310720920562744,0.006884634494781494,0.01642608642578125,0.6915842890739441,0.8983332912127177,0.5082313099722835,0.7318582441899673,89.70281151841483,0.023443940139952123,0.007406585273288541
fall-23-cam0-rgb,fall,51,327320,0.4956989884376526,0.7545184195041656,0.5101763010025024,0.8024503886699677,163.19364866703856,0.07527455687522888,0.03658956289291382,0.038684993982315063,0.6263505816459656,0.8764611581961314,0.49546852929767565,0.7652490616360779,102.00639943855401,0.023239415316354643,0.01979821366923195
fall-23-cam0-rgb,fall,53,327386,0.4966432750225067,0.8185607194900513,0.5159619301557541,0.8128308057785034,73.47964173186443,0.011376678943634033,0.013791650533676147,0.0024149715900421143,0.5769230127334595,0.8592878381411234,0.4778339695620843,0.7995807382064457,108.02681572554195,0.022472140334901334,0.038601351919628296
fall-23-cam0-rgb,fall,55,327452,0.49219153821468353,0.8324654698371887,0.5145757794380188,0.8238667249679565,68.98608100854621,0.07683488726615906,0.023614004254341125,0.05322088301181793,0.5592164993286133,0.8545036514600118,0.4553276307655099,0.8348532739010714,107.76406037937872,0.021142115195592216,0.06381600002447761
fall-23-cam0-rgb,fall,59,327584,0.39457106590270996,0.8669482469558716,0.5008882284164429,0.9353528320789337,122.75727582519589,0.133626788854599,0.019793838262557983,0.11383295059204102,0.5041661858558655,0.8332123855749766,0.42794951290795247,0.8710666687199552,101.21813340006435,0.01924933989842729,0.09544215798377989
fall-25-cam0-rgb,fall,1,329584,0.5787931978702545,0.5871239900588989,0.5808858871459961,0.44018493592739105,0.8159448036640508,0.030421435832977295,0.02522006630897522,0.005201369524002075,0.9887435436248779,0.9964266121387482,0.5789791325728095,0.5870764212174846,1.0225160617356248,0.02764925830291978,0.006133883107792253
fall-25-cam0-rgb,fall,3,329650,0.5765318870544434,0.5843057930469513,0.5800146758556366,0.4404274523258209,1.386658592374446,0.030056893825531006,0.026396214962005615,0.0036606788635253906,0.9893028736114502,0.9965969423453013,0.5766659786303836,0.58354577413111,1.1695988110923774,0.024821387908675444,0.004041884071899187
fall-25-cam0-rgb,fall,5,329716,0.5753001570701599,0.5805231928825378,0.5782198309898376,0.4405623525381088,1.1950537983102083,0.028060078620910645,0.023521065711975098,0.004539012908935547,0.989475429058075,0.9966759781042734,0.5746149652061007,0.5809504027490489,1.220118263135314,0.02212091025077935,0.0024558477716528516
fall-25-cam0-rgb,fall,7,329782,0.5728352069854736,0.5781338810920715,0.5760674774646759,0.4403513967990875,1.3438681677700137,0.02366715669631958,0.021686673164367676,0.0019804835319519043,0.9899266362190247,0.9968173205852509,0.5728260922999607,0.5792903070713015,1.1740744178644342,0.019547825329231487,0.0013757742070532484
fall-25-cam0-rgb,fall,9,329848,0.571088433265686,0.578508734703064,0.5736750066280365,0.4403189569711685,1.072311107574472,0.01811319589614868,0.01740562915802002,0.0007075667381286621,0.9903959035873413,0.9969467123349508,0.5712993599119632,0.5785654870978674,1.0314672752797374,0.017102133144031847,0.0008016633781003739
fall-25-cam0-rgb,fall,11,329914,0.5696977376937866,0.578750729560852,0.5716281235218048,0.43997736275196075,0.7969528328049238,0.01203387975692749,0.012208223342895508,0.00017434358596801758,0.9903457164764404,0.9968481659889221,0.5701339661558977,0.5792066238143219,0.6173423112743648,0.013665686825137097,-0.0003338710312203397
fall-25-cam0-rgb,fall,13,329980,0.568962037563324,0.5810179114341736,0.5692106485366821,0.44040441513061523,0.10130140453088475,0.010819435119628906,0.011053979396820068,0.0002345442771911621,0.989240825176239,0.9964410364627838,0.5691078300083863,0.5807286743477817,0.33242796384586143,0.011280557035883768,7.651352779173832e-05
fall-25-cam0-rgb,fall,15,330046,0.5685567557811737,0.5827575623989105,0.5685369074344635,0.4403235763311386,-0.007984235510370688,0.008786141872406006,0.009434729814529419,0.0006485879421234131,0.9885368347167969,0.996351420879364,0.5683644059158499,0.5822510883147574,0.03660269034432232,0.010018379270256325,0.0024463161503597746
fall-25-cam0-rgb,fall,17,330112,0.5677930414676666,0.5840258598327637,0.5669929385185242,0.4397777020931244,-0.31779991341545805,0.01606166362762451,0.010814398527145386,0.005247265100479126,0.9888570308685303,0.9964803258577982,0.5673960216375649,0.5831281417634055,-0.10364508767302397,0.010250928985092016,0.006739781661467109
fall-25-cam0-rgb,fall,19,330178,0.5659222602844238,0.5843825340270996,0.5662901401519775,0.43927568197250366,0.1452579138852617,0.02578061819076538,0.011449575424194336,0.014331042766571045,0.9896534085273743,0.9967443645000458,0.5660776849432932,0.5843844504067384,-0.16092349633019434,0.011534365740689348,0.013104675652144772
fall-25-cam0-rgb,fall,21,330244,0.5642034709453583,0.5845844149589539,0.5638349652290344,0.43835750222206116,-0.14439050363357178,0.03292971849441528,0.013601988554000854,0.01932772994041443,0.9904749989509583,0.9969726105531057,0.5641734394934261,0.5854996949821316,-0.08941000349338389,0.013147973524027554,0.020481629160059446
fall-25-cam0-rgb,fall,23,330310,0.5614843964576721,0.5857023000717163,0.5615944862365723,0.43830452859401703,0.04279358135725069,0.04278266429901123,0.015458881855010986,0.027323782444000244,0.9912186861038208,0.9971009691556295,0.5617171510473467,0.5870218445986373,-0.039455604113484234,0.015413144450167018,0.02719121216695542
fall-25-cam0-rgb,fall,25,330376,0.5585868060588837,0.59012570977211,0.5586072504520416,0.438318595290184,0.007716222257257337,0.05123257637023926,0.01815435290336609,0.03307822346687317,0.988178014755249,0.9966095189253489,0.5581310636553405,0.5888015633021589,0.19409667535851433,0.01899703111483418,0.03084072948018189
fall-25-cam0-rgb,fall,27,330442,0.5546150505542755,0.5906141102313995,0.5554953217506409,0.4378475099802017,0.3301458964293666,0.054857492446899414,0.021569818258285522,0.03328767418861389,0.9865679740905762,0.9964230954647064,0.5539367024774667,0.5906118362238905,0.3993331726256212,0.02356314465597075,0.03115541891102146
fall-25-cam0-rgb,fall,29,330508,0.5499483942985535,0.5924938321113586,0.5515671372413635,0.43766434490680695,0.5990057922968661,0.05587714910507202,0.026195406913757324,0.029681742191314697,0.9849198460578918,0.9962450762589773,0.5493430167565605,0.5918699700336942,0.6699542674443266,0.02704966300493707,0.02944952326935603
fall-25-cam0-rgb,fall,31,330574,0.5433921813964844,0.5927129685878754,0.5468843579292297,0.4365602284669876,1.281140690871414,0.05560070276260376,0.032106876373291016,0.023493826389312744,0.9829786419868469,0.9959937532742819,0.5448852467846553,0.5923590075660052,0.9324502841230363,0.0277458083578002,0.025682030044076726
fall-25-cam0-rgb,fall,33,330640,0.5407803356647491,0.5926755964756012,0.5433900952339172,0.436707466840744,0.9586205624773907,0.04991805553436279,0.029387086629867554,0.02053096890449524,0.9832311868667603,0.996130108833313,0.5409287401350023,0.5922462425448669,1.1194525636215655,0.02583873723492474,0.02160050742553939
fall-25-cam0-rgb,fall,35,330706,0.5380668044090271,0.5925788581371307,0.5405993163585663,0.44006678462028503,0.9513273832322653,0.03980743885040283,0.02099478244781494,0.01881265640258789,0.9843260049819946,0.9963798920313517,0.5380183598953916,0.5928487646115281,1.0636491706084952,0.022084793100109315,0.018351066551167184
fall-25-cam0-rgb,fall,37,330772,0.5362795889377594,0.5944642722606659,0.5390077978372574,0.4468046575784683,1.0584957316822425,0.029514014720916748,0.013067811727523804,0.016446202993392944,0.9853861927986145,0.9965776900450388,0.5362868337404152,0.5950871118993462,0.8263985361805866,0.01739210225802993,0.016257291232352623
fall-25-cam0-rgb,fall,39,330838,0.5353594124317169,0.5982533693313599,0.5363279730081558,0.4579978585243225,0.3956603971550464,0.02740478515625,0.012331992387771606,0.015072792768478394,0.9864063858985901,0.9967519740263621,0.5356583097280354,0.599764609362655,0.39469219831970503,0.013174048749915429,0.014996462570124353
fall-25-cam0-rgb,fall,41,330904,0.5353569984436035,0.6051241755485535,0.5346049964427948,0.4728393852710724,-0.3257069586120315,0.02594202756881714,0.012248992919921875,0.013693034648895264,0.9874191284179688,0.9968824982643127,0.5352163896674194,0.6068632751058182,-0.11594696413781848,0.011184151167477348,0.013831784327824892
fall-25-cam0-rgb,fall,43,330970,0.5354098975658417,0.6157658994197845,0.5334871560335159,0.48978371918201447,-0.8743809826493315,0.02514106035232544,0.01181146502494812,0.01332959532737732,0.9874832630157471,0.9967771768569946,0.5352142014544756,0.6149433611275306,-0.9892158078516857,0.011035808753141578,0.013281012252295669
fall-25-cam0-rgb,fall,45,331036,0.5355677008628845,0.6239873468875885,0.5317601561546326,0.5031821429729462,-1.8052537485678428,0.02444213628768921,0.011506259441375732,0.012935876846313477,0.9881015419960022,0.9968567689259847,0.5354041969363299,0.6223207467046126,-2.0701595436095195,0.011327363324887808,0.013415640437757795
fall-25-cam0-rgb,fall,47,331102,0.5352733135223389,0.6305168867111206,0.5288411676883698,0.5097343027591705,-3.0483452440354526,0.024311423301696777,0.010914087295532227,0.01339733600616455,0.9885547161102295,0.9969310164451599,0.5356216937690579,0.6276103834827216,-3.192124899386684,0.011018867229486425,0.013798436690202504
fall-25-cam0-rgb,fall,49,331168,0.53547802567482,0.6319388747215271,0.5260864198207855,0.5155711770057678,-4.614129427655877,0.025859475135803223,0.010994404554367065,0.014865070581436157,0.9881303906440735,0.9967421690622965,0.5356888253709446,0.6312103262453359,-4.243591902696098,0.010798343977370804,0.014284013024656267
fall-25-cam0-rgb,fall,51,331234,0.535453200340271,0.6332296133041382,0.5248710215091705,0.5192220509052277,-5.302998112863255,0.025861263275146484,0.011093616485595703,0.014767646789550781,0.9884302020072937,0.996751993894577,0.5351591834000171,0.6344676897639311,-4.980658763611453,0.011362197724255632,0.01419739792873331
fall-25-cam0-rgb,fall,53,331300,0.5347185432910919,0.6362334489822388,0.5234082341194153,0.5266211032867432,-5.891194775351039,0.025860726833343506,0.011878818273544312,0.013981908559799194,0.9885293245315552,0.9967613021532694,0.5340764603186472,0.6390536492005046,-5.657846233889107,0.012351072905383568,0.013789458772836806
fall-25-cam0-rgb,fall,55,331366,0.5329121053218842,0.6461440324783325,0.5216434150934219,0.5383968353271484,-5.970546976027488,0.02650916576385498,0.01360592246055603,0.01290324330329895,0.9861772060394287,0.9960628648598989,0.5326803618179247,0.6452298080508319,-6.111666861464377,0.013720453043520688,0.012970843356409096
fall-25-cam0-rgb,fall,57,331432,0.5296900570392609,0.6583267450332642,0.518303856253624,0.5550242364406586,-6.289861224042203,0.027673423290252686,0.01682385802268982,0.010849565267562866,0.9799145460128784,0.9942550758520762,0.5313860410864727,0.6569333343536814,-5.249776369771717,0.015280526373293472,0.0119662159062051
fall-25-cam0-rgb,fall,59,331498,0.528086394071579,0.6709955036640167,0.5150152146816254,0.5824463963508606,-8.397077466210355,0.028480827808380127,0.01761290431022644,0.010867923498153687,0.9524128437042236,0.9863462646802267,0.5297964419766414,0.6707335546677237,0.6781170192669617,0.015333268743056735,0.010692117985708873
fall-25-cam0-rgb,fall,61,331564,0.5261965543031693,0.687635987997055,0.5143426358699799,0.6158733665943146,-9.37955576938893,0.02994823455810547,0.02019934356212616,0.009748890995979309,0.8782002329826355,0.9616997539997101,0.5247374152466324,0.6876091900325947,-14.909014555004699,0.02191101511319475,0.00906078136844551
fall-25-cam0-rgb,fall,63,331630,0.5224506556987762,0.7180302739143372,0.509608268737793,0.6605416238307953,-12.592549560587495,0.03234785795211792,0.024301916360855103,0.008045941591262817,0.7910146713256836,0.9323919216791788,0.5166766327438925,0.7159580154852423,-26.80414037771974,0.03058356111183823,0.006777529205594735
fall-25-cam0-rgb,fall,65,331696,0.5112743377685547,0.7377639412879944,0.5028098225593567,0.7245005667209625,-32.54549577973624,0.0360296368598938,0.03163456916809082,0.0043950676918029785,0.7120162844657898,0.905846377213796,0.5103938231414011,0.7480475087057455,-46.40458845588746,0.036932705394375355,0.005329723798093341
fall-25-cam0-rgb,fall,67,331762,0.49288223683834076,0.7843909859657288,0.4848724901676178,0.7902402877807617,-126.13964723483045,0.062058866024017334,0.06433601677417755,0.0022771507501602173,0.6416723132133484,0.8820981383323669,0.5033955884702275,0.7861161614909311,-71.81216176640366,0.0438658458587927,0.003968554451352073
fall-25-cam0-rgb,fall,69,331828,0.4899951070547104,0.8502055704593658,0.4752430319786072,0.8450196087360382,-70.63132568818762,0.05278041958808899,0.05358703434467316,0.0008066147565841675,0.5784657001495361,0.8607103327910105,0.4956819287303718,0.8301639738407997,-103.02686030926841,0.05138298250509027,0.002694021165370942
fall-25-cam0-rgb,fall,71,331894,0.4951394945383072,0.8695038855075836,0.47048985958099365,0.9028219878673553,-143.50496067092308,0.054372817277908325,0.05067037045955658,0.0037024468183517456,0.5210456252098083,0.841204990943273,0.48725284392183427,0.8801909457553512,-140.04868408448172,0.059484115333268084,0.0015061239401499456
fall-27-cam0-rgb,fall,1,333894,0.5446823239326477,0.5833334624767303,0.5434173345565796,0.44322024285793304,-0.5172715565867562,0.02502042055130005,0.01717519760131836,0.00784522294998169,0.9852330088615417,0.9953804810841879,0.5448796508890208,0.5834084689617154,-0.4677759622557847,0.017952197067665317,0.007979323105378588
fall-27-cam0-rgb,fall,3,333960,0.5432945489883423,0.5807089507579803,0.5425692796707153,0.4432082027196884,-0.30221279614580215,0.02484065294265747,0.018920421600341797,0.005920231342315674,0.9863472580909729,0.9957369267940521,0.5428590759183419,0.5809115995963411,-0.21264913568946048,0.0190073836030382,0.005615808476101271
fall-27-cam0-rgb,fall,5,334026,0.5411803722381592,0.5797102749347687,0.5414751768112183,0.4429483860731125,0.12350686142121033,0.024169981479644775,0.020403921604156494,0.0037660598754882812,0.9872722625732422,0.9960372845331827,0.5411222676952162,0.579039958119392,-0.01086220997709414,0.019519268253664943,0.003671234381663337
fall-27-cam0-rgb,fall,7,334092,0.5392753481864929,0.5777296721935272,0.5399478077888489,0.44194309413433075,0.2837451438939701,0.02216094732284546,0.02018946409225464,0.0019714832305908203,0.9879509210586548,0.9962427119414011,0.5396692262196435,0.5777935445308682,0.1375848148813143,0.019487851019545543,0.002145600822064787
fall-27-cam0-rgb,fall,9,334158,0.5382330417633057,0.5767701268196106,0.5388894975185394,0.44114913046360016,0.27733058660636056,0.020451784133911133,0.019812941551208496,0.0006388425827026367,0.9885980486869812,0.9963943560918173,0.5384999514916236,0.577172358830769,0.23269193888576428,0.018913131900679985,0.0010389077973056136
fall-27-cam0-rgb,fall,11,334224,0.5378947854042053,0.5768870115280151,0.5383296310901642,0.4414699971675873,0.18398527708146895,0.018201231956481934,0.01790642738342285,0.00029480457305908203,0.9893891215324402,0.9965626696745554,0.5376036558058348,0.5773742438910835,0.2231469523168122,0.01708105232292437,0.00045558965051328934
fall-27-cam0-rgb,fall,13,334290,0.5372205674648285,0.5780270099639893,0.5373548865318298,0.44072356820106506,0.05605040262283654,0.013364732265472412,0.013697236776351929,0.0003325045108795166,0.9885244965553284,0.9963493943214417,0.5371414580386431,0.5780026239234123,0.16229205779404732,0.01518301065866047,0.0002471585294384975
fall-27-cam0-rgb,fall,15,334356,0.5366566777229309,0.5794106423854828,0.5371162593364716,0.4411177784204483,0.19040743756631953,0.012132883071899414,0.012877821922302246,0.000744938850402832,0.9879688620567322,0.9963254729906718,0.5368531737234677,0.579124420365213,0.16522585487392039,0.013700073802625959,-0.00036074214683466573
fall-27-cam0-rgb,fall,17,334422,0.5365749001502991,0.5807309150695801,0.5370589792728424,0.440997377038002,0.19848906789353774,0.012531399726867676,0.01293569803237915,0.0004042983055114746,0.9871618747711182,0.9962420761585236,0.536564757426579,0.5803072180324811,0.22490178271371247,0.012928950193124397,-0.00042350919215709994
fall-27-cam0-rgb,fall,19,334488,0.5364085733890533,0.5810328423976898,0.5371883809566498,0.44009147584438324,0.3170057708294869,0.013083338737487793,0.013302654027938843,0.0002193152904510498,0.9871838092803955,0.9963253239790598,0.5362941525973275,0.5812069516935381,0.3117896755136593,0.012761085967480861,0.0008001241075012072
fall-27-cam0-rgb,fall,21,334554,0.5359244048595428,0.5817314684391022,0.5371704399585724,0.4376954436302185,0.49564524938485555,0.013892948627471924,0.013372153043746948,0.0005207955837249756,0.9869711399078369,0.9963520665963491,0.536017039895573,0.5816708272927759,0.44093028331440975,0.01318038542033272,0.0034227827926734786
fall-27-cam0-rgb,fall,23,334620,0.5355175733566284,0.5821899175643921,0.5368839204311371,0.4355868995189667,0.5339839190024922,0.021570205688476562,0.01385807991027832,0.007712125778198242,0.9877460598945618,0.9965678652127584,0.5355979970523281,0.5818170524520783,0.5567851895976079,0.013429628564165765,0.008000903315358337
fall-27-cam0-rgb,fall,25,334686,0.534976989030838,0.5819804668426514,0.5365690588951111,0.4335203766822815,0.6144101574745948,0.02763885259628296,0.01308104395866394,0.014557808637619019,0.9885855317115784,0.9967545568943024,0.5348976666019069,0.5820800065994254,0.6761284003333539,0.01363822456562156,0.01396795023571359
fall-27-cam0-rgb,fall,27,334752,0.533756673336029,0.5820476114749908,0.5359921306371689,0.43210622668266296,0.8541523093883056,0.03378075361251831,0.014249086380004883,0.019531667232513428,0.989543616771698,0.9969411889712015,0.5337824026743563,0.5825627670659639,0.7870349692165656,0.014038094452449234,0.01963446486047849
fall-27-cam0-rgb,fall,29,334818,0.5322997272014618,0.5827531814575195,0.5346240103244781,0.4315275400876999,0.8805459671736621,0.04031091928482056,0.015131205320358276,0.02517971396446228,0.9903863072395325,0.9968920449415842,0.5321912163005755,0.5830506119893218,0.8614675335784807,0.01503383455338414,0.023319462548086617
fall-27-cam0-rgb,fall,31,334884,0.5300939977169037,0.5843429565429688,0.5325977355241776,0.4307641237974167,0.9339887535738917,0.04165464639663696,0.016232162714004517,0.025422483682632446,0.990281879901886,0.9968987802664439,0.5297437963676651,0.5837757925450535,0.9548329415107305,0.017512923388770106,0.0236708419276522
fall-27-cam0-rgb,fall,33,334950,0.5269902348518372,0.5847621858119965,0.5298265516757965,0.4299458861351013,1.0495716908935424,0.04042387008666992,0.018695592880249023,0.0217282772064209,0.9897249937057495,0.9969169398148855,0.5265717167100857,0.5847277935449171,1.0900622892077512,0.02015472297028543,0.021614193271248854
fall-27-cam0-rgb,fall,35,335016,0.5236155986785889,0.5851633548736572,0.526432454586029,0.42786435782909393,1.025923300135538,0.03934448957443237,0.02211761474609375,0.017226874828338623,0.9895150661468506,0.9969971776008606,0.5232502231737228,0.585518887935778,1.192372878259824,0.021167899429540067,0.01821273275009995
fall-27-cam0-rgb,fall,37,335082,0.5194106101989746,0.5863040685653687,0.5228823125362396,0.4246620833873749,1.230393910656342,0.0384640097618103,0.02514505386352539,0.013318955898284912,0.9895530343055725,0.9971092641353607,0.5202702770243468,0.585969819392992,1.1775529333400603,0.02073958670938167,0.014121837301171683
fall-27-cam0-rgb,fall,39,335148,0.5171172767877579,0.5867180526256561,0.5207894593477249,0.4212729334831238,1.2715154254152499,0.029914438724517822,0.019109830260276794,0.010804608464241028,0.9899600148200989,0.9972307582696279,0.5180523811609706,0.5861309098474898,0.9793158921415857,0.019054251509311365,0.011165097742885724
fall-27-cam0-rgb,fall,41,335214,0.5166236758232117,0.5865024626255035,0.5187401175498962,0.41830143332481384,0.7209039081757482,0.023518145084381104,0.013394474983215332,0.010123670101165771,0.9903932809829712,0.9973407487074534,0.5167372862755987,0.5864105948380053,0.6296927647533975,0.016184637169817287,0.009617461528612925
fall-27-cam0-rgb,fall,43,335280,0.5164496004581451,0.5869195759296417,0.5162679702043533,0.4178701341152191,-0.06155975942930482,0.021892845630645752,0.01242932677268982,0.009463518857955933,0.9907458424568176,0.9974316855271658,0.5160977665609088,0.5869420934549132,0.12755837555472196,0.013240363110195488,0.010362400185494182
fall-27-cam0-rgb,fall,45,335346,0.5160298049449921,0.5882708430290222,0.5142528414726257,0.41843730211257935,-0.5994622248575217,0.02348780632019043,0.012095898389816284,0.011391907930374146,0.9908632040023804,0.9974440634250641,0.5156699769295647,0.5889050598010348,-0.4078455203185562,0.011550285147898109,0.0124418209770541
fall-27-cam0-rgb,fall,47,335412,0.515167623758316,0.5911510586738586,0.5121648162603378,0.4233913719654083,-1.0254539038703978,0.02569478750228882,0.011648505926132202,0.014046281576156616,0.9912238121032715,0.9975575009981791,0.5149799369243309,0.5921538660536588,-1.0808294257986726,0.012021031666111619,0.015093540280928321
fall-27-cam0-rgb,fall,49,335478,0.5135924518108368,0.5960022509098053,0.5088065415620804,0.4315972775220871,-1.667437634634444,0.03345945477485657,0.013678699731826782,0.019780755043029785,0.990885317325592,0.9975513716538748,0.5137374605580318,0.596893926203508,-1.8022439867999362,0.013356669318108312,0.01732356046443375
fall-27-cam0-rgb,fall,51,335544,0.511450320482254,0.6039592027664185,0.5054331123828888,0.4417269378900528,-2.1241315123131463,0.03462928533554077,0.015710681676864624,0.018918603658676147,0.9903331398963928,0.9974920252958933,0.5117487057204879,0.6025257767278902,-2.4395965411535006,0.015225804600364698,0.01817525374940977
fall-27-cam0-rgb,fall,53,335610,0.5097179263830185,0.6076907217502594,0.5001642853021622,0.4536840170621872,-3.5497336458778093,0.034825265407562256,0.017192378640174866,0.01763288676738739,0.9886825680732727,0.9971863528092703,0.5090136903446983,0.6078846654592645,-3.079335222586903,0.01784814036253724,0.017092656005512557
fall-27-cam0-rgb,fall,55,335676,0.506263941526413,0.6134768724441528,0.49589718878269196,0.46661150455474854,-4.037627392425265,0.03431648015975952,0.02031436562538147,0.014002114534378052,0.987032949924469,0.9969079196453094,0.5056732073748775,0.6120957160666898,-3.669875808947491,0.02097566961210008,0.013967983134381162
fall-27-cam0-rgb,fall,57,335742,0.5018582940101624,0.6166233122348785,0.49229125678539276,0.4837513864040375,-4.118300624899538,0.03389209508895874,0.02468663454055786,0.009205460548400879,0.9804871082305908,0.9957421123981476,0.5021534029281494,0.6143933310137157,-4.3724188368588575,0.024016018682744045,0.009354202907322792
fall-27-cam0-rgb,fall,59,335808,0.4981524348258972,0.6177740693092346,0.487716943025589,0.4993126839399338,-5.034300136752006,0.033279359340667725,0.027490437030792236,0.005788922309875488,0.9737017154693604,0.9946708480517069,0.49883065511395847,0.6173354841413943,-5.311102477913136,0.026921817041062647,0.005609617798359355
fall-27-cam0-rgb,fall,61,335874,0.49524758756160736,0.6208382844924927,0.48417702317237854,0.5177628397941589,-6.130212929220015,0.0316925048828125,0.02985532581806183,0.0018371790647506714,0.9692335724830627,0.9938993056615194,0.4958158794677612,0.6230837676948273,-6.051597633430166,0.02933733197517721,0.003097775694611781
fall-27-cam0-rgb,fall,63,335940,0.49352025985717773,0.6277702748775482,0.4807530790567398,0.5387339890003204,-8.1601888159248,0.0306796133518219,0.03163504600524902,0.000955432653427124,0.9499868750572205,0.9892690579096476,0.49344998398126394,0.6323526579064199,-6.8532549151831095,0.03164402172937017,0.002390038980034004
fall-27-cam0-rgb,fall,65,336006,0.49183282256126404,0.6468696892261505,0.4771328866481781,0.5632247030735016,-9.96748965843195,0.0298822820186615,0.033367544412612915,0.003485262393951416,0.9150922298431396,0.9810808499654134,0.492240479240169,0.6434668946317771,-9.823607743890783,0.03520236593304253,0.0036680973195410346
fall-27-cam0-rgb,fall,67,336072,0.48941273987293243,0.6645924150943756,0.4732843488454819,0.5861296057701111,-11.615617343823867,0.029927074909210205,0.035819217562675476,0.005892142653465271,0.8651456832885742,0.9661219716072083,0.4911487455362874,0.6628794831372948,-4.273087518662533,0.03586714485765015,0.003233145390238077
fall-27-cam0-rgb,fall,69,336138,0.4869436025619507,0.6840092837810516,0.4646972268819809,0.6140035390853882,-17.62917874953048,0.033623337745666504,0.04125046730041504,0.007627129554748535,0.8479145765304565,0.9594842890898386,0.4874455451449268,0.6819436368230092,-16.09023656257311,0.03672087321549778,0.0076988357486146766
fall-27-cam0-rgb,fall,71,336204,0.4838007986545563,0.7028260827064514,0.45845818519592285,0.6594860553741455,-30.316500581381796,0.03559386730194092,0.04458704590797424,0.008993178606033325,0.8341013193130493,0.9497661292552948,0.477476549419489,0.7056025289869918,-47.05709602837559,0.04159531726207562,0.010780260998965325
fall-27-cam0-rgb,fall,73,336270,0.4715593010187149,0.7495434284210205,0.4502273201942444,0.7183535695075989,-34.36977171606627,0.03011658787727356,0.03539334237575531,0.0052767544984817505,0.7533514499664307,0.9219857156276703,0.46567694107433355,0.7453229386053033,-73.29643966759565,0.048237183457845154,0.011913327879203845
fall-27-cam0-rgb,fall,75,336336,0.45064452290534973,0.7646953761577606,0.43553631007671356,0.7908800840377808,-150.01565091246226,0.08252915740013123,0.05553522706031799,0.026993930339813232,0.6786191463470459,0.8966057300567627,0.45726933897315664,0.7845751240526957,-95.10786697965543,0.05545121103654174,0.012456547697901195
fall-27-cam0-rgb,fall,77,336402,0.43208014965057373,0.8373901546001434,0.4224563390016556,0.867050439119339,-162.0234165008686,0.06659451127052307,0.07468050718307495,0.00808599591255188,0.6130557656288147,0.8741109271844228,0.44869303260143684,0.829502116975846,-117.63879248371143,0.06411067347376889,0.012263287010388958
fall-27-cam0-rgb,fall,79,336468,0.439971923828125,0.9153850972652435,0.4171629101037979,0.9227659404277802,-107.9312314276152,0.06716123223304749,0.07485920190811157,0.007697969675064087,0.5518458485603333,0.8531903525193533,0.43994802195917454,0.880103917374755,-140.88921617976382,0.07421557076952669,0.011333545816667134
fall-27-cam0-rgb,fall,81,336534,0.4397854804992676,0.9128391444683075,0.42039908468723297,0.9593754410743713,-157.38404587807187,0.07093197107315063,0.08200514316558838,0.011073172092437744,0.5171799063682556,0.8397355675697327,0.4310343070463698,0.9363805252494228,-164.85913806781252,0.08576590292381511,0.009667324116735725
fall-29-cam0-rgb,fall,1,338534,0.5365938246250153,0.5830582082271576,0.5355042517185211,0.4402298927307129,-0.43707522451838093,0.017781436443328857,0.016022711992263794,0.0017587244510650635,0.9114920496940613,0.9767602980136871,0.5371550048842572,0.582696538982969,-0.5758016013404571,0.015324124964800739,0.0012494883754036624
fall-29-cam0-rgb,fall,3,338600,0.5367243885993958,0.5807686448097229,0.535277858376503,0.4414297193288803,-0.5947878469992878,0.01762288808822632,0.015848159790039062,0.0017747282981872559,0.9186413884162903,0.9786290427049001,0.5363866434855892,0.580701510563041,-0.5401270947649965,0.01608553610064766,0.0014363085681741875
fall-29-cam0-rgb,fall,5,338666,0.5364384651184082,0.5787037312984467,0.5349394977092743,0.4416031688451767,-0.6264094233187976,0.016261518001556396,0.015581786632537842,0.0006797313690185547,0.9250144362449646,0.9803264836470286,0.5359046251871883,0.5792410694933555,-0.48981365156453766,0.016592106997192678,0.0015753701522752826
fall-29-cam0-rgb,fall,7,338732,0.5360088050365448,0.5779065191745758,0.5347515940666199,0.44162848591804504,-0.5285579591930281,0.01577746868133545,0.016558974981307983,0.0007815062999725342,0.9301289916038513,0.9817851881186167,0.5357089499890544,0.5783152157739126,-0.4248612717390804,0.016843837654435787,0.0016666731277069481
fall-29-cam0-rgb,fall,9,338798,0.5356746912002563,0.5779609084129333,0.5347550064325333,0.44237087666988373,-0.38862183983697685,0.015573740005493164,0.017103970050811768,0.0015302300453186035,0.9351202845573425,0.9831649164358774,0.535799617891187,0.5779239494047115,-0.3452699552886247,0.01684072807237697,0.001710217494469182
fall-29-cam0-rgb,fall,11,338864,0.5358095467090607,0.5780289471149445,0.535451129078865,0.4428190141916275,-0.151880627175089,0.015184462070465088,0.016969233751296997,0.0017847716808319092,0.9379782676696777,0.9840715626875559,0.5360423649028259,0.5784167117112634,-0.23049869133515324,0.01677585886670395,0.0017188578457027262
fall-29-cam0-rgb,fall,13,338930,0.5363050401210785,0.5792488753795624,0.5367079973220825,0.4433624744415283,0.1699042664184666,0.013340592384338379,0.01675906777381897,0.003418475389480591,0.9411861300468445,0.9849381645520529,0.5368170731769488,0.5792565437364363,-0.12585333421650052,0.016224838309473782,0.0013584477818889518
fall-29-cam0-rgb,fall,15,338996,0.5378834307193756,0.5808216333389282,0.5375112593173981,0.4441387802362442,-0.15600931211176405,0.013405144214630127,0.015271037817001343,0.0018658936023712158,0.9446541666984558,0.9859451949596405,0.5378988208450788,0.5801272634819981,0.03856236115295199,0.015235641430982758,0.0016148112294993855
fall-29-cam0-rgb,fall,17,339062,0.5393486618995667,0.5808556973934174,0.5394578278064728,0.4424043148756027,0.045176467887182346,0.013441264629364014,0.013806402683258057,0.00036513805389404297,0.9468345642089844,0.9866183201471964,0.5389808256388735,0.580879678973903,0.2671643534602873,0.014378649331790522,0.0028474532164536473
fall-29-cam0-rgb,fall,19,339128,0.540261298418045,0.5812792479991913,0.54145547747612,0.4394226670265198,0.48231674097839106,0.01574486494064331,0.013074249029159546,0.0026706159114837646,0.9498353004455566,0.9874747097492218,0.5397578489470783,0.5814612284625239,0.5510268976779896,0.013570769395663089,0.004361471959522786
fall-29-cam0-rgb,fall,21,339194,0.5402456521987915,0.5816677808761597,0.5428196787834167,0.438187837600708,1.0277745966599514,0.02228444814682007,0.013094007968902588,0.00919044017791748,0.9530737996101379,0.9883483052253723,0.5402021036519624,0.58164411950937,0.8349253021755608,0.012908130755156132,0.006532851493719844
fall-29-cam0-rgb,fall,23,339260,0.5399646461009979,0.5817385613918304,0.5431433022022247,0.43709230422973633,1.2588937613563365,0.02512580156326294,0.013277262449264526,0.011848539113998413,0.9572535753250122,0.9893700281778971,0.5402239768794082,0.5815392439757583,1.181099123757844,0.012543858774812688,0.010404321667435866
fall-29-cam0-rgb,fall,25,339326,0.539712518453598,0.5817163586616516,0.5432452857494354,0.43486492335796356,1.378084061427974,0.02435833215713501,0.012013942003250122,0.012344390153884888,0.960926353931427,0.9902323087056478,0.5400417796719117,0.581453844969406,1.3523568551527956,0.012330274690281244,0.015284013567548785
fall-29-cam0-rgb,fall,27,339392,0.5398936569690704,0.581378698348999,0.5432060956954956,0.43369509279727936,1.284888339081899,0.030149400234222412,0.011857479810714722,0.01829192042350769,0.9645544290542603,0.9910579820473989,0.539847954398109,0.5814390279255895,1.380905253210031,0.011975387861202271,0.01985578348626303
fall-29-cam0-rgb,fall,29,339458,0.5395175218582153,0.5813551247119904,0.5431484282016754,0.43349123001098633,1.4066571882163226,0.036756038665771484,0.011838197708129883,0.0249178409576416,0.9679156541824341,0.9917834003766378,0.539625795372636,0.5819001538412902,1.298235863261008,0.011564006021012457,0.02340069503495184
fall-29-cam0-rgb,fall,31,339524,0.5389778316020966,0.5822433531284332,0.541945606470108,0.43272988498210907,1.1371460348027076,0.04014712572097778,0.012010782957077026,0.028136342763900757,0.9708823561668396,0.992350846529007,0.5390692448719232,0.582779018135813,1.1654890235544,0.011519105919511788,0.026131570081174078
fall-29-cam0-rgb,fall,33,339590,0.5380726456642151,0.5839523375034332,0.5409555435180664,0.432783842086792,1.0925415310999131,0.03955078125,0.011972248554229736,0.027578532695770264,0.9736496210098267,0.9929198622703552,0.5378204900206933,0.5838069755793641,1.0609128017495566,0.012288285927339018,0.02714619530743847
fall-29-cam0-rgb,fall,35,339656,0.5360474288463593,0.5858047604560852,0.5386194884777069,0.43258923292160034,0.9617453463524313,0.03841358423233032,0.01351878046989441,0.024894803762435913,0.9760680198669434,0.9933183193206787,0.5355207980711214,0.5848025729903918,1.0562721791414678,0.014263100309289359,0.02526426741055076
fall-29-cam0-rgb,fall,37,339722,0.532841295003891,0.5861080884933472,0.5354037284851074,0.43001507222652435,0.9404869032328522,0.03818124532699585,0.016746968030929565,0.021434277296066284,0.9782456755638123,0.9936675528685252,0.5323944995542618,0.5859731727348253,1.1019308956373284,0.017630822150222124,0.021566659663662734
fall-29-cam0-rgb,fall,39,339788,0.5287030339241028,0.5861997604370117,0.5321957468986511,0.42741571366786957,1.2601105097179555,0.03875291347503662,0.021285295486450195,0.017467617988586426,0.9801949262619019,0.9939228991667429,0.5286436426046083,0.5869970179739443,1.2649958934345467,0.022393347445504457,0.017288274256697954
fall-29-cam0-rgb,fall,41,339854,0.5242619812488556,0.5871188044548035,0.5284644663333893,0.42382171750068665,1.4741936129929882,0.040098607540130615,0.027280598878860474,0.012818008661270142,0.9820356369018555,0.9942436913649241,0.5248017624601133,0.587356568543941,1.3689138197909512,0.027166460112575806,0.013287862270941447
fall-29-cam0-rgb,fall,43,339920,0.5212165117263794,0.5893006324768066,0.5252784788608551,0.42292504012584686,1.3985666114095092,0.04062086343765259,0.030993938446044922,0.009626924991607666,0.983339250087738,0.9944762388865153,0.5215564205016917,0.5872372572040137,1.4148478015025177,0.029744497109285117,0.01003383790259752
fall-29-cam0-rgb,fall,45,339986,0.5188064426183701,0.589226245880127,0.5225322842597961,0.4231303334236145,1.2850358733508251,0.03953653573989868,0.032337918877601624,0.007198616862297058,0.9842960834503174,0.9948694407939911,0.5191660315701448,0.5883115433253243,1.2417762985825238,0.028984149168064025,0.007586234704756623
fall-29-cam0-rgb,fall,47,340052,0.517687663435936,0.5890584290027618,0.5195760577917099,0.42657753825187683,0.6658761833496777,0.03302645683288574,0.026884272694587708,0.006142184138298035,0.9853165745735168,0.9951973954836527,0.5177296689707471,0.5909534559879459,0.6893170143255579,0.025467633878513807,0.006137637929482885
fall-29-cam0-rgb,fall,49,340118,0.5173777490854263,0.5933708548545837,0.5175029635429382,0.4373461902141571,0.04598156596447317,0.024173378944396973,0.01836751401424408,0.005805864930152893,0.9864740371704102,0.9954886535803477,0.5168732455669536,0.5962526551830811,0.11013670269440523,0.020526231689886584,0.005397865718061266
fall-29-cam0-rgb,fall,51,340184,0.5168211311101913,0.6040684878826141,0.5135727524757385,0.4570940285921097,-1.2661253564931405,0.01780039072036743,0.01254214346408844,0.005258247256278992,0.985805094242096,0.9955677588780721,0.5167940328002485,0.6031810285209053,-1.1644136026979606,0.01549940662724629,0.005326735186370413
fall-29-cam0-rgb,fall,53,340250,0.5168891847133636,0.6138263642787933,0.5104147493839264,0.4843169152736664,-2.861947541489053,0.017066657543182373,0.011437922716140747,0.005628734827041626,0.9823631048202515,0.9951136608918508,0.5172525937810081,0.6126079137449132,-3.0821249875182755,0.011523205028983921,0.005719225063468463
fall-29-cam0-rgb,fall,55,340316,0.5170850306749344,0.6261369287967682,0.5090917646884918,0.518022894859314,-4.228393358563364,0.01680999994277954,0.0111532062292099,0.005656793713569641,0.9722460508346558,0.9931229750315348,0.5179559334919043,0.6243521867892434,-5.408938549692648,0.009673770436476822,0.006325745414861859
fall-29-cam0-rgb,fall,57,340382,0.5195186585187912,0.6337644457817078,0.5058623552322388,0.5467073321342468,-8.915110317649924,0.016757071018218994,0.009313121438026428,0.007443949580192566,0.9388471245765686,0.9846334954102834,0.5188510324402797,0.6366535973497274,-7.988338587243168,0.009041138090096499,0.007063303868491917
fall-29-cam0-rgb,fall,59,340448,0.5195513963699341,0.6491927802562714,0.5040101259946823,0.5699130892753601,-11.091101303872108,0.01643049716949463,0.008800983428955078,0.007629513740539551,0.8980564475059509,0.9672010938326517,0.5197116951276722,0.6488287061839899,-10.468183107307885,0.008794306741132352,0.006888783274790932
fall-29-cam0-rgb,fall,61,340514,0.5194008052349091,0.6644982099533081,0.5014746338129044,0.5866811871528625,-12.972522370837938,0.01672905683517456,0.009169906377792358,0.007559150457382202,0.8383099436759949,0.9535196125507355,0.5202592809995008,0.6647352676887007,-11.762095182816184,0.008219018385007774,0.0061410977726890845
fall-29-cam0-rgb,fall,63,340580,0.5184860527515411,0.6763693690299988,0.4978738874197006,0.5988923609256744,-14.898016116312197,0.016022205352783203,0.009394794702529907,0.006627410650253296,0.7603868842124939,0.9274472991625468,0.5190193768574555,0.6794367090706175,-5.921299708301359,0.008809503087233661,0.0019926199794331667
fall-29-cam0-rgb,fall,65,340646,0.515240803360939,0.6910917162895203,0.49214522540569305,0.6145830452442169,-16.797425092617523,0.016544580459594727,0.01255248486995697,0.003992095589637756,0.685036838054657,0.9017108281453451,0.5132822559573946,0.689140999562296,-19.71267411069819,0.01397181152652353,0.008140518919472043
fall-29-cam0-rgb,fall,67,340712,0.5088395327329636,0.7100136578083038,0.48379431664943695,0.639886885881424,-19.65378086809318,0.025336265563964844,0.017129018902778625,0.008207246661186218,0.6171336770057678,0.8787472347418467,0.5048148469620449,0.6967467697796877,-40.343740452113906,0.021702996360791198,0.017942907193522418
fall-29-cam0-rgb,fall,69,340778,0.4944126605987549,0.7008118331432343,0.4752208888530731,0.6730996072292328,-34.7040759591048,0.045365989208221436,0.030167460441589355,0.01519852876663208,0.555432140827179,0.8575684428215027,0.4936171498714067,0.7022540197227932,-67.8144987325485,0.03200305759003669,0.031399784801584285
fall-29-cam0-rgb,fall,71,340844,0.4767308086156845,0.7000958323478699,0.46300654113292694,0.7139268815517426,-135.2220301582277,0.11392441391944885,0.04867084324359894,0.06525357067584991,0.5000061392784119,0.8385423223177592,0.47968916468548006,0.7056627493916126,-102.124948952002,0.044871995214259996,0.04851115174365766
